t_ms,t_rel_ms_global,t_rel_ms_truth,host_time_iso,true_distance_cm,measured_dist_cm,dist_lp_cm
602863,0,0.0,2025-09-21T11:48:26.510,10.0,10.856,10.856
602963,100,100.0,2025-09-21T11:48:26.610,10.0,10.856,10.856
603063,200,200.0,2025-09-21T11:48:26.710,10.0,10.856,10.856
603163,300,300.0,2025-09-21T11:48:26.810,10.0,10.856,10.856
603263,400,400.0,2025-09-21T11:48:26.909,10.0,10.856,10.856
603363,500,500.0,2025-09-21T11:48:27.010,10.0,10.907,10.86875
603463,600,600.0,2025-09-21T11:48:27.110,10.0,10.89,10.8740625
603563,700,700.0,2025-09-21T11:48:27.210,10.0,10.89,10.878046875
603663,800,800.0,2025-09-21T11:48:27.309,10.0,10.89,10.88103515625
603763,900,900.0,2025-09-21T11:48:27.410,10.0,10.89,10.8832763671875
603863,1000,1000.0,2025-09-21T11:48:27.510,10.0,10.89,10.884957275390626
603963,1100,1100.0,2025-09-21T11:48:27.610,10.0,10.89,10.88621795654297
604063,1200,1200.0,2025-09-21T11:48:27.710,10.0,10.907,10.891413467407228
604163,1300,1300.0,2025-09-21T11:48:27.810,10.0,10.907,10.89531010055542
604263,1400,1400.0,2025-09-21T11:48:27.910,10.0,10.907,10.898232575416564
604363,1500,1500.0,2025-09-21T11:48:28.010,10.0,10.89,10.896174431562423
604463,1600,1600.0,2025-09-21T11:48:28.110,10.0,10.907,10.898880823671817
604563,1700,1700.0,2025-09-21T11:48:28.210,10.0,10.89,10.896660617753863
604663,1800,1800.0,2025-09-21T11:48:28.310,10.0,10.907,10.899245463315397
604763,1900,1900.0,2025-09-21T11:48:28.410,10.0,10.907,10.901184097486547
604863,2000,2000.0,2025-09-21T11:48:28.510,10.0,10.907,10.902638073114911
604963,2100,2100.0,2025-09-21T11:48:28.609,10.0,10.479,10.796728554836182
605063,2200,2200.0,2025-09-21T11:48:28.710,10.0,10.89,10.820046416127138
605163,2300,2300.0,2025-09-21T11:48:28.810,10.0,10.89,10.837534812095353
605263,2400,2400.0,2025-09-21T11:48:28.910,10.0,10.89,10.850651109071514
605363,2500,2500.0,2025-09-21T11:48:29.010,10.0,10.907,10.864738331803636
605463,2600,2600.0,2025-09-21T11:48:29.109,10.0,10.907,10.875303748852726
605563,2700,2700.0,2025-09-21T11:48:29.210,10.0,10.907,10.883227811639545
605663,2800,2800.0,2025-09-21T11:48:29.310,10.0,10.907,10.889170858729658
605763,2900,2900.0,2025-09-21T11:48:29.410,10.0,10.856,10.880878144047244
605863,3000,3000.0,2025-09-21T11:48:29.510,10.0,10.856,10.874658608035434
605963,3100,3100.0,2025-09-21T11:48:29.610,10.0,10.856,10.869993956026576
606063,3200,3200.0,2025-09-21T11:48:29.710,10.0,10.907,10.879245467019931
606163,3300,3300.0,2025-09-21T11:48:29.810,10.0,10.907,10.886184100264948
606263,3400,3400.0,2025-09-21T11:48:29.910,10.0,10.907,10.891388075198712
606363,3500,3500.0,2025-09-21T11:48:30.009,10.0,10.907,10.895291056399035
606463,3600,3600.0,2025-09-21T11:48:30.110,10.0,10.479,10.791218292299277
606563,3700,3700.0,2025-09-21T11:48:30.209,10.0,10.856,10.807413719224458
606663,3800,3800.0,2025-09-21T11:48:30.310,10.0,10.856,10.819560289418344
606763,3900,3900.0,2025-09-21T11:48:30.410,10.0,10.856,10.828670217063758
606863,4000,4000.0,2025-09-21T11:48:30.510,10.0,10.856,10.835502662797818
606963,4100,4100.0,2025-09-21T11:48:30.610,10.0,10.856,10.840626997098363
607063,4200,4200.0,2025-09-21T11:48:30.709,10.0,10.856,10.844470247823772
607163,4300,4300.0,2025-09-21T11:48:30.810,10.0,10.856,10.847352685867829
607263,4400,4400.0,2025-09-21T11:48:30.910,10.0,10.856,10.849514514400871
607363,4500,4500.0,2025-09-21T11:48:31.010,10.0,10.856,10.851135885800653
607463,4600,4600.0,2025-09-21T11:48:31.110,10.0,10.856,10.85235191435049
607563,4700,4700.0,2025-09-21T11:48:31.210,10.0,10.856,10.853263935762866
607663,4800,4800.0,2025-09-21T11:48:31.310,10.0,10.856,10.85394795182215
607763,4900,4900.0,2025-09-21T11:48:31.410,10.0,10.856,10.854460963866613
607863,5000,5000.0,2025-09-21T11:48:31.510,10.0,10.856,10.85484572289996
607963,5100,5100.0,2025-09-21T11:48:31.610,10.0,10.856,10.85513429217497
608063,5200,5200.0,2025-09-21T11:48:31.710,10.0,10.856,10.855350719131227
608163,5300,5300.0,2025-09-21T11:48:31.810,10.0,10.856,10.85551303934842
608263,5400,5400.0,2025-09-21T11:48:31.910,10.0,10.856,10.855634779511314
608363,5500,5500.0,2025-09-21T11:48:32.010,10.0,10.907,10.868476084633485
608463,5600,5600.0,2025-09-21T11:48:32.109,10.0,10.907,10.878107063475113
608563,5700,5700.0,2025-09-21T11:48:32.210,10.0,10.907,10.885330297606334
608663,5800,5800.0,2025-09-21T11:48:32.310,10.0,10.856,10.87799772320475
608763,5900,5900.0,2025-09-21T11:48:32.410,10.0,10.856,10.872498292403563
608863,6000,6000.0,2025-09-21T11:48:32.510,10.0,10.856,10.868373719302673
608963,6100,6100.0,2025-09-21T11:48:32.610,10.0,10.856,10.865280289477004
609063,6200,6200.0,2025-09-21T11:48:32.709,10.0,10.856,10.862960217107753
609163,6300,6300.0,2025-09-21T11:48:32.809,10.0,10.856,10.861220162830815
609263,6400,6400.0,2025-09-21T11:48:32.910,10.0,10.856,10.85991512212311
609363,6500,6500.0,2025-09-21T11:48:33.010,10.0,10.856,10.858936341592333
609463,6600,6600.0,2025-09-21T11:48:33.110,10.0,10.856,10.85820225619425
609563,6700,6700.0,2025-09-21T11:48:33.209,10.0,10.856,10.857651692145687
609663,6800,6800.0,2025-09-21T11:48:33.310,10.0,10.856,10.857238769109266
609763,6900,6900.0,2025-09-21T11:48:33.410,10.0,10.856,10.85692907683195
609863,7000,7000.0,2025-09-21T11:48:33.509,10.0,10.856,10.856696807623962
609963,7100,7100.0,2025-09-21T11:48:33.609,10.0,10.856,10.856522605717972
610063,7200,7200.0,2025-09-21T11:48:33.710,10.0,10.856,10.85639195428848
610163,7300,7300.0,2025-09-21T11:48:33.810,10.0,10.856,10.85629396571636
610263,7400,7400.0,2025-09-21T11:48:33.909,10.0,10.856,10.85622047428727
610363,7500,7500.0,2025-09-21T11:48:34.010,10.0,10.856,10.856165355715452
610463,7600,7600.0,2025-09-21T11:48:34.110,10.0,10.856,10.85612401678659
610563,7700,7700.0,2025-09-21T11:48:34.210,10.0,10.856,10.856093012589941
610663,7800,7800.0,2025-09-21T11:48:34.310,10.0,10.856,10.856069759442455
610763,7900,7900.0,2025-09-21T11:48:34.410,10.0,10.89,10.864552319581842
610863,8000,8000.0,2025-09-21T11:48:34.510,10.0,10.839,10.858164239686381
610963,8100,8100.0,2025-09-21T11:48:34.610,10.0,10.839,10.853373179764786
611063,8200,8200.0,2025-09-21T11:48:34.709,10.0,10.839,10.84977988482359
611163,8300,8300.0,2025-09-21T11:48:34.810,10.0,10.89,10.859834913617693
611263,8400,8400.0,2025-09-21T11:48:34.910,10.0,10.89,10.86737618521327
611363,8500,8500.0,2025-09-21T11:48:35.010,10.0,10.89,10.873032138909952
611463,8600,8600.0,2025-09-21T11:48:35.109,10.0,10.89,10.877274104182465
611563,8700,8700.0,2025-09-21T11:48:35.209,10.0,10.89,10.88045557813685
611663,8800,8800.0,2025-09-21T11:48:35.309,10.0,10.89,10.882841683602638
611763,8900,8900.0,2025-09-21T11:48:35.409,10.0,10.89,10.88463126270198
611863,9000,9000.0,2025-09-21T11:48:35.510,10.0,10.839,10.873223447026485
611963,9100,9100.0,2025-09-21T11:48:35.610,10.0,10.839,10.864667585269864
612063,9200,9200.0,2025-09-21T11:48:35.710,10.0,10.839,10.858250688952397
612163,9300,9300.0,2025-09-21T11:48:35.810,10.0,10.856,10.857688016714299
612263,9400,9400.0,2025-09-21T11:48:35.910,10.0,10.856,10.857266012535725
612363,9500,9500.0,2025-09-21T11:48:36.010,10.0,10.856,10.856949509401794
612463,9600,9600.0,2025-09-21T11:48:36.110,10.0,10.839,10.852462132051345
612563,9700,9700.0,2025-09-21T11:48:36.210,10.0,10.839,10.849096599038509
612663,9800,9800.0,2025-09-21T11:48:36.310,10.0,11.25,10.949322449278881
612763,9900,9900.0,2025-09-21T11:48:36.410,10.0,11.25,11.024491836959161
612863,10000,10000.0,2025-09-21T11:48:36.510,10.0,11.25,11.080868877719372
612963,10100,10100.0,2025-09-21T11:48:36.609,10.0,11.25,11.12315165828953
613063,10200,10200.0,2025-09-21T11:48:36.710,10.0,11.25,11.154863743717147
613163,10300,10300.0,2025-09-21T11:48:36.810,10.0,11.25,11.178647807787861
613263,10400,10400.0,2025-09-21T11:48:36.910,10.0,11.233,11.192235855840895
613363,10500,10500.0,2025-09-21T11:48:37.009,10.0,11.25,11.206676891880672
613463,10600,10600.0,2025-09-21T11:48:37.110,10.0,11.25,11.217507668910503
613563,10700,10700.0,2025-09-21T11:48:37.209,10.0,11.25,11.225630751682878
613663,10800,10800.0,2025-09-21T11:48:37.310,10.0,11.25,11.231723063762159
613763,10900,10900.0,2025-09-21T11:48:37.410,10.0,11.25,11.236292297821619
613863,11000,11000.0,2025-09-21T11:48:37.509,10.0,11.25,11.239719223366214
613963,11100,11100.0,2025-09-21T11:48:37.610,10.0,11.25,11.24228941752466
614063,11200,11200.0,2025-09-21T11:48:37.710,10.0,11.25,11.244217063143495
614163,11300,11300.0,2025-09-21T11:48:37.810,10.0,10.89,11.155662797357621
614263,11400,11400.0,2025-09-21T11:48:37.910,10.0,10.873,11.084997098018215
614363,11500,11500.0,2025-09-21T11:48:38.010,10.0,10.873,11.031997823513661
614463,11600,11600.0,2025-09-21T11:48:38.110,10.0,10.89,10.996498367635246
614563,11700,11700.0,2025-09-21T11:48:38.210,10.0,10.873,10.965623775726435
614663,11800,11800.0,2025-09-21T11:48:38.310,10.0,10.873,10.942467831794826
614763,11900,11900.0,2025-09-21T11:48:38.409,10.0,10.873,10.92510087384612
614863,12000,12000.0,2025-09-21T11:48:38.510,10.0,10.89,10.91632565538459
614963,12100,12100.0,2025-09-21T11:48:38.610,10.0,11.25,10.999744241538442
615063,12200,12200.0,2025-09-21T11:48:38.710,10.0,10.839,10.959558181153831
615163,12300,12300.0,2025-09-21T11:48:38.809,10.0,10.839,10.929418635865373
615263,12400,12400.0,2025-09-21T11:48:38.910,10.0,10.839,10.90681397689903
615363,12500,12500.0,2025-09-21T11:48:39.010,10.0,10.839,10.889860482674273
615463,12600,12600.0,2025-09-21T11:48:39.110,10.0,11.25,10.979895362005704
615563,12700,12700.0,2025-09-21T11:48:39.210,10.0,11.25,11.047421521504278
615663,12800,12800.0,2025-09-21T11:48:39.310,10.0,11.25,11.098066141128209
615763,12900,12900.0,2025-09-21T11:48:39.409,10.0,10.839,11.033299605846157
615863,13000,13000.0,2025-09-21T11:48:39.509,10.0,10.839,10.984724704384618
615963,13100,13100.0,2025-09-21T11:48:39.610,10.0,10.839,10.948293528288463
616063,13200,13200.0,2025-09-21T11:48:39.709,10.0,10.839,10.920970146216348
616163,13300,13300.0,2025-09-21T11:48:39.810,10.0,10.856,10.904727609662261
616263,13400,13400.0,2025-09-21T11:48:39.910,10.0,10.856,10.892545707246697
616363,13500,13500.0,2025-09-21T11:48:40.010,10.0,10.856,10.883409280435023
616463,13600,13600.0,2025-09-21T11:48:40.110,10.0,10.856,10.876556960326267
616563,13700,13700.0,2025-09-21T11:48:40.209,10.0,10.856,10.8714177202447
616663,13800,13800.0,2025-09-21T11:48:40.310,10.0,10.856,10.867563290183526
616763,13900,13900.0,2025-09-21T11:48:40.409,10.0,10.856,10.864672467637645
616863,14000,14000.0,2025-09-21T11:48:40.510,10.0,10.856,10.862504350728234
616963,14100,14100.0,2025-09-21T11:48:40.610,10.0,10.856,10.860878263046175
617063,14200,14200.0,2025-09-21T11:48:40.710,10.0,10.856,10.859658697284631
617163,14300,14300.0,2025-09-21T11:48:40.810,10.0,10.856,10.858744022963474
617263,14400,14400.0,2025-09-21T11:48:40.910,10.0,10.856,10.858058017222605
617363,14500,14500.0,2025-09-21T11:48:41.010,10.0,10.856,10.857543512916955
617463,14600,14600.0,2025-09-21T11:48:41.109,10.0,11.268,10.960157634687716
617563,14700,14700.0,2025-09-21T11:48:41.210,10.0,11.285,11.041368226015788
617663,14800,14800.0,2025-09-21T11:48:41.310,10.0,11.268,11.09802616951184
617763,14900,14900.0,2025-09-21T11:48:41.410,10.0,10.856,11.03751962713388
617863,15000,15000.0,2025-09-21T11:48:41.509,10.0,11.268,11.09513972035041
617963,15100,15100.0,2025-09-21T11:48:41.609,10.0,11.268,11.138354790262808
618063,15200,15200.0,2025-09-21T11:48:41.710,10.0,10.856,11.067766092697106
618163,15300,15300.0,2025-09-21T11:48:41.810,10.0,10.856,11.01482456952283
618263,15400,15400.0,2025-09-21T11:48:41.909,10.0,10.856,10.975118427142123
618363,15500,15500.0,2025-09-21T11:48:42.009,10.0,10.856,10.945338820356593
618463,15600,15600.0,2025-09-21T11:48:42.110,10.0,10.856,10.923004115267444
618563,15700,15700.0,2025-09-21T11:48:42.210,10.0,10.856,10.906253086450583
618663,15800,15800.0,2025-09-21T11:48:42.310,10.0,10.856,10.893689814837938
618763,15900,15900.0,2025-09-21T11:48:42.410,10.0,10.856,10.884267361128453
618863,16000,16000.0,2025-09-21T11:48:42.510,10.0,10.856,10.87720052084634
618963,16100,16100.0,2025-09-21T11:48:42.609,10.0,10.856,10.871900390634755
619063,16200,16200.0,2025-09-21T11:48:42.709,10.0,10.856,10.867925292976066
619163,16300,16300.0,2025-09-21T11:48:42.810,10.0,10.856,10.86494396973205
619263,16400,16400.0,2025-09-21T11:48:42.909,10.0,10.856,10.862707977299037
619363,16500,16500.0,2025-09-21T11:48:43.010,10.0,10.856,10.861030982974277
619463,16600,16600.0,2025-09-21T11:48:43.110,10.0,10.856,10.859773237230709
619563,16700,16700.0,2025-09-21T11:48:43.210,10.0,10.856,10.858829927923031
619663,16800,16800.0,2025-09-21T11:48:43.309,10.0,10.856,10.858122445942273
619763,16900,16900.0,2025-09-21T11:48:43.410,10.0,10.856,10.857591834456706
619863,17000,17000.0,2025-09-21T11:48:43.510,10.0,10.856,10.85719387584253
619963,17100,17100.0,2025-09-21T11:48:43.610,10.0,10.856,10.856895406881897
620063,17200,17200.0,2025-09-21T11:48:43.709,10.0,10.856,10.856671555161423
620163,17300,17300.0,2025-09-21T11:48:43.809,10.0,10.856,10.856503666371067
620263,17400,17400.0,2025-09-21T11:48:43.910,10.0,10.856,10.8563777497783
620363,17500,17500.0,2025-09-21T11:48:44.010,10.0,10.856,10.856283312333725
620463,17600,17600.0,2025-09-21T11:48:44.109,10.0,10.856,10.856212484250293
620563,17700,17700.0,2025-09-21T11:48:44.210,10.0,10.856,10.85615936318772
620663,17800,17800.0,2025-09-21T11:48:44.309,10.0,10.856,10.85611952239079
620763,17900,17900.0,2025-09-21T11:48:44.410,10.0,10.856,10.856089641793092
620863,18000,18000.0,2025-09-21T11:48:44.510,10.0,10.856,10.85606723134482
620963,18100,18100.0,2025-09-21T11:48:44.609,10.0,10.856,10.856050423508615
621063,18200,18200.0,2025-09-21T11:48:44.710,10.0,10.856,10.85603781763146
621163,18300,18300.0,2025-09-21T11:48:44.810,10.0,10.856,10.856028363223595
621263,18400,18400.0,2025-09-21T11:48:44.909,10.0,10.856,10.856021272417696
621363,18500,18500.0,2025-09-21T11:48:45.009,10.0,10.856,10.856015954313271
621463,18600,18600.0,2025-09-21T11:48:45.109,10.0,10.856,10.856011965734954
621563,18700,18700.0,2025-09-21T11:48:45.209,10.0,10.856,10.856008974301215
621663,18800,18800.0,2025-09-21T11:48:45.310,10.0,10.856,10.85600673072591
621763,18900,18900.0,2025-09-21T11:48:45.410,10.0,10.856,10.856005048044434
621863,19000,19000.0,2025-09-21T11:48:45.510,10.0,10.856,10.856003786033325
621963,19100,19100.0,2025-09-21T11:48:45.609,10.0,10.856,10.856002839524994
622063,19200,19200.0,2025-09-21T11:48:45.709,10.0,10.856,10.856002129643745
622163,19300,19300.0,2025-09-21T11:48:45.809,10.0,10.856,10.856001597232808
622263,19400,19400.0,2025-09-21T11:48:45.909,10.0,10.856,10.856001197924606
622363,19500,19500.0,2025-09-21T11:48:46.009,10.0,10.856,10.856000898443455
622463,19600,19600.0,2025-09-21T11:48:46.109,10.0,10.856,10.856000673832591
622563,19700,19700.0,2025-09-21T11:48:46.209,10.0,10.856,10.856000505374443
622663,19800,19800.0,2025-09-21T11:48:46.310,10.0,10.856,10.856000379030831
622763,19900,19900.0,2025-09-21T11:48:46.409,10.0,10.856,10.856000284273124
622863,20000,20000.0,2025-09-21T11:48:46.510,10.0,10.856,10.856000213204844
622963,20100,20100.0,2025-09-21T11:48:46.609,10.0,10.856,10.856000159903633
623063,20200,20200.0,2025-09-21T11:48:46.710,10.0,10.856,10.856000119927725
623163,20300,20300.0,2025-09-21T11:48:46.809,10.0,10.856,10.856000089945793
623263,20400,20400.0,2025-09-21T11:48:46.909,10.0,10.856,10.856000067459345
623363,20500,20500.0,2025-09-21T11:48:47.010,10.0,10.856,10.856000050594508
623463,20600,20600.0,2025-09-21T11:48:47.110,10.0,10.856,10.856000037945881
623563,20700,20700.0,2025-09-21T11:48:47.210,10.0,10.856,10.85600002845941
623663,20800,20800.0,2025-09-21T11:48:47.309,10.0,10.856,10.856000021344558
623763,20900,20900.0,2025-09-21T11:48:47.409,10.0,10.856,10.85600001600842
623863,21000,21000.0,2025-09-21T11:48:47.510,10.0,10.856,10.856000012006314
623963,21100,21100.0,2025-09-21T11:48:47.610,10.0,10.856,10.856000009004735
624063,21200,21200.0,2025-09-21T11:48:47.709,10.0,10.856,10.85600000675355
624163,21300,21300.0,2025-09-21T11:48:47.810,10.0,10.856,10.856000005065162
624263,21400,21400.0,2025-09-21T11:48:47.910,10.0,11.285,10.963250003798873
624363,21500,21500.0,2025-09-21T11:48:48.010,10.0,11.233,11.030687502849155
624463,21600,21600.0,2025-09-21T11:48:48.110,10.0,11.285,11.094265627136867
624563,21700,21700.0,2025-09-21T11:48:48.209,10.0,11.233,11.12894922035265
624663,21800,21800.0,2025-09-21T11:48:48.309,10.0,11.216,11.150711915264488
624763,21900,21900.0,2025-09-21T11:48:48.409,10.0,11.233,11.171283936448365
624863,22000,22000.0,2025-09-21T11:48:48.510,10.0,11.233,11.186712952336274
624963,22100,22100.0,2025-09-21T11:48:48.610,10.0,11.233,11.198284714252205
625063,22200,22200.0,2025-09-21T11:48:48.709,10.0,11.233,11.206963535689153
625163,22300,22300.0,2025-09-21T11:48:48.809,10.0,11.233,11.213472651766866
625263,22400,22400.0,2025-09-21T11:48:48.909,10.0,11.233,11.218354488825149
625363,22500,22500.0,2025-09-21T11:48:49.009,10.0,11.233,11.222015866618861
625463,22600,22600.0,2025-09-21T11:48:49.109,10.0,11.233,11.224761899964147
625563,22700,22700.0,2025-09-21T11:48:49.210,10.0,11.233,11.22682142497311
625663,22800,22800.0,2025-09-21T11:48:49.309,10.0,11.233,11.228366068729834
625763,22900,22900.0,2025-09-21T11:48:49.409,10.0,11.233,11.229524551547375
625863,23000,23000.0,2025-09-21T11:48:49.509,10.0,11.233,11.230393413660531
625963,23100,23100.0,2025-09-21T11:48:49.610,10.0,11.645,11.334045060245398
626063,23200,23200.0,2025-09-21T11:48:49.709,10.0,11.645,11.411783795184048
626163,23300,23300.0,2025-09-21T11:48:49.809,10.0,11.645,11.470087846388036
626263,23400,23400.0,2025-09-21T11:48:49.910,10.0,11.645,11.513815884791027
626363,23500,23500.0,2025-09-21T11:48:50.009,10.0,11.233,11.443611913593271
626463,23600,23600.0,2025-09-21T11:48:50.109,10.0,11.233,11.390958935194954
626563,23700,23700.0,2025-09-21T11:48:50.210,10.0,11.233,11.351469201396215
626663,23800,23800.0,2025-09-21T11:48:50.309,10.0,11.593,11.41185190104716
626763,23900,23900.0,2025-09-21T11:48:50.409,10.0,11.593,11.45713892578537
626863,24000,24000.0,2025-09-21T11:48:50.509,10.0,11.593,11.491104194339028
626963,24100,24100.0,2025-09-21T11:48:50.610,10.0,11.593,11.516578145754272
627063,24200,24200.0,2025-09-21T11:48:50.710,10.0,11.593,11.535683609315704
627163,24300,24300.0,2025-09-21T11:48:50.810,10.0,11.645,11.563012706986779
627263,24400,24400.0,2025-09-21T11:48:50.910,10.0,11.593,11.570509530240084
627363,24500,24500.0,2025-09-21T11:48:51.009,10.0,11.645,11.589132147680063
627463,24600,24600.0,2025-09-21T11:48:51.109,10.0,11.645,11.603099110760047
627563,24700,24700.0,2025-09-21T11:48:51.209,10.0,11.645,11.613574333070035
627663,24800,24800.0,2025-09-21T11:48:51.309,10.0,11.645,11.621430749802526
627763,24900,24900.0,2025-09-21T11:48:51.409,10.0,11.645,11.627323062351895
627863,25000,25000.0,2025-09-21T11:48:51.509,10.0,11.645,11.631742296763921
627963,25100,25100.0,2025-09-21T11:48:51.609,10.0,11.593,11.62205672257294
628063,25200,25200.0,2025-09-21T11:48:51.710,10.0,11.593,11.614792541929706
628163,25300,25300.0,2025-09-21T11:48:51.809,10.0,11.593,11.60934440644728
628263,25400,25400.0,2025-09-21T11:48:51.910,10.0,11.593,11.60525830483546
628363,25500,25500.0,2025-09-21T11:48:52.009,10.0,11.593,11.602193728626595
628463,25600,25600.0,2025-09-21T11:48:52.109,10.0,11.593,11.599895296469946
628563,25700,25700.0,2025-09-21T11:48:52.209,10.0,11.593,11.598171472352458
628663,25800,25800.0,2025-09-21T11:48:52.310,10.0,11.593,11.596878604264344
628763,25900,25900.0,2025-09-21T11:48:52.410,10.0,11.593,11.595908953198258
628863,26000,26000.0,2025-09-21T11:48:52.509,10.0,11.593,11.595181714898693
628963,26100,26100.0,2025-09-21T11:48:52.609,10.0,11.593,11.594636286174019
629063,26200,26200.0,2025-09-21T11:48:52.709,10.0,11.593,11.594227214630514
629163,26300,26300.0,2025-09-21T11:48:52.810,10.0,11.593,11.593920410972885
629263,26400,26400.0,2025-09-21T11:48:52.909,10.0,11.593,11.593690308229665
629363,26500,26500.0,2025-09-21T11:48:53.009,10.0,11.593,11.593517731172248
629463,26600,26600.0,2025-09-21T11:48:53.109,10.0,11.593,11.593388298379185
629563,26700,26700.0,2025-09-21T11:48:53.209,10.0,11.593,11.593291223784389
629663,26800,26800.0,2025-09-21T11:48:53.309,10.0,11.593,11.593218417838292
629763,26900,26900.0,2025-09-21T11:48:53.409,10.0,11.593,11.59316381337872
629863,27000,27000.0,2025-09-21T11:48:53.509,10.0,11.593,11.59312286003404
629963,27100,27100.0,2025-09-21T11:48:53.609,10.0,11.593,11.59309214502553
630063,27200,27200.0,2025-09-21T11:48:53.709,10.0,11.593,11.593069108769146
630163,27300,27300.0,2025-09-21T11:48:53.810,10.0,11.593,11.59305183157686
630263,27400,27400.0,2025-09-21T11:48:53.910,10.0,11.593,11.593038873682644
630363,27500,27500.0,2025-09-21T11:48:54.009,10.0,11.542,11.580279155261984
630463,27600,27600.0,2025-09-21T11:48:54.109,10.0,11.542,11.570709366446488
630563,27700,27700.0,2025-09-21T11:48:54.209,10.0,11.542,11.563532024834867
630663,27800,27800.0,2025-09-21T11:48:54.309,10.0,11.542,11.55814901862615
630763,27900,27900.0,2025-09-21T11:48:54.409,10.0,11.542,11.554111763969612
630863,28000,28000.0,2025-09-21T11:48:54.509,10.0,11.542,11.551083822977208
630963,28100,28100.0,2025-09-21T11:48:54.608,10.0,11.542,11.548812867232906
631063,28200,28200.0,2025-09-21T11:48:54.710,10.0,11.542,11.54710965042468
631163,28300,28300.0,2025-09-21T11:48:54.809,10.0,11.542,11.54583223781851
631263,28400,28400.0,2025-09-21T11:48:54.910,10.0,11.542,11.544874178363884
631363,28500,28500.0,2025-09-21T11:48:55.009,10.0,11.542,11.544155633772913
631463,28600,28600.0,2025-09-21T11:48:55.109,10.0,11.542,11.543616725329684
631563,28700,28700.0,2025-09-21T11:48:55.209,10.0,11.542,11.543212543997264
631663,28800,28800.0,2025-09-21T11:48:55.309,10.0,11.542,11.542909407997948
631763,28900,28900.0,2025-09-21T11:48:55.409,10.0,11.542,11.542682055998462
656463,53600,0.0,2025-09-21T11:49:20.110,20.0,20.494,13.780511541998846
656563,53700,100.0,2025-09-21T11:49:20.210,20.0,20.494,15.458883656499134
656663,53800,200.0,2025-09-21T11:49:20.310,20.0,20.494,16.71766274237435
656763,53900,300.0,2025-09-21T11:49:20.410,20.0,20.494,17.66174705678076
656863,54000,400.0,2025-09-21T11:49:20.510,20.0,20.494,18.36981029258557
656963,54100,500.0,2025-09-21T11:49:20.610,20.0,20.494,18.900857719439177
657063,54200,600.0,2025-09-21T11:49:20.710,20.0,20.494,19.299143289579384
657163,54300,700.0,2025-09-21T11:49:20.810,20.0,20.494,19.59785746718454
657263,54400,800.0,2025-09-21T11:49:20.910,20.0,20.494,19.821893100388404
657363,54500,900.0,2025-09-21T11:49:21.010,20.0,20.494,19.989919825291302
657463,54600,1000.0,2025-09-21T11:49:21.110,20.0,20.494,20.115939868968475
657563,54700,1100.0,2025-09-21T11:49:21.210,20.0,20.494,20.210454901726358
657663,54800,1200.0,2025-09-21T11:49:21.310,20.0,20.494,20.281341176294767
657763,54900,1300.0,2025-09-21T11:49:21.410,20.0,20.494,20.334505882221073
657863,55000,1400.0,2025-09-21T11:49:21.510,20.0,20.494,20.374379411665807
657963,55100,1500.0,2025-09-21T11:49:21.610,20.0,20.494,20.404284558749353
658063,55200,1600.0,2025-09-21T11:49:21.710,20.0,20.477,20.422463419062016
658163,55300,1700.0,2025-09-21T11:49:21.810,20.0,20.477,20.43609756429651
658263,55400,1800.0,2025-09-21T11:49:21.910,20.0,20.494,20.45057317322238
658363,55500,1900.0,2025-09-21T11:49:22.010,20.0,20.477,20.457179879916787
658463,55600,2000.0,2025-09-21T11:49:22.110,20.0,20.477,20.46213490993759
658563,55700,2100.0,2025-09-21T11:49:22.210,20.0,20.477,20.465851182453193
658663,55800,2200.0,2025-09-21T11:49:22.310,20.0,20.477,20.468638386839896
658763,55900,2300.0,2025-09-21T11:49:22.410,20.0,20.477,20.47072879012992
658863,56000,2400.0,2025-09-21T11:49:22.510,20.0,20.477,20.47229659259744
658963,56100,2500.0,2025-09-21T11:49:22.610,20.0,20.477,20.47347244444808
659063,56200,2600.0,2025-09-21T11:49:22.710,20.0,20.477,20.47435433333606
659163,56300,2700.0,2025-09-21T11:49:22.810,20.0,20.477,20.475015750002044
659263,56400,2800.0,2025-09-21T11:49:22.910,20.0,20.477,20.475511812501534
659363,56500,2900.0,2025-09-21T11:49:23.010,20.0,20.477,20.47588385937615
659463,56600,3000.0,2025-09-21T11:49:23.110,20.0,20.477,20.476162894532113
659563,56700,3100.0,2025-09-21T11:49:23.211,20.0,20.494,20.480622170899085
659663,56800,3200.0,2025-09-21T11:49:23.310,20.0,20.494,20.483966628174315
659763,56900,3300.0,2025-09-21T11:49:23.410,20.0,20.494,20.486474971130736
659863,57000,3400.0,2025-09-21T11:49:23.510,20.0,20.477,20.484106228348054
659963,57100,3500.0,2025-09-21T11:49:23.610,20.0,20.494,20.48657967126104
660063,57200,3600.0,2025-09-21T11:49:23.710,20.0,20.494,20.48843475344578
660163,57300,3700.0,2025-09-21T11:49:23.810,20.0,20.494,20.489826065084337
660263,57400,3800.0,2025-09-21T11:49:23.910,20.0,20.494,20.49086954881325
660363,57500,3900.0,2025-09-21T11:49:24.010,20.0,20.494,20.491652161609938
660463,57600,4000.0,2025-09-21T11:49:24.110,20.0,20.494,20.492239121207454
660563,57700,4100.0,2025-09-21T11:49:24.210,20.0,20.494,20.49267934090559
660663,57800,4200.0,2025-09-21T11:49:24.310,20.0,20.494,20.49300950567919
660763,57900,4300.0,2025-09-21T11:49:24.410,20.0,20.494,20.49325712925939
660863,58000,4400.0,2025-09-21T11:49:24.510,20.0,20.494,20.493442846944543
660963,58100,4500.0,2025-09-21T11:49:24.610,20.0,20.494,20.493582135208406
661063,58200,4600.0,2025-09-21T11:49:24.710,20.0,20.494,20.493686601406303
661163,58300,4700.0,2025-09-21T11:49:24.810,20.0,20.494,20.49376495105473
661263,58400,4800.0,2025-09-21T11:49:24.909,20.0,20.494,20.493823713291047
661363,58500,4900.0,2025-09-21T11:49:25.010,20.0,20.494,20.493867784968284
661463,58600,5000.0,2025-09-21T11:49:25.110,20.0,20.494,20.493900838726212
661563,58700,5100.0,2025-09-21T11:49:25.210,20.0,20.477,20.489675629044658
661663,58800,5200.0,2025-09-21T11:49:25.309,20.0,20.494,20.490756721783494
661763,58900,5300.0,2025-09-21T11:49:25.410,20.0,20.494,20.49156754133762
661863,59000,5400.0,2025-09-21T11:49:25.510,20.0,20.494,20.492175656003216
661963,59100,5500.0,2025-09-21T11:49:25.610,20.0,20.494,20.492631742002413
662063,59200,5600.0,2025-09-21T11:49:25.710,20.0,20.494,20.49297380650181
662163,59300,5700.0,2025-09-21T11:49:25.810,20.0,20.494,20.493230354876356
662263,59400,5800.0,2025-09-21T11:49:25.910,20.0,20.494,20.493422766157266
662363,59500,5900.0,2025-09-21T11:49:26.010,20.0,20.494,20.49356707461795
662463,59600,6000.0,2025-09-21T11:49:26.109,20.0,20.494,20.493675305963464
662563,59700,6100.0,2025-09-21T11:49:26.210,20.0,20.494,20.493756479472598
662663,59800,6200.0,2025-09-21T11:49:26.310,20.0,20.494,20.49381735960445
662763,59900,6300.0,2025-09-21T11:49:26.410,20.0,20.494,20.493863019703337
662863,60000,6400.0,2025-09-21T11:49:26.510,20.0,20.494,20.4938972647775
662963,60100,6500.0,2025-09-21T11:49:26.610,20.0,20.494,20.493922948583126
663063,60200,6600.0,2025-09-21T11:49:26.710,20.0,20.494,20.493942211437343
663163,60300,6700.0,2025-09-21T11:49:26.810,20.0,20.494,20.493956658578007
663263,60400,6800.0,2025-09-21T11:49:26.910,20.0,20.494,20.493967493933503
663363,60500,6900.0,2025-09-21T11:49:27.010,20.0,20.494,20.49397562045013
663463,60600,7000.0,2025-09-21T11:49:27.110,20.0,20.494,20.493981715337597
663563,60700,7100.0,2025-09-21T11:49:27.210,20.0,20.494,20.493986286503198
663663,60800,7200.0,2025-09-21T11:49:27.310,20.0,20.494,20.493989714877397
663763,60900,7300.0,2025-09-21T11:49:27.410,20.0,20.494,20.493992286158047
663863,61000,7400.0,2025-09-21T11:49:27.510,20.0,20.494,20.493994214618535
663963,61100,7500.0,2025-09-21T11:49:27.610,20.0,20.494,20.4939956609639
664063,61200,7600.0,2025-09-21T11:49:27.710,20.0,20.494,20.493996745722924
664163,61300,7700.0,2025-09-21T11:49:27.810,20.0,20.494,20.493997559292193
664263,61400,7800.0,2025-09-21T11:49:27.910,20.0,20.494,20.493998169469144
664363,61500,7900.0,2025-09-21T11:49:28.010,20.0,20.494,20.49399862710186
664463,61600,8000.0,2025-09-21T11:49:28.110,20.0,20.477,20.489748970326396
664563,61700,8100.0,2025-09-21T11:49:28.210,20.0,20.477,20.486561727744796
664663,61800,8200.0,2025-09-21T11:49:28.310,20.0,20.494,20.488421295808596
664763,61900,8300.0,2025-09-21T11:49:28.410,20.0,20.477,20.485565971856445
664863,62000,8400.0,2025-09-21T11:49:28.510,20.0,20.477,20.483424478892335
664963,62100,8500.0,2025-09-21T11:49:28.610,20.0,20.477,20.481818359169253
665063,62200,8600.0,2025-09-21T11:49:28.710,20.0,20.477,20.48061376937694
665163,62300,8700.0,2025-09-21T11:49:28.810,20.0,20.494,20.483960327032705
665263,62400,8800.0,2025-09-21T11:49:28.910,20.0,20.477,20.48222024527453
665363,62500,8900.0,2025-09-21T11:49:29.010,20.0,20.494,20.485165183955896
665463,62600,9000.0,2025-09-21T11:49:29.110,20.0,20.494,20.48737388796692
665563,62700,9100.0,2025-09-21T11:49:29.209,20.0,20.494,20.48903041597519
665663,62800,9200.0,2025-09-21T11:49:29.310,20.0,20.477,20.486022811981393
665763,62900,9300.0,2025-09-21T11:49:29.410,20.0,20.494,20.488017108986043
665863,63000,9400.0,2025-09-21T11:49:29.509,20.0,20.477,20.485262831739533
665963,63100,9500.0,2025-09-21T11:49:29.610,20.0,20.477,20.48319712380465
666063,63200,9600.0,2025-09-21T11:49:29.710,20.0,20.477,20.481647842853487
666163,63300,9700.0,2025-09-21T11:49:29.810,20.0,20.494,20.484735882140114
666263,63400,9800.0,2025-09-21T11:49:29.910,20.0,20.494,20.487051911605086
666363,63500,9900.0,2025-09-21T11:49:30.010,20.0,20.477,20.484538933703814
666463,63600,10000.0,2025-09-21T11:49:30.110,20.0,20.477,20.48265420027786
666563,63700,10100.0,2025-09-21T11:49:30.210,20.0,20.494,20.485490650208394
666663,63800,10200.0,2025-09-21T11:49:30.310,20.0,20.477,20.483367987656294
666763,63900,10300.0,2025-09-21T11:49:30.410,20.0,20.494,20.48602599074222
666863,64000,10400.0,2025-09-21T11:49:30.509,20.0,20.494,20.488019493056665
666963,64100,10500.0,2025-09-21T11:49:30.609,20.0,20.477,20.4852646197925
667063,64200,10600.0,2025-09-21T11:49:30.710,20.0,20.477,20.483198464844374
667163,64300,10700.0,2025-09-21T11:49:30.810,20.0,20.477,20.48164884863328
667263,64400,10800.0,2025-09-21T11:49:30.909,20.0,20.477,20.48048663647496
667363,64500,10900.0,2025-09-21T11:49:31.009,20.0,20.477,20.47961497735622
667463,64600,11000.0,2025-09-21T11:49:31.109,20.0,20.477,20.478961233017166
667563,64700,11100.0,2025-09-21T11:49:31.209,20.0,20.477,20.478470924762874
667663,64800,11200.0,2025-09-21T11:49:31.310,20.0,20.477,20.478103193572156
667763,64900,11300.0,2025-09-21T11:49:31.410,20.0,20.477,20.47782739517912
667863,65000,11400.0,2025-09-21T11:49:31.509,20.0,20.477,20.47762054638434
667963,65100,11500.0,2025-09-21T11:49:31.609,20.0,20.477,20.477465409788255
668063,65200,11600.0,2025-09-21T11:49:31.710,20.0,20.477,20.477349057341193
668163,65300,11700.0,2025-09-21T11:49:31.810,20.0,20.477,20.477261793005894
668263,65400,11800.0,2025-09-21T11:49:31.910,20.0,20.477,20.47719634475442
668363,65500,11900.0,2025-09-21T11:49:32.009,20.0,20.477,20.477147258565815
668463,65600,12000.0,2025-09-21T11:49:32.110,20.0,20.494,20.48136044392436
668563,65700,12100.0,2025-09-21T11:49:32.210,20.0,20.494,20.48452033294327
668663,65800,12200.0,2025-09-21T11:49:32.310,20.0,20.477,20.48264024970745
668763,65900,12300.0,2025-09-21T11:49:32.409,20.0,20.494,20.485480187280587
668863,66000,12400.0,2025-09-21T11:49:32.510,20.0,20.494,20.48761014046044
668963,66100,12500.0,2025-09-21T11:49:32.609,20.0,20.494,20.489207605345328
669063,66200,12600.0,2025-09-21T11:49:32.710,20.0,20.494,20.490405704008996
669163,66300,12700.0,2025-09-21T11:49:32.810,20.0,20.494,20.491304278006748
669263,66400,12800.0,2025-09-21T11:49:32.910,20.0,20.494,20.49197820850506
669363,66500,12900.0,2025-09-21T11:49:33.010,20.0,20.494,20.492483656378795
669463,66600,13000.0,2025-09-21T11:49:33.110,20.0,20.494,20.492862742284096
669563,66700,13100.0,2025-09-21T11:49:33.210,20.0,20.443,20.480397056713073
669663,66800,13200.0,2025-09-21T11:49:33.310,20.0,20.494,20.483797792534805
669763,66900,13300.0,2025-09-21T11:49:33.410,20.0,20.494,20.486348344401105
669863,67000,13400.0,2025-09-21T11:49:33.510,20.0,20.494,20.488261258300827
669963,67100,13500.0,2025-09-21T11:49:33.610,20.0,20.494,20.48969594372562
670063,67200,13600.0,2025-09-21T11:49:33.709,20.0,20.494,20.490771957794216
682763,79900,0.0,2025-09-21T11:49:46.410,30.0,29.927,22.849828968345662
682863,80000,100.0,2025-09-21T11:49:46.510,30.0,29.927,24.619121726259245
682963,80100,200.0,2025-09-21T11:49:46.610,30.0,29.927,25.946091294694433
683063,80200,300.0,2025-09-21T11:49:46.709,30.0,29.927,26.941318471020825
683163,80300,400.0,2025-09-21T11:49:46.809,30.0,29.927,27.687738853265618
683263,80400,500.0,2025-09-21T11:49:46.910,30.0,29.927,28.247554139949212
683363,80500,600.0,2025-09-21T11:49:47.010,30.0,29.927,28.66741560496191
683463,80600,700.0,2025-09-21T11:49:47.110,30.0,29.927,28.982311703721432
683563,80700,800.0,2025-09-21T11:49:47.210,30.0,29.927,29.218483777791075
683663,80800,900.0,2025-09-21T11:49:47.310,30.0,29.927,29.395612833343307
683763,80900,1000.0,2025-09-21T11:49:47.409,30.0,29.91,29.52420962500748
683863,81000,1100.0,2025-09-21T11:49:47.510,30.0,29.927,29.62490721875561
683963,81100,1200.0,2025-09-21T11:49:47.609,30.0,29.875,29.687430414066707
684063,81200,1300.0,2025-09-21T11:49:47.710,30.0,29.858,29.73007281055003
684163,81300,1400.0,2025-09-21T11:49:47.810,30.0,29.858,29.762054607912525
684263,81400,1500.0,2025-09-21T11:49:47.910,30.0,29.858,29.786040955934393
684363,81500,1600.0,2025-09-21T11:49:48.009,30.0,29.858,29.804030716950795
684463,81600,1700.0,2025-09-21T11:49:48.109,30.0,29.91,29.830523037713096
684563,81700,1800.0,2025-09-21T11:49:48.210,30.0,29.927,29.85464227828482
684663,81800,1900.0,2025-09-21T11:49:48.310,30.0,29.927,29.872731708713616
684763,81900,2000.0,2025-09-21T11:49:48.410,30.0,29.91,29.88204878153521
684863,82000,2100.0,2025-09-21T11:49:48.510,30.0,29.91,29.88903658615141
684963,82100,2200.0,2025-09-21T11:49:48.609,30.0,29.91,29.894277439613557
685063,82200,2300.0,2025-09-21T11:49:48.710,30.0,29.91,29.898208079710166
685163,82300,2400.0,2025-09-21T11:49:48.810,30.0,29.91,29.901156059782625
685263,82400,2500.0,2025-09-21T11:49:48.910,30.0,29.91,29.90336704483697
685363,82500,2600.0,2025-09-21T11:49:49.009,30.0,29.91,29.905025283627726
685463,82600,2700.0,2025-09-21T11:49:49.110,30.0,29.91,29.906268962720794
685563,82700,2800.0,2025-09-21T11:49:49.209,30.0,29.91,29.907201722040597
685663,82800,2900.0,2025-09-21T11:49:49.310,30.0,29.91,29.907901291530447
685763,82900,3000.0,2025-09-21T11:49:49.409,30.0,29.91,29.908425968647833
685863,83000,3100.0,2025-09-21T11:49:49.510,30.0,29.91,29.908819476485874
685963,83100,3200.0,2025-09-21T11:49:49.609,30.0,29.91,29.909114607364405
686063,83200,3300.0,2025-09-21T11:49:49.710,30.0,29.91,29.909335955523304
686163,83300,3400.0,2025-09-21T11:49:49.810,30.0,29.91,29.909501966642477
686263,83400,3500.0,2025-09-21T11:49:49.909,30.0,29.91,29.909626474981856
686363,83500,3600.0,2025-09-21T11:49:50.009,30.0,29.91,29.909719856236393
686463,83600,3700.0,2025-09-21T11:49:50.110,30.0,29.858,29.896789892177296
686563,83700,3800.0,2025-09-21T11:49:50.209,30.0,29.858,29.887092419132973
686663,83800,3900.0,2025-09-21T11:49:50.309,30.0,29.858,29.87981931434973
686763,83900,4000.0,2025-09-21T11:49:50.410,30.0,29.858,29.8743644857623
686863,84000,4100.0,2025-09-21T11:49:50.510,30.0,29.858,29.870273364321726
686963,84100,4200.0,2025-09-21T11:49:50.610,30.0,29.858,29.867205023241294
687063,84200,4300.0,2025-09-21T11:49:50.710,30.0,29.858,29.86490376743097
687163,84300,4400.0,2025-09-21T11:49:50.810,30.0,29.858,29.863177825573228
687263,84400,4500.0,2025-09-21T11:49:50.910,30.0,29.858,29.86188336917992
687363,84500,4600.0,2025-09-21T11:49:51.010,30.0,29.858,29.860912526884942
687463,84600,4700.0,2025-09-21T11:49:51.110,30.0,29.858,29.860184395163706
687563,84700,4800.0,2025-09-21T11:49:51.210,30.0,29.858,29.85963829637278
687663,84800,4900.0,2025-09-21T11:49:51.310,30.0,29.858,29.859228722279585
687763,84900,5000.0,2025-09-21T11:49:51.409,30.0,29.858,29.85892154170969
687863,85000,5100.0,2025-09-21T11:49:51.510,30.0,29.858,29.85869115628227
687963,85100,5200.0,2025-09-21T11:49:51.610,30.0,29.858,29.8585183672117
688063,85200,5300.0,2025-09-21T11:49:51.710,30.0,29.858,29.858388775408777
688163,85300,5400.0,2025-09-21T11:49:51.810,30.0,29.858,29.858291581556582
688263,85400,5500.0,2025-09-21T11:49:51.910,30.0,29.858,29.858218686167437
688363,85500,5600.0,2025-09-21T11:49:52.009,30.0,29.858,29.85816401462558
688463,85600,5700.0,2025-09-21T11:49:52.109,30.0,29.858,29.858123010969184
688563,85700,5800.0,2025-09-21T11:49:52.210,30.0,29.858,29.85809225822689
688663,85800,5900.0,2025-09-21T11:49:52.309,30.0,29.858,29.85806919367017
688763,85900,6000.0,2025-09-21T11:49:52.409,30.0,29.858,29.858051895252625
688863,86000,6100.0,2025-09-21T11:49:52.510,30.0,29.858,29.85803892143947
688963,86100,6200.0,2025-09-21T11:49:52.609,30.0,29.875,29.8622791910796
689063,86200,6300.0,2025-09-21T11:49:52.710,30.0,29.858,29.8612093933097
689163,86300,6400.0,2025-09-21T11:49:52.809,30.0,29.858,29.860407044982274
689263,86400,6500.0,2025-09-21T11:49:52.910,30.0,29.858,29.859805283736705
689363,86500,6600.0,2025-09-21T11:49:53.010,30.0,29.875,29.86360396280253
689463,86600,6700.0,2025-09-21T11:49:53.110,30.0,29.875,29.866452972101897
689563,86700,6800.0,2025-09-21T11:49:53.210,30.0,29.858,29.864339729076423
689663,86800,6900.0,2025-09-21T11:49:53.310,30.0,29.858,29.862754796807316
689763,86900,7000.0,2025-09-21T11:49:53.410,30.0,29.858,29.861566097605486
689863,87000,7100.0,2025-09-21T11:49:53.509,30.0,29.875,29.864924573204114
689963,87100,7200.0,2025-09-21T11:49:53.610,30.0,29.875,29.867443429903084
690063,87200,7300.0,2025-09-21T11:49:53.709,30.0,29.858,29.865082572427312
690163,87300,7400.0,2025-09-21T11:49:53.810,30.0,29.858,29.863311929320485
690263,87400,7500.0,2025-09-21T11:49:53.910,30.0,29.858,29.861983946990364
690363,87500,7600.0,2025-09-21T11:49:54.010,30.0,29.858,29.860987960242774
690463,87600,7700.0,2025-09-21T11:49:54.110,30.0,29.858,29.86024097018208
690563,87700,7800.0,2025-09-21T11:49:54.210,30.0,29.875,29.86393072763656
690663,87800,7900.0,2025-09-21T11:49:54.310,30.0,29.858,29.86244804572742
690763,87900,8000.0,2025-09-21T11:49:54.410,30.0,29.875,29.865586034295564
690863,88000,8100.0,2025-09-21T11:49:54.510,30.0,29.858,29.863689525721675
690963,88100,8200.0,2025-09-21T11:49:54.610,30.0,29.875,29.866517144291258
691063,88200,8300.0,2025-09-21T11:49:54.709,30.0,29.858,29.864387858218443
691163,88300,8400.0,2025-09-21T11:49:54.810,30.0,29.875,29.867040893663834
691263,88400,8500.0,2025-09-21T11:49:54.910,30.0,29.875,29.869030670247874
691363,88500,8600.0,2025-09-21T11:49:55.010,30.0,29.875,29.870523002685907
691463,88600,8700.0,2025-09-21T11:49:55.110,30.0,29.858,29.86739225201443
691563,88700,8800.0,2025-09-21T11:49:55.210,30.0,29.875,29.869294189010823
691663,88800,8900.0,2025-09-21T11:49:55.310,30.0,29.858,29.866470641758116
691763,88900,9000.0,2025-09-21T11:49:55.410,30.0,29.858,29.86435298131859
691863,89000,9100.0,2025-09-21T11:49:55.510,30.0,29.858,29.862764735988943
691963,89100,9200.0,2025-09-21T11:49:55.610,30.0,29.875,29.865823551991706
692063,89200,9300.0,2025-09-21T11:49:55.710,30.0,29.875,29.86811766399378
692163,89300,9400.0,2025-09-21T11:49:55.809,30.0,29.875,29.869838247995332
692263,89400,9500.0,2025-09-21T11:49:55.910,30.0,29.858,29.8668786859965
692363,89500,9600.0,2025-09-21T11:49:56.010,30.0,29.875,29.868909014497376
692463,89600,9700.0,2025-09-21T11:49:56.110,30.0,29.858,29.866181760873033
692563,89700,9800.0,2025-09-21T11:49:56.210,30.0,29.875,29.868386320654775
692663,89800,9900.0,2025-09-21T11:49:56.310,30.0,29.875,29.87003974049108
692763,89900,10000.0,2025-09-21T11:49:56.409,30.0,29.875,29.87127980536831
692863,90000,10100.0,2025-09-21T11:49:56.510,30.0,29.858,29.867959854026232
692963,90100,10200.0,2025-09-21T11:49:56.610,30.0,29.858,29.865469890519673
693063,90200,10300.0,2025-09-21T11:49:56.710,30.0,29.858,29.863602417889755
693163,90300,10400.0,2025-09-21T11:49:56.809,30.0,29.875,29.866451813417317
693263,90400,10500.0,2025-09-21T11:49:56.909,30.0,29.875,29.86858886006299
693363,90500,10600.0,2025-09-21T11:49:57.010,30.0,29.858,29.865941645047243
693463,90600,10700.0,2025-09-21T11:49:57.109,30.0,29.875,29.868206233785433
693563,90700,10800.0,2025-09-21T11:49:57.210,30.0,29.858,29.865654675339073
693663,90800,10900.0,2025-09-21T11:49:57.309,30.0,29.875,29.867991006504305
693763,90900,11000.0,2025-09-21T11:49:57.410,30.0,29.875,29.86974325487823
693863,91000,11100.0,2025-09-21T11:49:57.509,30.0,29.875,29.871057441158673
693963,91100,11200.0,2025-09-21T11:49:57.610,30.0,29.875,29.872043080869005
694063,91200,11300.0,2025-09-21T11:49:57.710,30.0,29.858,29.868532310651755
694163,91300,11400.0,2025-09-21T11:49:57.810,30.0,29.858,29.865899232988816
694263,91400,11500.0,2025-09-21T11:49:57.910,30.0,29.858,29.86392442474161
694363,91500,11600.0,2025-09-21T11:49:58.010,30.0,29.858,29.86244331855621
694463,91600,11700.0,2025-09-21T11:49:58.109,30.0,29.858,29.861332488917157
694563,91700,11800.0,2025-09-21T11:49:58.209,30.0,29.858,29.86049936668787
694663,91800,11900.0,2025-09-21T11:49:58.309,30.0,29.858,29.8598745250159
694763,91900,12000.0,2025-09-21T11:49:58.409,30.0,29.858,29.859405893761924
694863,92000,12100.0,2025-09-21T11:49:58.510,30.0,29.875,29.86330442032144
694963,92100,12200.0,2025-09-21T11:49:58.610,30.0,29.875,29.86622831524108
695063,92200,12300.0,2025-09-21T11:49:58.710,30.0,29.858,29.86417123643081
695163,92300,12400.0,2025-09-21T11:49:58.810,30.0,29.875,29.86687842732311
695263,92400,12500.0,2025-09-21T11:49:58.910,30.0,29.875,29.86890882049233
695363,92500,12600.0,2025-09-21T11:49:59.009,30.0,29.875,29.87043161536925
695463,92600,12700.0,2025-09-21T11:49:59.109,30.0,29.858,29.867323711526936
695563,92700,12800.0,2025-09-21T11:49:59.210,30.0,29.875,29.869242783645202
695663,92800,12900.0,2025-09-21T11:49:59.309,30.0,29.858,29.8664320877339
695763,92900,13000.0,2025-09-21T11:49:59.410,30.0,29.875,29.868574065800427
695863,93000,13100.0,2025-09-21T11:49:59.509,30.0,29.875,29.87018054935032
695963,93100,13200.0,2025-09-21T11:49:59.610,30.0,29.875,29.87138541201274
696063,93200,13300.0,2025-09-21T11:49:59.710,30.0,29.875,29.872289059009553
696163,93300,13400.0,2025-09-21T11:49:59.809,30.0,29.875,29.872966794257167
696263,93400,13500.0,2025-09-21T11:49:59.909,30.0,29.875,29.873475095692875
696363,93500,13600.0,2025-09-21T11:50:00.010,30.0,29.875,29.873856321769658
696463,93600,13700.0,2025-09-21T11:50:00.109,30.0,29.858,29.869892241327243
696563,93700,13800.0,2025-09-21T11:50:00.209,30.0,29.875,29.87116918099543
696663,93800,13900.0,2025-09-21T11:50:00.310,30.0,29.875,29.872126885746574
696763,93900,14000.0,2025-09-21T11:50:00.410,30.0,29.875,29.87284516430993
696863,94000,14100.0,2025-09-21T11:50:00.509,30.0,29.875,29.87338387323245
696963,94100,14200.0,2025-09-21T11:50:00.610,30.0,29.875,29.873787904924335
697063,94200,14300.0,2025-09-21T11:50:00.709,30.0,29.875,29.87409092869325
697163,94300,14400.0,2025-09-21T11:50:00.809,30.0,29.875,29.874318196519937
697263,94400,14500.0,2025-09-21T11:50:00.909,30.0,29.875,29.874488647389953
697363,94500,14600.0,2025-09-21T11:50:01.010,30.0,29.875,29.874616485542465
697463,94600,14700.0,2025-09-21T11:50:01.110,30.0,29.875,29.87471236415685
697563,94700,14800.0,2025-09-21T11:50:01.209,30.0,29.875,29.874784273117637
697663,94800,14900.0,2025-09-21T11:50:01.309,30.0,29.875,29.874838204838227
697763,94900,15000.0,2025-09-21T11:50:01.410,30.0,29.875,29.87487865362867
697863,95000,15100.0,2025-09-21T11:50:01.509,30.0,29.875,29.874908990221503
697963,95100,15200.0,2025-09-21T11:50:01.609,30.0,29.875,29.874931742666128
698063,95200,15300.0,2025-09-21T11:50:01.710,30.0,29.875,29.874948806999598
698163,95300,15400.0,2025-09-21T11:50:01.809,30.0,29.875,29.8749616052497
698263,95400,15500.0,2025-09-21T11:50:01.910,30.0,29.875,29.874971203937275
698363,95500,15600.0,2025-09-21T11:50:02.010,30.0,29.875,29.874978402952955
698463,95600,15700.0,2025-09-21T11:50:02.109,30.0,29.875,29.874983802214715
698563,95700,15800.0,2025-09-21T11:50:02.210,30.0,29.875,29.874987851661036
698663,95800,15900.0,2025-09-21T11:50:02.309,30.0,29.875,29.874990888745778
698763,95900,16000.0,2025-09-21T11:50:02.409,30.0,29.875,29.874993166559335
698863,96000,16100.0,2025-09-21T11:50:02.509,30.0,29.875,29.8749948749195
698963,96100,16200.0,2025-09-21T11:50:02.610,30.0,29.875,29.874996156189624
699063,96200,16300.0,2025-09-21T11:50:02.709,30.0,29.875,29.874997117142218
699163,96300,16400.0,2025-09-21T11:50:02.810,30.0,29.875,29.874997837856665
699263,96400,16500.0,2025-09-21T11:50:02.909,30.0,29.875,29.874998378392498
699363,96500,16600.0,2025-09-21T11:50:03.010,30.0,29.875,29.874998783794375
699463,96600,16700.0,2025-09-21T11:50:03.110,30.0,29.875,29.87499908784578
699563,96700,16800.0,2025-09-21T11:50:03.210,30.0,29.875,29.874999315884335
699663,96800,16900.0,2025-09-21T11:50:03.309,30.0,29.875,29.87499948691325
699763,96900,17000.0,2025-09-21T11:50:03.409,30.0,29.875,29.874999615184937
699863,97000,17100.0,2025-09-21T11:50:03.510,30.0,29.875,29.874999711388703
699963,97100,17200.0,2025-09-21T11:50:03.609,30.0,29.875,29.874999783541526
700063,97200,17300.0,2025-09-21T11:50:03.709,30.0,29.875,29.874999837656144
700163,97300,17400.0,2025-09-21T11:50:03.809,30.0,29.875,29.874999878242107
700263,97400,17500.0,2025-09-21T11:50:03.910,30.0,29.875,29.87499990868158
700363,97500,17600.0,2025-09-21T11:50:04.009,30.0,29.875,29.874999931511184
700463,97600,17700.0,2025-09-21T11:50:04.110,30.0,29.875,29.874999948633388
700563,97700,17800.0,2025-09-21T11:50:04.209,30.0,29.875,29.87499996147504
700663,97800,17900.0,2025-09-21T11:50:04.309,30.0,29.875,29.87499997110628
700763,97900,18000.0,2025-09-21T11:50:04.409,30.0,29.875,29.87499997832971
700863,98000,18100.0,2025-09-21T11:50:04.509,30.0,29.875,29.874999983747283
700963,98100,18200.0,2025-09-21T11:50:04.610,30.0,29.875,29.87499998781046
701063,98200,18300.0,2025-09-21T11:50:04.709,30.0,29.875,29.874999990857845
701163,98300,18400.0,2025-09-21T11:50:04.809,30.0,29.875,29.874999993143383
701263,98400,18500.0,2025-09-21T11:50:04.909,30.0,29.875,29.87499999485754
701363,98500,18600.0,2025-09-21T11:50:05.009,30.0,29.875,29.874999996143153
701463,98600,18700.0,2025-09-21T11:50:05.110,30.0,29.875,29.874999997107366
701563,98700,18800.0,2025-09-21T11:50:05.209,30.0,29.875,29.874999997830525
701663,98800,18900.0,2025-09-21T11:50:05.309,30.0,29.875,29.874999998372893
701763,98900,19000.0,2025-09-21T11:50:05.409,30.0,29.875,29.87499999877967
701863,99000,19100.0,2025-09-21T11:50:05.510,30.0,29.875,29.874999999084753
701963,99100,19200.0,2025-09-21T11:50:05.609,30.0,29.875,29.874999999313566
702063,99200,19300.0,2025-09-21T11:50:05.710,30.0,29.875,29.874999999485176
702163,99300,19400.0,2025-09-21T11:50:05.809,30.0,29.875,29.874999999613884
702263,99400,19500.0,2025-09-21T11:50:05.909,30.0,29.875,29.87499999971041
702363,99500,19600.0,2025-09-21T11:50:06.009,30.0,29.875,29.87499999978281
702463,99600,19700.0,2025-09-21T11:50:06.109,30.0,29.875,29.874999999837108
702563,99700,19800.0,2025-09-21T11:50:06.209,30.0,29.875,29.87499999987783
702663,99800,19900.0,2025-09-21T11:50:06.309,30.0,29.875,29.874999999908372
702763,99900,20000.0,2025-09-21T11:50:06.410,30.0,29.875,29.87499999993128
702863,100000,20100.0,2025-09-21T11:50:06.509,30.0,29.875,29.87499999994846
702963,100100,20200.0,2025-09-21T11:50:06.609,30.0,29.875,29.874999999961346
703063,100200,20300.0,2025-09-21T11:50:06.708,30.0,29.875,29.87499999997101
703163,100300,20400.0,2025-09-21T11:50:06.809,30.0,29.875,29.874999999978257
703263,100400,20500.0,2025-09-21T11:50:06.909,30.0,29.875,29.874999999983693
703363,100500,20600.0,2025-09-21T11:50:07.009,30.0,29.875,29.87499999998777
703463,100600,20700.0,2025-09-21T11:50:07.109,30.0,29.875,29.874999999990827
703563,100700,20800.0,2025-09-21T11:50:07.209,30.0,29.875,29.874999999993122
703663,100800,20900.0,2025-09-21T11:50:07.310,30.0,29.875,29.87499999999484
703763,100900,21000.0,2025-09-21T11:50:07.409,30.0,29.875,29.87499999999613
703863,101000,21100.0,2025-09-21T11:50:07.509,30.0,29.875,29.874999999997097
703963,101100,21200.0,2025-09-21T11:50:07.609,30.0,29.875,29.874999999997822
704063,101200,21300.0,2025-09-21T11:50:07.709,30.0,29.875,29.874999999998366
704163,101300,21400.0,2025-09-21T11:50:07.809,30.0,29.875,29.874999999998774
704263,101400,21500.0,2025-09-21T11:50:07.909,30.0,29.875,29.87499999999908
704363,101500,21600.0,2025-09-21T11:50:08.009,30.0,29.824,29.86224999999931
704463,101600,21700.0,2025-09-21T11:50:08.109,30.0,29.875,29.865437499999484
704563,101700,21800.0,2025-09-21T11:50:08.209,30.0,29.875,29.867828124999612
704663,101800,21900.0,2025-09-21T11:50:08.309,30.0,29.875,29.869621093749707
704763,101900,22000.0,2025-09-21T11:50:08.409,30.0,29.875,29.87096582031228
704863,102000,22100.0,2025-09-21T11:50:08.509,30.0,29.875,29.87197436523421
704963,102100,22200.0,2025-09-21T11:50:08.609,30.0,29.875,29.872730773925657
705063,102200,22300.0,2025-09-21T11:50:08.708,30.0,29.875,29.873298080444243
712563,109700,0.0,2025-09-21T11:50:16.210,40.0,39.719,32.33472356033318
712663,109800,100.0,2025-09-21T11:50:16.310,40.0,39.719,34.180792670249886
712763,109900,200.0,2025-09-21T11:50:16.409,40.0,39.719,35.56534450268742
712863,110000,300.0,2025-09-21T11:50:16.509,40.0,39.771,36.616758377015564
712963,110100,400.0,2025-09-21T11:50:16.609,40.0,39.771,37.405318782761675
713063,110200,500.0,2025-09-21T11:50:16.709,40.0,39.788,38.000989087071254
713163,110300,600.0,2025-09-21T11:50:16.810,40.0,39.771,38.44349181530344
713263,110400,700.0,2025-09-21T11:50:16.909,40.0,39.771,38.77536886147758
713363,110500,800.0,2025-09-21T11:50:17.010,40.0,40.148,39.11852664610819
713463,110600,900.0,2025-09-21T11:50:17.109,40.0,40.148,39.37589498458114
713563,110700,1000.0,2025-09-21T11:50:17.210,40.0,39.788,39.47892123843585
713663,110800,1100.0,2025-09-21T11:50:17.310,40.0,39.788,39.55619092882689
713763,110900,1200.0,2025-09-21T11:50:17.409,40.0,39.788,39.61414319662016
713863,111000,1300.0,2025-09-21T11:50:17.510,40.0,39.771,39.65335739746512
713963,111100,1400.0,2025-09-21T11:50:17.610,40.0,39.771,39.68276804809884
714063,111200,1500.0,2025-09-21T11:50:17.709,40.0,40.148,39.79907603607413
714163,111300,1600.0,2025-09-21T11:50:17.810,40.0,40.148,39.8863070270556
714263,111400,1700.0,2025-09-21T11:50:17.909,40.0,40.148,39.951730270291705
714363,111500,1800.0,2025-09-21T11:50:18.010,40.0,39.719,39.89354770271878
714463,111600,1900.0,2025-09-21T11:50:18.109,40.0,39.719,39.849910777039085
714563,111700,2000.0,2025-09-21T11:50:18.209,40.0,39.788,39.83443308277931
714663,111800,2100.0,2025-09-21T11:50:18.309,40.0,39.771,39.818574812084485
714763,111900,2200.0,2025-09-21T11:50:18.410,40.0,39.771,39.80668110906336
714863,112000,2300.0,2025-09-21T11:50:18.510,40.0,40.148,39.89201083179752
714963,112100,2400.0,2025-09-21T11:50:18.610,40.0,40.148,39.95600812384814
715063,112200,2500.0,2025-09-21T11:50:18.709,40.0,40.148,40.00400609288611
715163,112300,2600.0,2025-09-21T11:50:18.809,40.0,39.771,39.94575456966458
715263,112400,2700.0,2025-09-21T11:50:18.909,40.0,40.148,39.99631592724843
715363,112500,2800.0,2025-09-21T11:50:19.009,40.0,39.788,39.94423694543632
715463,112600,2900.0,2025-09-21T11:50:19.110,40.0,39.771,39.900927709077244
715563,112700,3000.0,2025-09-21T11:50:19.209,40.0,39.788,39.872695781807934
715663,112800,3100.0,2025-09-21T11:50:19.310,40.0,39.788,39.85152183635595
715763,112900,3200.0,2025-09-21T11:50:19.409,40.0,39.788,39.83564137726696
715863,113000,3300.0,2025-09-21T11:50:19.510,40.0,39.788,39.82373103295022
715963,113100,3400.0,2025-09-21T11:50:19.609,40.0,39.788,39.814798274712665
716063,113200,3500.0,2025-09-21T11:50:19.710,40.0,39.788,39.8080987060345
716163,113300,3600.0,2025-09-21T11:50:19.810,40.0,39.788,39.803074029525874
716263,113400,3700.0,2025-09-21T11:50:19.909,40.0,39.788,39.79930552214441
716363,113500,3800.0,2025-09-21T11:50:20.009,40.0,39.788,39.7964791416083
716463,113600,3900.0,2025-09-21T11:50:20.110,40.0,39.788,39.79435935620623
716563,113700,4000.0,2025-09-21T11:50:20.210,40.0,39.788,39.79276951715467
716663,113800,4100.0,2025-09-21T11:50:20.309,40.0,39.788,39.791577137866
716763,113900,4200.0,2025-09-21T11:50:20.409,40.0,39.788,39.7906828533995
716863,114000,4300.0,2025-09-21T11:50:20.510,40.0,39.788,39.790012140049626
716963,114100,4400.0,2025-09-21T11:50:20.609,40.0,39.788,39.78950910503722
717063,114200,4500.0,2025-09-21T11:50:20.709,40.0,39.771,39.78488182877791
717163,114300,4600.0,2025-09-21T11:50:20.810,40.0,39.788,39.78566137158343
717263,114400,4700.0,2025-09-21T11:50:20.910,40.0,39.788,39.78624602868757
717363,114500,4800.0,2025-09-21T11:50:21.010,40.0,39.771,39.78243452151568
717463,114600,4900.0,2025-09-21T11:50:21.109,40.0,39.788,39.78382589113676
717563,114700,5000.0,2025-09-21T11:50:21.210,40.0,39.771,39.78061941835257
717663,114800,5100.0,2025-09-21T11:50:21.309,40.0,39.771,39.77821456376443
717763,114900,5200.0,2025-09-21T11:50:21.410,40.0,39.788,39.78066092282332
717863,115000,5300.0,2025-09-21T11:50:21.509,40.0,39.771,39.778245692117494
717963,115100,5400.0,2025-09-21T11:50:21.609,40.0,39.788,39.78068426908812
718063,115200,5500.0,2025-09-21T11:50:21.710,40.0,39.788,39.78251320181609
718163,115300,5600.0,2025-09-21T11:50:21.809,40.0,39.788,39.783884901362065
718263,115400,5700.0,2025-09-21T11:50:21.909,40.0,39.788,39.784913676021546
718363,115500,5800.0,2025-09-21T11:50:22.009,40.0,39.788,39.785685257016155
718463,115600,5900.0,2025-09-21T11:50:22.109,40.0,39.788,39.78626394276212
718563,115700,6000.0,2025-09-21T11:50:22.210,40.0,39.788,39.78669795707159
718663,115800,6100.0,2025-09-21T11:50:22.309,40.0,39.788,39.78702346780369
718763,115900,6200.0,2025-09-21T11:50:22.410,40.0,39.788,39.78726760085277
718863,116000,6300.0,2025-09-21T11:50:22.509,40.0,39.771,39.78320070063958
718963,116100,6400.0,2025-09-21T11:50:22.610,40.0,39.788,39.78440052547968
719063,116200,6500.0,2025-09-21T11:50:22.709,40.0,40.148,39.875300394109765
719163,116300,6600.0,2025-09-21T11:50:22.810,40.0,40.148,39.943475295582324
719263,116400,6700.0,2025-09-21T11:50:22.909,40.0,39.719,39.88735647168674
719363,116500,6800.0,2025-09-21T11:50:23.009,40.0,39.737,39.84976735376506
719463,116600,6900.0,2025-09-21T11:50:23.109,40.0,39.719,39.81707551532379
719563,116700,7000.0,2025-09-21T11:50:23.209,40.0,39.719,39.79255663649285
719663,116800,7100.0,2025-09-21T11:50:23.310,40.0,39.719,39.77416747736964
719763,116900,7200.0,2025-09-21T11:50:23.409,40.0,39.737,39.764875608027225
719863,117000,7300.0,2025-09-21T11:50:23.509,40.0,39.719,39.75340670602042
719963,117100,7400.0,2025-09-21T11:50:23.609,40.0,39.788,39.76205502951532
720063,117200,7500.0,2025-09-21T11:50:23.709,40.0,39.771,39.76429127213649
720163,117300,7600.0,2025-09-21T11:50:23.809,40.0,39.788,39.77021845410236
720263,117400,7700.0,2025-09-21T11:50:23.909,40.0,39.771,39.77041384057677
720363,117500,7800.0,2025-09-21T11:50:24.009,40.0,39.788,39.77481038043258
720463,117600,7900.0,2025-09-21T11:50:24.109,40.0,39.788,39.77810778532443
720563,117700,8000.0,2025-09-21T11:50:24.209,40.0,39.788,39.78058083899332
720663,117800,8100.0,2025-09-21T11:50:24.309,40.0,39.788,39.78243562924499
720763,117900,8200.0,2025-09-21T11:50:24.410,40.0,39.788,39.78382672193374
720863,118000,8300.0,2025-09-21T11:50:24.510,40.0,39.788,39.784870041450304
720963,118100,8400.0,2025-09-21T11:50:24.609,40.0,40.148,39.87565253108773
721063,118200,8500.0,2025-09-21T11:50:24.710,40.0,39.771,39.8494893983158
721163,118300,8600.0,2025-09-21T11:50:24.810,40.0,39.788,39.83411704873684
721263,118400,8700.0,2025-09-21T11:50:24.909,40.0,39.771,39.81833778655263
721363,118500,8800.0,2025-09-21T11:50:25.009,40.0,39.788,39.81075333991447
721463,118600,8900.0,2025-09-21T11:50:25.109,40.0,39.788,39.805065004935855
721563,118700,9000.0,2025-09-21T11:50:25.210,40.0,39.788,39.80079875370189
721663,118800,9100.0,2025-09-21T11:50:25.309,40.0,40.148,39.88759906527642
721763,118900,9200.0,2025-09-21T11:50:25.409,40.0,39.719,39.84544929895731
721863,119000,9300.0,2025-09-21T11:50:25.509,40.0,39.719,39.813836974217985
721963,119100,9400.0,2025-09-21T11:50:25.610,40.0,39.737,39.79462773066349
722063,119200,9500.0,2025-09-21T11:50:25.710,40.0,39.719,39.77572079799762
722163,119300,9600.0,2025-09-21T11:50:25.809,40.0,39.719,39.761540598498215
722263,119400,9700.0,2025-09-21T11:50:25.909,40.0,39.719,39.75090544887366
722363,119500,9800.0,2025-09-21T11:50:26.009,40.0,39.788,39.76017908665524
722463,119600,9900.0,2025-09-21T11:50:26.109,40.0,39.771,39.76288431499143
722563,119700,10000.0,2025-09-21T11:50:26.209,40.0,39.771,39.76491323624357
722663,119800,10100.0,2025-09-21T11:50:26.310,40.0,40.148,39.86068492718268
722763,119900,10200.0,2025-09-21T11:50:26.409,40.0,39.771,39.83826369538701
722863,120000,10300.0,2025-09-21T11:50:26.509,40.0,39.788,39.82569777154026
722963,120100,10400.0,2025-09-21T11:50:26.609,40.0,39.771,39.8120233286552
723063,120200,10500.0,2025-09-21T11:50:26.709,40.0,39.788,39.8060174964914
723163,120300,10600.0,2025-09-21T11:50:26.810,40.0,39.771,39.79726312236855
723263,120400,10700.0,2025-09-21T11:50:26.910,40.0,39.788,39.79494734177641
723363,120500,10800.0,2025-09-21T11:50:27.009,40.0,39.771,39.7889605063323
723463,120600,10900.0,2025-09-21T11:50:27.109,40.0,39.788,39.78872037974922
723563,120700,11000.0,2025-09-21T11:50:27.210,40.0,39.788,39.788540284811916
723663,120800,11100.0,2025-09-21T11:50:27.309,40.0,39.771,39.78415521360894
723763,120900,11200.0,2025-09-21T11:50:27.409,40.0,40.148,39.87511641020671
723863,121000,11300.0,2025-09-21T11:50:27.508,40.0,40.148,39.94333730765503
723963,121100,11400.0,2025-09-21T11:50:27.609,40.0,40.148,39.994502980741274
724063,121200,11500.0,2025-09-21T11:50:27.709,40.0,40.148,40.03287723555596
724163,121300,11600.0,2025-09-21T11:50:27.809,40.0,39.719,39.95440792666697
724263,121400,11700.0,2025-09-21T11:50:27.909,40.0,39.719,39.895555945000226
724363,121500,11800.0,2025-09-21T11:50:28.009,40.0,39.719,39.85141695875017
724463,121600,11900.0,2025-09-21T11:50:28.109,40.0,39.719,39.81831271906263
724563,121700,12000.0,2025-09-21T11:50:28.209,40.0,39.719,39.793484539296976
724663,121800,12100.0,2025-09-21T11:50:28.309,40.0,39.719,39.77486340447273
724763,121900,12200.0,2025-09-21T11:50:28.409,40.0,39.719,39.76089755335455
724863,122000,12300.0,2025-09-21T11:50:28.509,40.0,39.719,39.75042316501592
724963,122100,12400.0,2025-09-21T11:50:28.610,40.0,39.719,39.742567373761936
725063,122200,12500.0,2025-09-21T11:50:28.709,40.0,39.719,39.73667553032145
725163,122300,12600.0,2025-09-21T11:50:28.809,40.0,40.148,39.83950664774109
725263,122400,12700.0,2025-09-21T11:50:28.909,40.0,39.719,39.80937998580582
725363,122500,12800.0,2025-09-21T11:50:29.009,40.0,39.719,39.786784989354366
725463,122600,12900.0,2025-09-21T11:50:29.109,40.0,39.719,39.76983874201578
725563,122700,13000.0,2025-09-21T11:50:29.209,40.0,39.719,39.757129056511836
725663,122800,13100.0,2025-09-21T11:50:29.309,40.0,40.131,39.850596792383875
725763,122900,13200.0,2025-09-21T11:50:29.409,40.0,40.148,39.92494759428791
725863,123000,13300.0,2025-09-21T11:50:29.509,40.0,39.719,39.873460695715934
725963,123100,13400.0,2025-09-21T11:50:29.609,40.0,39.771,39.84784552178695
726063,123200,13500.0,2025-09-21T11:50:29.709,40.0,39.771,39.82863414134022
726163,123300,13600.0,2025-09-21T11:50:29.808,40.0,39.771,39.81422560600517
736563,133700,0.0,2025-09-21T11:50:40.209,50.0,49.598,42.260169204503875
736663,133800,100.0,2025-09-21T11:50:40.310,50.0,49.649,44.107376903377904
736763,133900,200.0,2025-09-21T11:50:40.410,50.0,49.649,45.49278267753343
736863,134000,300.0,2025-09-21T11:50:40.510,50.0,49.615,46.52333700815007
736963,134100,400.0,2025-09-21T11:50:40.609,50.0,49.649,47.304752756112556
737063,134200,500.0,2025-09-21T11:50:40.709,50.0,49.649,47.89081456708442
737163,134300,600.0,2025-09-21T11:50:40.809,50.0,49.666,48.334610925313314
737263,134400,700.0,2025-09-21T11:50:40.909,50.0,49.666,48.667458193984984
737363,134500,800.0,2025-09-21T11:50:41.009,50.0,49.666,48.917093645488734
737463,134600,900.0,2025-09-21T11:50:41.109,50.0,49.666,49.10432023411655
737563,134700,1000.0,2025-09-21T11:50:41.209,50.0,49.666,49.24474017558741
737663,134800,1100.0,2025-09-21T11:50:41.309,50.0,50.027,49.44030513169056
737763,134900,1200.0,2025-09-21T11:50:41.409,50.0,50.044,49.59122884876792
737863,135000,1300.0,2025-09-21T11:50:41.509,50.0,50.044,49.70442163657594
737963,135100,1400.0,2025-09-21T11:50:41.609,50.0,50.044,49.789316227431954
738063,135200,1500.0,2025-09-21T11:50:41.709,50.0,49.632,49.74998717057397
738163,135300,1600.0,2025-09-21T11:50:41.809,50.0,49.632,49.720490377930474
738263,135400,1700.0,2025-09-21T11:50:41.909,50.0,49.666,49.706867783447855
738363,135500,1800.0,2025-09-21T11:50:42.009,50.0,49.666,49.69665083758589
738463,135600,1900.0,2025-09-21T11:50:42.109,50.0,49.666,49.68898812818942
738563,135700,2000.0,2025-09-21T11:50:42.209,50.0,49.684,49.68774109614206
738663,135800,2100.0,2025-09-21T11:50:42.309,50.0,49.684,49.68680582210655
738763,135900,2200.0,2025-09-21T11:50:42.409,50.0,49.684,49.68610436657991
738863,136000,2300.0,2025-09-21T11:50:42.509,50.0,49.684,49.68557827493493
738963,136100,2400.0,2025-09-21T11:50:42.609,50.0,49.684,49.6851837062012
739063,136200,2500.0,2025-09-21T11:50:42.710,50.0,49.666,49.6803877796509
739163,136300,2600.0,2025-09-21T11:50:42.809,50.0,49.666,49.67679083473817
739263,136400,2700.0,2025-09-21T11:50:42.909,50.0,50.044,49.76859312605363
739363,136500,2800.0,2025-09-21T11:50:43.009,50.0,49.632,49.73444484454022
739463,136600,2900.0,2025-09-21T11:50:43.109,50.0,49.632,49.70883363340516
739563,136700,3000.0,2025-09-21T11:50:43.209,50.0,49.615,49.685375225053875
739663,136800,3100.0,2025-09-21T11:50:43.309,50.0,49.615,49.667781418790405
739763,136900,3200.0,2025-09-21T11:50:43.409,50.0,49.615,49.654586064092804
739863,137000,3300.0,2025-09-21T11:50:43.510,50.0,49.632,49.648939548069606
739963,137100,3400.0,2025-09-21T11:50:43.610,50.0,49.615,49.6404546610522
740063,137200,3500.0,2025-09-21T11:50:43.709,50.0,49.632,49.63834099578915
740163,137300,3600.0,2025-09-21T11:50:43.809,50.0,49.632,49.636755746841864
740263,137400,3700.0,2025-09-21T11:50:43.910,50.0,49.632,49.635566810131394
740363,137500,3800.0,2025-09-21T11:50:44.009,50.0,49.684,49.647675107598545
740463,137600,3900.0,2025-09-21T11:50:44.109,50.0,49.632,49.643756330698906
740563,137700,4000.0,2025-09-21T11:50:44.210,50.0,49.632,49.64081724802418
740663,137800,4100.0,2025-09-21T11:50:44.309,50.0,49.632,49.638612936018134
740763,137900,4200.0,2025-09-21T11:50:44.410,50.0,49.615,49.6327097020136
740863,138000,4300.0,2025-09-21T11:50:44.509,50.0,49.632,49.6325322765102
740963,138100,4400.0,2025-09-21T11:50:44.609,50.0,49.632,49.63239920738265
741063,138200,4500.0,2025-09-21T11:50:44.709,50.0,49.615,49.628049405536984
741163,138300,4600.0,2025-09-21T11:50:44.809,50.0,49.632,49.62903705415274
741263,138400,4700.0,2025-09-21T11:50:44.909,50.0,49.615,49.625527790614555
741363,138500,4800.0,2025-09-21T11:50:45.009,50.0,49.615,49.622895842960915
741463,138600,4900.0,2025-09-21T11:50:45.109,50.0,49.632,49.625171882220684
741563,138700,5000.0,2025-09-21T11:50:45.208,50.0,49.615,49.622628911665515
741663,138800,5100.0,2025-09-21T11:50:45.308,50.0,49.632,49.62497168374914
741763,138900,5200.0,2025-09-21T11:50:45.409,50.0,49.615,49.62247876281185
741863,139000,5300.0,2025-09-21T11:50:45.508,50.0,49.632,49.62485907210889
741963,139100,5400.0,2025-09-21T11:50:45.608,50.0,49.632,49.626644304081665
742063,139200,5500.0,2025-09-21T11:50:45.708,50.0,49.632,49.62798322806125
742163,139300,5600.0,2025-09-21T11:50:45.809,50.0,49.632,49.628987421045935
742263,139400,5700.0,2025-09-21T11:50:45.909,50.0,49.632,49.62974056578445
742363,139500,5800.0,2025-09-21T11:50:46.010,50.0,49.632,49.63030542433834
742463,139600,5900.0,2025-09-21T11:50:46.110,50.0,49.666,49.639229068253755
742563,139700,6000.0,2025-09-21T11:50:46.209,50.0,50.044,49.740421801190315
742663,139800,6100.0,2025-09-21T11:50:46.310,50.0,50.044,49.816316350892734
742763,139900,6200.0,2025-09-21T11:50:46.409,50.0,49.666,49.778737263169546
742863,140000,6300.0,2025-09-21T11:50:46.509,50.0,50.044,49.845052947377155
742963,140100,6400.0,2025-09-21T11:50:46.609,50.0,50.044,49.89478971053286
743063,140200,6500.0,2025-09-21T11:50:46.709,50.0,50.044,49.932092282899646
743163,140300,6600.0,2025-09-21T11:50:46.809,50.0,50.044,49.96006921217473
743263,140400,6700.0,2025-09-21T11:50:46.910,50.0,50.044,49.98105190913105
743363,140500,6800.0,2025-09-21T11:50:47.010,50.0,49.632,49.893788931848285
743463,140600,6900.0,2025-09-21T11:50:47.109,50.0,49.615,49.824091698886214
743563,140700,7000.0,2025-09-21T11:50:47.209,50.0,49.615,49.77181877416466
743663,140800,7100.0,2025-09-21T11:50:47.309,50.0,49.615,49.73261408062349
743763,140900,7200.0,2025-09-21T11:50:47.410,50.0,50.044,49.81046056046762
743863,141000,7300.0,2025-09-21T11:50:47.509,50.0,49.632,49.765845420350715
743963,141100,7400.0,2025-09-21T11:50:47.609,50.0,49.632,49.732384065263034
744063,141200,7500.0,2025-09-21T11:50:47.709,50.0,50.044,49.81028804894727
744163,141300,7600.0,2025-09-21T11:50:47.809,50.0,49.632,49.76571603671045
744263,141400,7700.0,2025-09-21T11:50:47.909,50.0,49.632,49.732287027532834
744363,141500,7800.0,2025-09-21T11:50:48.009,50.0,49.615,49.70296527064963
744463,141600,7900.0,2025-09-21T11:50:48.109,50.0,49.632,49.68522395298722
744563,141700,8000.0,2025-09-21T11:50:48.210,50.0,49.632,49.671917964740416
744663,141800,8100.0,2025-09-21T11:50:48.309,50.0,49.632,49.66193847355531
744763,141900,8200.0,2025-09-21T11:50:48.409,50.0,49.632,49.65445385516648
744863,142000,8300.0,2025-09-21T11:50:48.509,50.0,49.632,49.64884039137486
744963,142100,8400.0,2025-09-21T11:50:48.609,50.0,49.632,49.644630293531144
745063,142200,8500.0,2025-09-21T11:50:48.709,50.0,49.615,49.63722272014836
745163,142300,8600.0,2025-09-21T11:50:48.809,50.0,49.632,49.635917040111266
745263,142400,8700.0,2025-09-21T11:50:48.909,50.0,49.615,49.63068778008345
745363,142500,8800.0,2025-09-21T11:50:49.009,50.0,49.632,49.631015835062584
745463,142600,8900.0,2025-09-21T11:50:49.109,50.0,49.615,49.62701187629694
745563,142700,9000.0,2025-09-21T11:50:49.209,50.0,49.615,49.6240089072227
745663,142800,9100.0,2025-09-21T11:50:49.309,50.0,49.615,49.62175668041703
745763,142900,9200.0,2025-09-21T11:50:49.409,50.0,49.992,49.71431751031277
745863,143000,9300.0,2025-09-21T11:50:49.509,50.0,49.615,49.689488132734574
745963,143100,9400.0,2025-09-21T11:50:49.609,50.0,49.615,49.670866099550935
746063,143200,9500.0,2025-09-21T11:50:49.709,50.0,49.615,49.6568995746632
746163,143300,9600.0,2025-09-21T11:50:49.809,50.0,49.615,49.6464246809974
746263,143400,9700.0,2025-09-21T11:50:49.909,50.0,49.615,49.63856851074805
746363,143500,9800.0,2025-09-21T11:50:50.009,50.0,49.666,49.645426383061036
746463,143600,9900.0,2025-09-21T11:50:50.109,50.0,49.666,49.65056978729578
746563,143700,10000.0,2025-09-21T11:50:50.209,50.0,49.666,49.654427340471834
746663,143800,10100.0,2025-09-21T11:50:50.309,50.0,49.666,49.65732050535387
746763,143900,10200.0,2025-09-21T11:50:50.409,50.0,49.666,49.6594903790154
746863,144000,10300.0,2025-09-21T11:50:50.509,50.0,49.649,49.65686778426155
746963,144100,10400.0,2025-09-21T11:50:50.609,50.0,49.666,49.65915083819616
747063,144200,10500.0,2025-09-21T11:50:50.709,50.0,49.649,49.65661312864712
747163,144300,10600.0,2025-09-21T11:50:50.809,50.0,49.666,49.658959846485345
747263,144400,10700.0,2025-09-21T11:50:50.909,50.0,49.666,49.66071988486401
747363,144500,10800.0,2025-09-21T11:50:51.009,50.0,49.666,49.662039913648
747463,144600,10900.0,2025-09-21T11:50:51.109,50.0,49.649,49.658779935236
747563,144700,11000.0,2025-09-21T11:50:51.209,50.0,49.649,49.656334951427
747663,144800,11100.0,2025-09-21T11:50:51.309,50.0,49.649,49.65450121357025
747763,144900,11200.0,2025-09-21T11:50:51.409,50.0,49.649,49.653125910177685
747863,145000,11300.0,2025-09-21T11:50:51.509,50.0,49.649,49.65209443263326
747963,145100,11400.0,2025-09-21T11:50:51.609,50.0,49.666,49.65557082447495
748063,145200,11500.0,2025-09-21T11:50:51.709,50.0,49.649,49.65392811835621
748163,145300,11600.0,2025-09-21T11:50:51.808,50.0,49.649,49.65269608876716
762863,160000,0.0,2025-09-21T11:51:06.509,60.0,59.133,52.02277206657537
762963,160100,100.0,2025-09-21T11:51:06.609,60.0,58.722,53.69757904993153
763063,160200,200.0,2025-09-21T11:51:06.709,60.0,58.739,54.957934287448644
763163,160300,300.0,2025-09-21T11:51:06.809,60.0,58.739,55.90320071558648
763263,160400,400.0,2025-09-21T11:51:06.909,60.0,59.15,56.71490053668986
763363,160500,500.0,2025-09-21T11:51:07.009,60.0,59.15,57.323675402517395
763463,160600,600.0,2025-09-21T11:51:07.109,60.0,59.133,57.776006551888045
763563,160700,700.0,2025-09-21T11:51:07.209,60.0,59.133,58.11525491391603
763663,160800,800.0,2025-09-21T11:51:07.309,60.0,58.739,58.271191185437026
763763,160900,900.0,2025-09-21T11:51:07.409,60.0,58.739,58.38814338907777
763863,161000,1000.0,2025-09-21T11:51:07.509,60.0,58.722,58.471607541808325
763963,161100,1100.0,2025-09-21T11:51:07.609,60.0,58.739,58.53845565635624
764063,161200,1200.0,2025-09-21T11:51:07.709,60.0,58.756,58.59284174226718
764163,161300,1300.0,2025-09-21T11:51:07.810,60.0,58.739,58.62938130670039
764263,161400,1400.0,2025-09-21T11:51:07.909,60.0,58.704,58.64803598002529
764363,161500,1500.0,2025-09-21T11:51:08.009,60.0,58.722,58.66652698501897
764463,161600,1600.0,2025-09-21T11:51:08.109,60.0,58.722,58.68039523876423
764563,161700,1700.0,2025-09-21T11:51:08.209,60.0,58.722,58.690796429073174
764663,161800,1800.0,2025-09-21T11:51:08.309,60.0,59.133,58.80134732180488
764763,161900,1900.0,2025-09-21T11:51:08.410,60.0,58.756,58.79001049135366
764863,162000,2000.0,2025-09-21T11:51:08.509,60.0,58.756,58.78150786851525
764963,162100,2100.0,2025-09-21T11:51:08.609,60.0,58.773,58.77938090138644
765063,162200,2200.0,2025-09-21T11:51:08.710,60.0,58.773,58.77778567603983
765163,162300,2300.0,2025-09-21T11:51:08.809,60.0,58.773,58.77658925702987
765263,162400,2400.0,2025-09-21T11:51:08.910,60.0,58.756,58.7714419427724
765363,162500,2500.0,2025-09-21T11:51:09.009,60.0,58.773,58.7718314570793
765463,162600,2600.0,2025-09-21T11:51:09.108,60.0,58.773,58.77212359280948
765563,162700,2700.0,2025-09-21T11:51:09.209,60.0,58.756,58.768092694607105
765663,162800,2800.0,2025-09-21T11:51:09.309,60.0,58.773,58.76931952095533
765763,162900,2900.0,2025-09-21T11:51:09.409,60.0,58.773,58.7702396407165
765863,163000,3000.0,2025-09-21T11:51:09.509,60.0,58.773,58.770929730537375
765963,163100,3100.0,2025-09-21T11:51:09.609,60.0,58.756,58.76719729790303
766063,163200,3200.0,2025-09-21T11:51:09.709,60.0,58.756,58.76439797342727
766163,163300,3300.0,2025-09-21T11:51:09.809,60.0,59.167,58.865048480070456
766263,163400,3400.0,2025-09-21T11:51:09.909,60.0,59.167,58.940536360052846
766363,163500,3500.0,2025-09-21T11:51:10.009,60.0,59.167,58.997152270039635
766463,163600,3600.0,2025-09-21T11:51:10.109,60.0,59.167,59.03961420252973
766563,163700,3700.0,2025-09-21T11:51:10.210,60.0,59.167,59.0714606518973
766663,163800,3800.0,2025-09-21T11:51:10.309,60.0,59.15,59.091095488922974
766763,163900,3900.0,2025-09-21T11:51:10.409,60.0,58.79,59.01582161669223
766863,164000,4000.0,2025-09-21T11:51:10.509,60.0,58.756,58.95086621251917
766963,164100,4100.0,2025-09-21T11:51:10.609,60.0,58.756,58.90214965938938
767063,164200,4200.0,2025-09-21T11:51:10.709,60.0,59.15,58.96411224454204
767163,164300,4300.0,2025-09-21T11:51:10.809,60.0,58.756,58.91208418340653
767263,164400,4400.0,2025-09-21T11:51:10.909,60.0,58.756,58.873063137554894
767363,164500,4500.0,2025-09-21T11:51:11.009,60.0,58.773,58.84804735316617
767463,164600,4600.0,2025-09-21T11:51:11.110,60.0,59.167,58.92778551487463
767563,164700,4700.0,2025-09-21T11:51:11.209,60.0,59.167,58.987589136155975
767663,164800,4800.0,2025-09-21T11:51:11.309,60.0,58.773,58.93394185211698
767763,164900,4900.0,2025-09-21T11:51:11.409,60.0,58.773,58.89370638908774
767863,165000,5000.0,2025-09-21T11:51:11.509,60.0,58.79,58.867779791815806
767963,165100,5100.0,2025-09-21T11:51:11.609,60.0,59.167,58.94258484386185
768063,165200,5200.0,2025-09-21T11:51:11.709,60.0,58.756,58.89593863289639
768163,165300,5300.0,2025-09-21T11:51:11.809,60.0,59.15,58.95945397467229
768263,165400,5400.0,2025-09-21T11:51:11.909,60.0,58.773,58.912840481004224
768363,165500,5500.0,2025-09-21T11:51:12.009,60.0,59.15,58.97213036075317
768463,165600,5600.0,2025-09-21T11:51:12.109,60.0,58.739,58.91384777056488
768563,165700,5700.0,2025-09-21T11:51:12.209,60.0,58.773,58.87863582792366
768663,165800,5800.0,2025-09-21T11:51:12.309,60.0,59.167,58.950726870942745
768763,165900,5900.0,2025-09-21T11:51:12.410,60.0,59.15,59.00054515320706
768863,166000,6000.0,2025-09-21T11:51:12.509,60.0,58.773,58.943658864905295
768963,166100,6100.0,2025-09-21T11:51:12.609,60.0,59.15,58.99524414867897
769063,166200,6200.0,2025-09-21T11:51:12.709,60.0,59.15,59.03393311150923
769163,166300,6300.0,2025-09-21T11:51:12.809,60.0,58.739,58.96019983363192
769263,166400,6400.0,2025-09-21T11:51:12.909,60.0,58.739,58.90489987522394
769363,166500,6500.0,2025-09-21T11:51:13.009,60.0,58.739,58.863424906417954
769463,166600,6600.0,2025-09-21T11:51:13.109,60.0,58.739,58.83231867981347
769563,166700,6700.0,2025-09-21T11:51:13.209,60.0,58.739,58.8089890098601
769663,166800,6800.0,2025-09-21T11:51:13.309,60.0,58.739,58.79149175739507
769763,166900,6900.0,2025-09-21T11:51:13.408,60.0,58.739,58.7783688180463
769863,167000,7000.0,2025-09-21T11:51:13.509,60.0,58.739,58.768526613534725
769963,167100,7100.0,2025-09-21T11:51:13.609,60.0,58.739,58.76114496015104
770063,167200,7200.0,2025-09-21T11:51:13.709,60.0,58.739,58.75560872011328
770163,167300,7300.0,2025-09-21T11:51:13.809,60.0,59.133,58.84995654008496
770263,167400,7400.0,2025-09-21T11:51:13.909,60.0,58.773,58.83071740506372
770363,167500,7500.0,2025-09-21T11:51:14.009,60.0,59.15,58.910538053797794
770463,167600,7600.0,2025-09-21T11:51:14.109,60.0,58.756,58.87190354034834
770563,167700,7700.0,2025-09-21T11:51:14.209,60.0,58.773,58.847177655261255
770663,167800,7800.0,2025-09-21T11:51:14.309,60.0,59.167,58.927133241445944
770763,167900,7900.0,2025-09-21T11:51:14.402,60.0,0.806,44.39684993108446
770863,168000,8000.0,2025-09-21T11:51:14.502,60.0,0.806,33.49913744831335
770963,168100,8100.0,2025-09-21T11:51:14.602,60.0,0.806,25.32585308623501
771063,168200,8200.0,2025-09-21T11:51:14.703,60.0,0.806,19.195889814676256
771163,168300,8300.0,2025-09-21T11:51:14.809,60.0,59.202,29.19741736100719
771263,168400,8400.0,2025-09-21T11:51:14.909,60.0,58.79,36.59556302075539
771363,168500,8500.0,2025-09-21T11:51:15.009,60.0,58.79,42.144172265566546
771463,168600,8600.0,2025-09-21T11:51:15.109,60.0,58.79,46.30562919917491
771563,168700,8700.0,2025-09-21T11:51:15.209,60.0,58.79,49.42672189938118
771663,168800,8800.0,2025-09-21T11:51:15.309,60.0,59.219,51.874791424535886
771763,168900,8900.0,2025-09-21T11:51:15.409,60.0,58.807,53.60784356840192
771863,169000,9000.0,2025-09-21T11:51:15.509,60.0,59.219,55.01063267630144
771963,169100,9100.0,2025-09-21T11:51:15.609,60.0,58.807,55.959724507226085
772063,169200,9200.0,2025-09-21T11:51:15.708,60.0,59.219,56.774543380419566
772163,169300,9300.0,2025-09-21T11:51:15.809,60.0,59.219,57.38565753531468
772263,169400,9400.0,2025-09-21T11:51:15.909,60.0,59.219,57.84399315148601
772363,169500,9500.0,2025-09-21T11:51:16.009,60.0,58.859,58.09774486361451
772463,169600,9600.0,2025-09-21T11:51:16.108,60.0,58.859,58.28805864771088
772563,169700,9700.0,2025-09-21T11:51:16.208,60.0,58.859,58.43079398578316
772663,169800,9800.0,2025-09-21T11:51:16.309,60.0,58.859,58.53784548933737
772763,169900,9900.0,2025-09-21T11:51:16.402,60.0,0.806,44.104884117003024
772863,170000,10000.0,2025-09-21T11:51:16.502,60.0,0.806,33.28016308775227
772963,170100,10100.0,2025-09-21T11:51:16.609,60.0,58.859,39.674872315814206
773063,170200,10200.0,2025-09-21T11:51:16.708,60.0,58.859,44.470904236860655
773163,170300,10300.0,2025-09-21T11:51:16.808,60.0,58.859,48.06792817764549
773263,170400,10400.0,2025-09-21T11:51:16.909,60.0,58.859,50.765696133234115
773363,170500,10500.0,2025-09-21T11:51:17.009,60.0,59.219,52.879022099925585
773463,170600,10600.0,2025-09-21T11:51:17.109,60.0,58.842,54.36976657494419
773563,170700,10700.0,2025-09-21T11:51:17.208,60.0,58.842,55.48782493120814
773663,170800,10800.0,2025-09-21T11:51:17.302,60.0,0.806,41.8173686984061
773763,170900,10900.0,2025-09-21T11:51:17.402,60.0,0.806,31.564526523804574
773863,171000,11000.0,2025-09-21T11:51:17.502,60.0,0.806,23.87489489285343
773963,171100,11100.0,2025-09-21T11:51:17.602,60.0,0.806,18.10767116964007
774063,171200,11200.0,2025-09-21T11:51:17.703,60.0,0.806,13.782253377230052
774163,171300,11300.0,2025-09-21T11:51:17.803,60.0,0.806,10.53819003292254
774263,171400,11400.0,2025-09-21T11:51:17.902,60.0,0.806,8.105142524691905
774363,171500,11500.0,2025-09-21T11:51:18.008,60.0,58.859,20.793606893518927
774463,171600,11600.0,2025-09-21T11:51:18.109,60.0,58.859,30.309955170139197
774563,171700,11700.0,2025-09-21T11:51:18.208,60.0,59.27,37.5499663776044
774663,171800,11800.0,2025-09-21T11:51:18.309,60.0,59.27,42.9799747832033
774763,171900,11900.0,2025-09-21T11:51:18.408,60.0,58.876,46.953981087402475
