t_ms,host_time_iso,true_distance_cm,measured_dist_cm
602863,2025-09-21T11:48:26.510,10,10.856
602963,2025-09-21T11:48:26.610,10,10.856
603063,2025-09-21T11:48:26.710,10,10.856
603163,2025-09-21T11:48:26.810,10,10.856
603263,2025-09-21T11:48:26.909,10,10.856
603363,2025-09-21T11:48:27.010,10,10.907
603463,2025-09-21T11:48:27.110,10,10.890
603563,2025-09-21T11:48:27.210,10,10.890
603663,2025-09-21T11:48:27.309,10,10.890
603763,2025-09-21T11:48:27.410,10,10.890
603863,2025-09-21T11:48:27.510,10,10.890
603963,2025-09-21T11:48:27.610,10,10.890
604063,2025-09-21T11:48:27.710,10,10.907
604163,2025-09-21T11:48:27.810,10,10.907
604263,2025-09-21T11:48:27.910,10,10.907
604363,2025-09-21T11:48:28.010,10,10.890
604463,2025-09-21T11:48:28.110,10,10.907
604563,2025-09-21T11:48:28.210,10,10.890
604663,2025-09-21T11:48:28.310,10,10.907
604763,2025-09-21T11:48:28.410,10,10.907
604863,2025-09-21T11:48:28.510,10,10.907
604963,2025-09-21T11:48:28.609,10,10.479
605063,2025-09-21T11:48:28.710,10,10.890
605163,2025-09-21T11:48:28.810,10,10.890
605263,2025-09-21T11:48:28.910,10,10.890
605363,2025-09-21T11:48:29.010,10,10.907
605463,2025-09-21T11:48:29.109,10,10.907
605563,2025-09-21T11:48:29.210,10,10.907
605663,2025-09-21T11:48:29.310,10,10.907
605763,2025-09-21T11:48:29.410,10,10.856
605863,2025-09-21T11:48:29.510,10,10.856
605963,2025-09-21T11:48:29.610,10,10.856
606063,2025-09-21T11:48:29.710,10,10.907
606163,2025-09-21T11:48:29.810,10,10.907
606263,2025-09-21T11:48:29.910,10,10.907
606363,2025-09-21T11:48:30.009,10,10.907
606463,2025-09-21T11:48:30.110,10,10.479
606563,2025-09-21T11:48:30.209,10,10.856
606663,2025-09-21T11:48:30.310,10,10.856
606763,2025-09-21T11:48:30.410,10,10.856
606863,2025-09-21T11:48:30.510,10,10.856
606963,2025-09-21T11:48:30.610,10,10.856
607063,2025-09-21T11:48:30.709,10,10.856
607163,2025-09-21T11:48:30.810,10,10.856
607263,2025-09-21T11:48:30.910,10,10.856
607363,2025-09-21T11:48:31.010,10,10.856
607463,2025-09-21T11:48:31.110,10,10.856
607563,2025-09-21T11:48:31.210,10,10.856
607663,2025-09-21T11:48:31.310,10,10.856
607763,2025-09-21T11:48:31.410,10,10.856
607863,2025-09-21T11:48:31.510,10,10.856
607963,2025-09-21T11:48:31.610,10,10.856
608063,2025-09-21T11:48:31.710,10,10.856
608163,2025-09-21T11:48:31.810,10,10.856
608263,2025-09-21T11:48:31.910,10,10.856
608363,2025-09-21T11:48:32.010,10,10.907
608463,2025-09-21T11:48:32.109,10,10.907
608563,2025-09-21T11:48:32.210,10,10.907
608663,2025-09-21T11:48:32.310,10,10.856
608763,2025-09-21T11:48:32.410,10,10.856
608863,2025-09-21T11:48:32.510,10,10.856
608963,2025-09-21T11:48:32.610,10,10.856
609063,2025-09-21T11:48:32.709,10,10.856
609163,2025-09-21T11:48:32.809,10,10.856
609263,2025-09-21T11:48:32.910,10,10.856
609363,2025-09-21T11:48:33.010,10,10.856
609463,2025-09-21T11:48:33.110,10,10.856
609563,2025-09-21T11:48:33.209,10,10.856
609663,2025-09-21T11:48:33.310,10,10.856
609763,2025-09-21T11:48:33.410,10,10.856
609863,2025-09-21T11:48:33.509,10,10.856
609963,2025-09-21T11:48:33.609,10,10.856
610063,2025-09-21T11:48:33.710,10,10.856
610163,2025-09-21T11:48:33.810,10,10.856
610263,2025-09-21T11:48:33.909,10,10.856
610363,2025-09-21T11:48:34.010,10,10.856
610463,2025-09-21T11:48:34.110,10,10.856
610563,2025-09-21T11:48:34.210,10,10.856
610663,2025-09-21T11:48:34.310,10,10.856
610763,2025-09-21T11:48:34.410,10,10.890
610863,2025-09-21T11:48:34.510,10,10.839
610963,2025-09-21T11:48:34.610,10,10.839
611063,2025-09-21T11:48:34.709,10,10.839
611163,2025-09-21T11:48:34.810,10,10.890
611263,2025-09-21T11:48:34.910,10,10.890
611363,2025-09-21T11:48:35.010,10,10.890
611463,2025-09-21T11:48:35.109,10,10.890
611563,2025-09-21T11:48:35.209,10,10.890
611663,2025-09-21T11:48:35.309,10,10.890
611763,2025-09-21T11:48:35.409,10,10.890
611863,2025-09-21T11:48:35.510,10,10.839
611963,2025-09-21T11:48:35.610,10,10.839
612063,2025-09-21T11:48:35.710,10,10.839
612163,2025-09-21T11:48:35.810,10,10.856
612263,2025-09-21T11:48:35.910,10,10.856
612363,2025-09-21T11:48:36.010,10,10.856
612463,2025-09-21T11:48:36.110,10,10.839
612563,2025-09-21T11:48:36.210,10,10.839
612663,2025-09-21T11:48:36.310,10,11.250
612763,2025-09-21T11:48:36.410,10,11.250
612863,2025-09-21T11:48:36.510,10,11.250
612963,2025-09-21T11:48:36.609,10,11.250
613063,2025-09-21T11:48:36.710,10,11.250
613163,2025-09-21T11:48:36.810,10,11.250
613263,2025-09-21T11:48:36.910,10,11.233
613363,2025-09-21T11:48:37.009,10,11.250
613463,2025-09-21T11:48:37.110,10,11.250
613563,2025-09-21T11:48:37.209,10,11.250
613663,2025-09-21T11:48:37.310,10,11.250
613763,2025-09-21T11:48:37.410,10,11.250
613863,2025-09-21T11:48:37.509,10,11.250
613963,2025-09-21T11:48:37.610,10,11.250
614063,2025-09-21T11:48:37.710,10,11.250
614163,2025-09-21T11:48:37.810,10,10.890
614263,2025-09-21T11:48:37.910,10,10.873
614363,2025-09-21T11:48:38.010,10,10.873
614463,2025-09-21T11:48:38.110,10,10.890
614563,2025-09-21T11:48:38.210,10,10.873
614663,2025-09-21T11:48:38.310,10,10.873
614763,2025-09-21T11:48:38.409,10,10.873
614863,2025-09-21T11:48:38.510,10,10.890
614963,2025-09-21T11:48:38.610,10,11.250
615063,2025-09-21T11:48:38.710,10,10.839
615163,2025-09-21T11:48:38.809,10,10.839
615263,2025-09-21T11:48:38.910,10,10.839
615363,2025-09-21T11:48:39.010,10,10.839
615463,2025-09-21T11:48:39.110,10,11.250
615563,2025-09-21T11:48:39.210,10,11.250
615663,2025-09-21T11:48:39.310,10,11.250
615763,2025-09-21T11:48:39.409,10,10.839
615863,2025-09-21T11:48:39.509,10,10.839
615963,2025-09-21T11:48:39.610,10,10.839
616063,2025-09-21T11:48:39.709,10,10.839
616163,2025-09-21T11:48:39.810,10,10.856
616263,2025-09-21T11:48:39.910,10,10.856
616363,2025-09-21T11:48:40.010,10,10.856
616463,2025-09-21T11:48:40.110,10,10.856
616563,2025-09-21T11:48:40.209,10,10.856
616663,2025-09-21T11:48:40.310,10,10.856
616763,2025-09-21T11:48:40.409,10,10.856
616863,2025-09-21T11:48:40.510,10,10.856
616963,2025-09-21T11:48:40.610,10,10.856
617063,2025-09-21T11:48:40.710,10,10.856
617163,2025-09-21T11:48:40.810,10,10.856
617263,2025-09-21T11:48:40.910,10,10.856
617363,2025-09-21T11:48:41.010,10,10.856
617463,2025-09-21T11:48:41.109,10,11.268
617563,2025-09-21T11:48:41.210,10,11.285
617663,2025-09-21T11:48:41.310,10,11.268
617763,2025-09-21T11:48:41.410,10,10.856
617863,2025-09-21T11:48:41.509,10,11.268
617963,2025-09-21T11:48:41.609,10,11.268
618063,2025-09-21T11:48:41.710,10,10.856
618163,2025-09-21T11:48:41.810,10,10.856
618263,2025-09-21T11:48:41.909,10,10.856
618363,2025-09-21T11:48:42.009,10,10.856
618463,2025-09-21T11:48:42.110,10,10.856
618563,2025-09-21T11:48:42.210,10,10.856
618663,2025-09-21T11:48:42.310,10,10.856
618763,2025-09-21T11:48:42.410,10,10.856
618863,2025-09-21T11:48:42.510,10,10.856
618963,2025-09-21T11:48:42.609,10,10.856
619063,2025-09-21T11:48:42.709,10,10.856
619163,2025-09-21T11:48:42.810,10,10.856
619263,2025-09-21T11:48:42.909,10,10.856
619363,2025-09-21T11:48:43.010,10,10.856
619463,2025-09-21T11:48:43.110,10,10.856
619563,2025-09-21T11:48:43.210,10,10.856
619663,2025-09-21T11:48:43.309,10,10.856
619763,2025-09-21T11:48:43.410,10,10.856
619863,2025-09-21T11:48:43.510,10,10.856
619963,2025-09-21T11:48:43.610,10,10.856
620063,2025-09-21T11:48:43.709,10,10.856
620163,2025-09-21T11:48:43.809,10,10.856
620263,2025-09-21T11:48:43.910,10,10.856
620363,2025-09-21T11:48:44.010,10,10.856
620463,2025-09-21T11:48:44.109,10,10.856
620563,2025-09-21T11:48:44.210,10,10.856
620663,2025-09-21T11:48:44.309,10,10.856
620763,2025-09-21T11:48:44.410,10,10.856
620863,2025-09-21T11:48:44.510,10,10.856
620963,2025-09-21T11:48:44.609,10,10.856
621063,2025-09-21T11:48:44.710,10,10.856
621163,2025-09-21T11:48:44.810,10,10.856
621263,2025-09-21T11:48:44.909,10,10.856
621363,2025-09-21T11:48:45.009,10,10.856
621463,2025-09-21T11:48:45.109,10,10.856
621563,2025-09-21T11:48:45.209,10,10.856
621663,2025-09-21T11:48:45.310,10,10.856
621763,2025-09-21T11:48:45.410,10,10.856
621863,2025-09-21T11:48:45.510,10,10.856
621963,2025-09-21T11:48:45.609,10,10.856
622063,2025-09-21T11:48:45.709,10,10.856
622163,2025-09-21T11:48:45.809,10,10.856
622263,2025-09-21T11:48:45.909,10,10.856
622363,2025-09-21T11:48:46.009,10,10.856
622463,2025-09-21T11:48:46.109,10,10.856
622563,2025-09-21T11:48:46.209,10,10.856
622663,2025-09-21T11:48:46.310,10,10.856
622763,2025-09-21T11:48:46.409,10,10.856
622863,2025-09-21T11:48:46.510,10,10.856
622963,2025-09-21T11:48:46.609,10,10.856
623063,2025-09-21T11:48:46.710,10,10.856
623163,2025-09-21T11:48:46.809,10,10.856
623263,2025-09-21T11:48:46.909,10,10.856
623363,2025-09-21T11:48:47.010,10,10.856
623463,2025-09-21T11:48:47.110,10,10.856
623563,2025-09-21T11:48:47.210,10,10.856
623663,2025-09-21T11:48:47.309,10,10.856
623763,2025-09-21T11:48:47.409,10,10.856
623863,2025-09-21T11:48:47.510,10,10.856
623963,2025-09-21T11:48:47.610,10,10.856
624063,2025-09-21T11:48:47.709,10,10.856
624163,2025-09-21T11:48:47.810,10,10.856
624263,2025-09-21T11:48:47.910,10,11.285
624363,2025-09-21T11:48:48.010,10,11.233
624463,2025-09-21T11:48:48.110,10,11.285
624563,2025-09-21T11:48:48.209,10,11.233
624663,2025-09-21T11:48:48.309,10,11.216
624763,2025-09-21T11:48:48.409,10,11.233
624863,2025-09-21T11:48:48.510,10,11.233
624963,2025-09-21T11:48:48.610,10,11.233
625063,2025-09-21T11:48:48.709,10,11.233
625163,2025-09-21T11:48:48.809,10,11.233
625263,2025-09-21T11:48:48.909,10,11.233
625363,2025-09-21T11:48:49.009,10,11.233
625463,2025-09-21T11:48:49.109,10,11.233
625563,2025-09-21T11:48:49.210,10,11.233
625663,2025-09-21T11:48:49.309,10,11.233
625763,2025-09-21T11:48:49.409,10,11.233
625863,2025-09-21T11:48:49.509,10,11.233
625963,2025-09-21T11:48:49.610,10,11.645
626063,2025-09-21T11:48:49.709,10,11.645
626163,2025-09-21T11:48:49.809,10,11.645
626263,2025-09-21T11:48:49.910,10,11.645
626363,2025-09-21T11:48:50.009,10,11.233
626463,2025-09-21T11:48:50.109,10,11.233
626563,2025-09-21T11:48:50.210,10,11.233
626663,2025-09-21T11:48:50.309,10,11.593
626763,2025-09-21T11:48:50.409,10,11.593
626863,2025-09-21T11:48:50.509,10,11.593
626963,2025-09-21T11:48:50.610,10,11.593
627063,2025-09-21T11:48:50.710,10,11.593
627163,2025-09-21T11:48:50.810,10,11.645
627263,2025-09-21T11:48:50.910,10,11.593
627363,2025-09-21T11:48:51.009,10,11.645
627463,2025-09-21T11:48:51.109,10,11.645
627563,2025-09-21T11:48:51.209,10,11.645
627663,2025-09-21T11:48:51.309,10,11.645
627763,2025-09-21T11:48:51.409,10,11.645
627863,2025-09-21T11:48:51.509,10,11.645
627963,2025-09-21T11:48:51.609,10,11.593
628063,2025-09-21T11:48:51.710,10,11.593
628163,2025-09-21T11:48:51.809,10,11.593
628263,2025-09-21T11:48:51.910,10,11.593
628363,2025-09-21T11:48:52.009,10,11.593
628463,2025-09-21T11:48:52.109,10,11.593
628563,2025-09-21T11:48:52.209,10,11.593
628663,2025-09-21T11:48:52.310,10,11.593
628763,2025-09-21T11:48:52.410,10,11.593
628863,2025-09-21T11:48:52.509,10,11.593
628963,2025-09-21T11:48:52.609,10,11.593
629063,2025-09-21T11:48:52.709,10,11.593
629163,2025-09-21T11:48:52.810,10,11.593
629263,2025-09-21T11:48:52.909,10,11.593
629363,2025-09-21T11:48:53.009,10,11.593
629463,2025-09-21T11:48:53.109,10,11.593
629563,2025-09-21T11:48:53.209,10,11.593
629663,2025-09-21T11:48:53.309,10,11.593
629763,2025-09-21T11:48:53.409,10,11.593
629863,2025-09-21T11:48:53.509,10,11.593
629963,2025-09-21T11:48:53.609,10,11.593
630063,2025-09-21T11:48:53.709,10,11.593
630163,2025-09-21T11:48:53.810,10,11.593
630263,2025-09-21T11:48:53.910,10,11.593
630363,2025-09-21T11:48:54.009,10,11.542
630463,2025-09-21T11:48:54.109,10,11.542
630563,2025-09-21T11:48:54.209,10,11.542
630663,2025-09-21T11:48:54.309,10,11.542
630763,2025-09-21T11:48:54.409,10,11.542
630863,2025-09-21T11:48:54.509,10,11.542
630963,2025-09-21T11:48:54.608,10,11.542
631063,2025-09-21T11:48:54.710,10,11.542
631163,2025-09-21T11:48:54.809,10,11.542
631263,2025-09-21T11:48:54.910,10,11.542
631363,2025-09-21T11:48:55.009,10,11.542
631463,2025-09-21T11:48:55.109,10,11.542
631563,2025-09-21T11:48:55.209,10,11.542
631663,2025-09-21T11:48:55.309,10,11.542
631763,2025-09-21T11:48:55.409,10,11.542
656463,2025-09-21T11:49:20.110,20.0,20.494
656563,2025-09-21T11:49:20.210,20.0,20.494
656663,2025-09-21T11:49:20.310,20.0,20.494
656763,2025-09-21T11:49:20.410,20.0,20.494
656863,2025-09-21T11:49:20.510,20.0,20.494
656963,2025-09-21T11:49:20.610,20.0,20.494
657063,2025-09-21T11:49:20.710,20.0,20.494
657163,2025-09-21T11:49:20.810,20.0,20.494
657263,2025-09-21T11:49:20.910,20.0,20.494
657363,2025-09-21T11:49:21.010,20.0,20.494
657463,2025-09-21T11:49:21.110,20.0,20.494
657563,2025-09-21T11:49:21.210,20.0,20.494
657663,2025-09-21T11:49:21.310,20.0,20.494
657763,2025-09-21T11:49:21.410,20.0,20.494
657863,2025-09-21T11:49:21.510,20.0,20.494
657963,2025-09-21T11:49:21.610,20.0,20.494
658063,2025-09-21T11:49:21.710,20.0,20.477
658163,2025-09-21T11:49:21.810,20.0,20.477
658263,2025-09-21T11:49:21.910,20.0,20.494
658363,2025-09-21T11:49:22.010,20.0,20.477
658463,2025-09-21T11:49:22.110,20.0,20.477
658563,2025-09-21T11:49:22.210,20.0,20.477
658663,2025-09-21T11:49:22.310,20.0,20.477
658763,2025-09-21T11:49:22.410,20.0,20.477
658863,2025-09-21T11:49:22.510,20.0,20.477
658963,2025-09-21T11:49:22.610,20.0,20.477
659063,2025-09-21T11:49:22.710,20.0,20.477
659163,2025-09-21T11:49:22.810,20.0,20.477
659263,2025-09-21T11:49:22.910,20.0,20.477
659363,2025-09-21T11:49:23.010,20.0,20.477
659463,2025-09-21T11:49:23.110,20.0,20.477
659563,2025-09-21T11:49:23.211,20.0,20.494
659663,2025-09-21T11:49:23.310,20.0,20.494
659763,2025-09-21T11:49:23.410,20.0,20.494
659863,2025-09-21T11:49:23.510,20.0,20.477
659963,2025-09-21T11:49:23.610,20.0,20.494
660063,2025-09-21T11:49:23.710,20.0,20.494
660163,2025-09-21T11:49:23.810,20.0,20.494
660263,2025-09-21T11:49:23.910,20.0,20.494
660363,2025-09-21T11:49:24.010,20.0,20.494
660463,2025-09-21T11:49:24.110,20.0,20.494
660563,2025-09-21T11:49:24.210,20.0,20.494
660663,2025-09-21T11:49:24.310,20.0,20.494
660763,2025-09-21T11:49:24.410,20.0,20.494
660863,2025-09-21T11:49:24.510,20.0,20.494
660963,2025-09-21T11:49:24.610,20.0,20.494
661063,2025-09-21T11:49:24.710,20.0,20.494
661163,2025-09-21T11:49:24.810,20.0,20.494
661263,2025-09-21T11:49:24.909,20.0,20.494
661363,2025-09-21T11:49:25.010,20.0,20.494
661463,2025-09-21T11:49:25.110,20.0,20.494
661563,2025-09-21T11:49:25.210,20.0,20.477
661663,2025-09-21T11:49:25.309,20.0,20.494
661763,2025-09-21T11:49:25.410,20.0,20.494
661863,2025-09-21T11:49:25.510,20.0,20.494
661963,2025-09-21T11:49:25.610,20.0,20.494
662063,2025-09-21T11:49:25.710,20.0,20.494
662163,2025-09-21T11:49:25.810,20.0,20.494
662263,2025-09-21T11:49:25.910,20.0,20.494
662363,2025-09-21T11:49:26.010,20.0,20.494
662463,2025-09-21T11:49:26.109,20.0,20.494
662563,2025-09-21T11:49:26.210,20.0,20.494
662663,2025-09-21T11:49:26.310,20.0,20.494
662763,2025-09-21T11:49:26.410,20.0,20.494
662863,2025-09-21T11:49:26.510,20.0,20.494
662963,2025-09-21T11:49:26.610,20.0,20.494
663063,2025-09-21T11:49:26.710,20.0,20.494
663163,2025-09-21T11:49:26.810,20.0,20.494
663263,2025-09-21T11:49:26.910,20.0,20.494
663363,2025-09-21T11:49:27.010,20.0,20.494
663463,2025-09-21T11:49:27.110,20.0,20.494
663563,2025-09-21T11:49:27.210,20.0,20.494
663663,2025-09-21T11:49:27.310,20.0,20.494
663763,2025-09-21T11:49:27.410,20.0,20.494
663863,2025-09-21T11:49:27.510,20.0,20.494
663963,2025-09-21T11:49:27.610,20.0,20.494
664063,2025-09-21T11:49:27.710,20.0,20.494
664163,2025-09-21T11:49:27.810,20.0,20.494
664263,2025-09-21T11:49:27.910,20.0,20.494
664363,2025-09-21T11:49:28.010,20.0,20.494
664463,2025-09-21T11:49:28.110,20.0,20.477
664563,2025-09-21T11:49:28.210,20.0,20.477
664663,2025-09-21T11:49:28.310,20.0,20.494
664763,2025-09-21T11:49:28.410,20.0,20.477
664863,2025-09-21T11:49:28.510,20.0,20.477
664963,2025-09-21T11:49:28.610,20.0,20.477
665063,2025-09-21T11:49:28.710,20.0,20.477
665163,2025-09-21T11:49:28.810,20.0,20.494
665263,2025-09-21T11:49:28.910,20.0,20.477
665363,2025-09-21T11:49:29.010,20.0,20.494
665463,2025-09-21T11:49:29.110,20.0,20.494
665563,2025-09-21T11:49:29.209,20.0,20.494
665663,2025-09-21T11:49:29.310,20.0,20.477
665763,2025-09-21T11:49:29.410,20.0,20.494
665863,2025-09-21T11:49:29.509,20.0,20.477
665963,2025-09-21T11:49:29.610,20.0,20.477
666063,2025-09-21T11:49:29.710,20.0,20.477
666163,2025-09-21T11:49:29.810,20.0,20.494
666263,2025-09-21T11:49:29.910,20.0,20.494
666363,2025-09-21T11:49:30.010,20.0,20.477
666463,2025-09-21T11:49:30.110,20.0,20.477
666563,2025-09-21T11:49:30.210,20.0,20.494
666663,2025-09-21T11:49:30.310,20.0,20.477
666763,2025-09-21T11:49:30.410,20.0,20.494
666863,2025-09-21T11:49:30.509,20.0,20.494
666963,2025-09-21T11:49:30.609,20.0,20.477
667063,2025-09-21T11:49:30.710,20.0,20.477
667163,2025-09-21T11:49:30.810,20.0,20.477
667263,2025-09-21T11:49:30.909,20.0,20.477
667363,2025-09-21T11:49:31.009,20.0,20.477
667463,2025-09-21T11:49:31.109,20.0,20.477
667563,2025-09-21T11:49:31.209,20.0,20.477
667663,2025-09-21T11:49:31.310,20.0,20.477
667763,2025-09-21T11:49:31.410,20.0,20.477
667863,2025-09-21T11:49:31.509,20.0,20.477
667963,2025-09-21T11:49:31.609,20.0,20.477
668063,2025-09-21T11:49:31.710,20.0,20.477
668163,2025-09-21T11:49:31.810,20.0,20.477
668263,2025-09-21T11:49:31.910,20.0,20.477
668363,2025-09-21T11:49:32.009,20.0,20.477
668463,2025-09-21T11:49:32.110,20.0,20.494
668563,2025-09-21T11:49:32.210,20.0,20.494
668663,2025-09-21T11:49:32.310,20.0,20.477
668763,2025-09-21T11:49:32.409,20.0,20.494
668863,2025-09-21T11:49:32.510,20.0,20.494
668963,2025-09-21T11:49:32.609,20.0,20.494
669063,2025-09-21T11:49:32.710,20.0,20.494
669163,2025-09-21T11:49:32.810,20.0,20.494
669263,2025-09-21T11:49:32.910,20.0,20.494
669363,2025-09-21T11:49:33.010,20.0,20.494
669463,2025-09-21T11:49:33.110,20.0,20.494
669563,2025-09-21T11:49:33.210,20.0,20.443
669663,2025-09-21T11:49:33.310,20.0,20.494
669763,2025-09-21T11:49:33.410,20.0,20.494
669863,2025-09-21T11:49:33.510,20.0,20.494
669963,2025-09-21T11:49:33.610,20.0,20.494
670063,2025-09-21T11:49:33.709,20.0,20.494
682763,2025-09-21T11:49:46.410,30.0,29.927
682863,2025-09-21T11:49:46.510,30.0,29.927
682963,2025-09-21T11:49:46.610,30.0,29.927
683063,2025-09-21T11:49:46.709,30.0,29.927
683163,2025-09-21T11:49:46.809,30.0,29.927
683263,2025-09-21T11:49:46.910,30.0,29.927
683363,2025-09-21T11:49:47.010,30.0,29.927
683463,2025-09-21T11:49:47.110,30.0,29.927
683563,2025-09-21T11:49:47.210,30.0,29.927
683663,2025-09-21T11:49:47.310,30.0,29.927
683763,2025-09-21T11:49:47.409,30.0,29.910
683863,2025-09-21T11:49:47.510,30.0,29.927
683963,2025-09-21T11:49:47.609,30.0,29.875
684063,2025-09-21T11:49:47.710,30.0,29.858
684163,2025-09-21T11:49:47.810,30.0,29.858
684263,2025-09-21T11:49:47.910,30.0,29.858
684363,2025-09-21T11:49:48.009,30.0,29.858
684463,2025-09-21T11:49:48.109,30.0,29.910
684563,2025-09-21T11:49:48.210,30.0,29.927
684663,2025-09-21T11:49:48.310,30.0,29.927
684763,2025-09-21T11:49:48.410,30.0,29.910
684863,2025-09-21T11:49:48.510,30.0,29.910
684963,2025-09-21T11:49:48.609,30.0,29.910
685063,2025-09-21T11:49:48.710,30.0,29.910
685163,2025-09-21T11:49:48.810,30.0,29.910
685263,2025-09-21T11:49:48.910,30.0,29.910
685363,2025-09-21T11:49:49.009,30.0,29.910
685463,2025-09-21T11:49:49.110,30.0,29.910
685563,2025-09-21T11:49:49.209,30.0,29.910
685663,2025-09-21T11:49:49.310,30.0,29.910
685763,2025-09-21T11:49:49.409,30.0,29.910
685863,2025-09-21T11:49:49.510,30.0,29.910
685963,2025-09-21T11:49:49.609,30.0,29.910
686063,2025-09-21T11:49:49.710,30.0,29.910
686163,2025-09-21T11:49:49.810,30.0,29.910
686263,2025-09-21T11:49:49.909,30.0,29.910
686363,2025-09-21T11:49:50.009,30.0,29.910
686463,2025-09-21T11:49:50.110,30.0,29.858
686563,2025-09-21T11:49:50.209,30.0,29.858
686663,2025-09-21T11:49:50.309,30.0,29.858
686763,2025-09-21T11:49:50.410,30.0,29.858
686863,2025-09-21T11:49:50.510,30.0,29.858
686963,2025-09-21T11:49:50.610,30.0,29.858
687063,2025-09-21T11:49:50.710,30.0,29.858
687163,2025-09-21T11:49:50.810,30.0,29.858
687263,2025-09-21T11:49:50.910,30.0,29.858
687363,2025-09-21T11:49:51.010,30.0,29.858
687463,2025-09-21T11:49:51.110,30.0,29.858
687563,2025-09-21T11:49:51.210,30.0,29.858
687663,2025-09-21T11:49:51.310,30.0,29.858
687763,2025-09-21T11:49:51.409,30.0,29.858
687863,2025-09-21T11:49:51.510,30.0,29.858
687963,2025-09-21T11:49:51.610,30.0,29.858
688063,2025-09-21T11:49:51.710,30.0,29.858
688163,2025-09-21T11:49:51.810,30.0,29.858
688263,2025-09-21T11:49:51.910,30.0,29.858
688363,2025-09-21T11:49:52.009,30.0,29.858
688463,2025-09-21T11:49:52.109,30.0,29.858
688563,2025-09-21T11:49:52.210,30.0,29.858
688663,2025-09-21T11:49:52.309,30.0,29.858
688763,2025-09-21T11:49:52.409,30.0,29.858
688863,2025-09-21T11:49:52.510,30.0,29.858
688963,2025-09-21T11:49:52.609,30.0,29.875
689063,2025-09-21T11:49:52.710,30.0,29.858
689163,2025-09-21T11:49:52.809,30.0,29.858
689263,2025-09-21T11:49:52.910,30.0,29.858
689363,2025-09-21T11:49:53.010,30.0,29.875
689463,2025-09-21T11:49:53.110,30.0,29.875
689563,2025-09-21T11:49:53.210,30.0,29.858
689663,2025-09-21T11:49:53.310,30.0,29.858
689763,2025-09-21T11:49:53.410,30.0,29.858
689863,2025-09-21T11:49:53.509,30.0,29.875
689963,2025-09-21T11:49:53.610,30.0,29.875
690063,2025-09-21T11:49:53.709,30.0,29.858
690163,2025-09-21T11:49:53.810,30.0,29.858
690263,2025-09-21T11:49:53.910,30.0,29.858
690363,2025-09-21T11:49:54.010,30.0,29.858
690463,2025-09-21T11:49:54.110,30.0,29.858
690563,2025-09-21T11:49:54.210,30.0,29.875
690663,2025-09-21T11:49:54.310,30.0,29.858
690763,2025-09-21T11:49:54.410,30.0,29.875
690863,2025-09-21T11:49:54.510,30.0,29.858
690963,2025-09-21T11:49:54.610,30.0,29.875
691063,2025-09-21T11:49:54.709,30.0,29.858
691163,2025-09-21T11:49:54.810,30.0,29.875
691263,2025-09-21T11:49:54.910,30.0,29.875
691363,2025-09-21T11:49:55.010,30.0,29.875
691463,2025-09-21T11:49:55.110,30.0,29.858
691563,2025-09-21T11:49:55.210,30.0,29.875
691663,2025-09-21T11:49:55.310,30.0,29.858
691763,2025-09-21T11:49:55.410,30.0,29.858
691863,2025-09-21T11:49:55.510,30.0,29.858
691963,2025-09-21T11:49:55.610,30.0,29.875
692063,2025-09-21T11:49:55.710,30.0,29.875
692163,2025-09-21T11:49:55.809,30.0,29.875
692263,2025-09-21T11:49:55.910,30.0,29.858
692363,2025-09-21T11:49:56.010,30.0,29.875
692463,2025-09-21T11:49:56.110,30.0,29.858
692563,2025-09-21T11:49:56.210,30.0,29.875
692663,2025-09-21T11:49:56.310,30.0,29.875
692763,2025-09-21T11:49:56.409,30.0,29.875
692863,2025-09-21T11:49:56.510,30.0,29.858
692963,2025-09-21T11:49:56.610,30.0,29.858
693063,2025-09-21T11:49:56.710,30.0,29.858
693163,2025-09-21T11:49:56.809,30.0,29.875
693263,2025-09-21T11:49:56.909,30.0,29.875
693363,2025-09-21T11:49:57.010,30.0,29.858
693463,2025-09-21T11:49:57.109,30.0,29.875
693563,2025-09-21T11:49:57.210,30.0,29.858
693663,2025-09-21T11:49:57.309,30.0,29.875
693763,2025-09-21T11:49:57.410,30.0,29.875
693863,2025-09-21T11:49:57.509,30.0,29.875
693963,2025-09-21T11:49:57.610,30.0,29.875
694063,2025-09-21T11:49:57.710,30.0,29.858
694163,2025-09-21T11:49:57.810,30.0,29.858
694263,2025-09-21T11:49:57.910,30.0,29.858
694363,2025-09-21T11:49:58.010,30.0,29.858
694463,2025-09-21T11:49:58.109,30.0,29.858
694563,2025-09-21T11:49:58.209,30.0,29.858
694663,2025-09-21T11:49:58.309,30.0,29.858
694763,2025-09-21T11:49:58.409,30.0,29.858
694863,2025-09-21T11:49:58.510,30.0,29.875
694963,2025-09-21T11:49:58.610,30.0,29.875
695063,2025-09-21T11:49:58.710,30.0,29.858
695163,2025-09-21T11:49:58.810,30.0,29.875
695263,2025-09-21T11:49:58.910,30.0,29.875
695363,2025-09-21T11:49:59.009,30.0,29.875
695463,2025-09-21T11:49:59.109,30.0,29.858
695563,2025-09-21T11:49:59.210,30.0,29.875
695663,2025-09-21T11:49:59.309,30.0,29.858
695763,2025-09-21T11:49:59.410,30.0,29.875
695863,2025-09-21T11:49:59.509,30.0,29.875
695963,2025-09-21T11:49:59.610,30.0,29.875
696063,2025-09-21T11:49:59.710,30.0,29.875
696163,2025-09-21T11:49:59.809,30.0,29.875
696263,2025-09-21T11:49:59.909,30.0,29.875
696363,2025-09-21T11:50:00.010,30.0,29.875
696463,2025-09-21T11:50:00.109,30.0,29.858
696563,2025-09-21T11:50:00.209,30.0,29.875
696663,2025-09-21T11:50:00.310,30.0,29.875
696763,2025-09-21T11:50:00.410,30.0,29.875
696863,2025-09-21T11:50:00.509,30.0,29.875
696963,2025-09-21T11:50:00.610,30.0,29.875
697063,2025-09-21T11:50:00.709,30.0,29.875
697163,2025-09-21T11:50:00.809,30.0,29.875
697263,2025-09-21T11:50:00.909,30.0,29.875
697363,2025-09-21T11:50:01.010,30.0,29.875
697463,2025-09-21T11:50:01.110,30.0,29.875
697563,2025-09-21T11:50:01.209,30.0,29.875
697663,2025-09-21T11:50:01.309,30.0,29.875
697763,2025-09-21T11:50:01.410,30.0,29.875
697863,2025-09-21T11:50:01.509,30.0,29.875
697963,2025-09-21T11:50:01.609,30.0,29.875
698063,2025-09-21T11:50:01.710,30.0,29.875
698163,2025-09-21T11:50:01.809,30.0,29.875
698263,2025-09-21T11:50:01.910,30.0,29.875
698363,2025-09-21T11:50:02.010,30.0,29.875
698463,2025-09-21T11:50:02.109,30.0,29.875
698563,2025-09-21T11:50:02.210,30.0,29.875
698663,2025-09-21T11:50:02.309,30.0,29.875
698763,2025-09-21T11:50:02.409,30.0,29.875
698863,2025-09-21T11:50:02.509,30.0,29.875
698963,2025-09-21T11:50:02.610,30.0,29.875
699063,2025-09-21T11:50:02.709,30.0,29.875
699163,2025-09-21T11:50:02.810,30.0,29.875
699263,2025-09-21T11:50:02.909,30.0,29.875
699363,2025-09-21T11:50:03.010,30.0,29.875
699463,2025-09-21T11:50:03.110,30.0,29.875
699563,2025-09-21T11:50:03.210,30.0,29.875
699663,2025-09-21T11:50:03.309,30.0,29.875
699763,2025-09-21T11:50:03.409,30.0,29.875
699863,2025-09-21T11:50:03.510,30.0,29.875
699963,2025-09-21T11:50:03.609,30.0,29.875
700063,2025-09-21T11:50:03.709,30.0,29.875
700163,2025-09-21T11:50:03.809,30.0,29.875
700263,2025-09-21T11:50:03.910,30.0,29.875
700363,2025-09-21T11:50:04.009,30.0,29.875
700463,2025-09-21T11:50:04.110,30.0,29.875
700563,2025-09-21T11:50:04.209,30.0,29.875
700663,2025-09-21T11:50:04.309,30.0,29.875
700763,2025-09-21T11:50:04.409,30.0,29.875
700863,2025-09-21T11:50:04.509,30.0,29.875
700963,2025-09-21T11:50:04.610,30.0,29.875
701063,2025-09-21T11:50:04.709,30.0,29.875
701163,2025-09-21T11:50:04.809,30.0,29.875
701263,2025-09-21T11:50:04.909,30.0,29.875
701363,2025-09-21T11:50:05.009,30.0,29.875
701463,2025-09-21T11:50:05.110,30.0,29.875
701563,2025-09-21T11:50:05.209,30.0,29.875
701663,2025-09-21T11:50:05.309,30.0,29.875
701763,2025-09-21T11:50:05.409,30.0,29.875
701863,2025-09-21T11:50:05.510,30.0,29.875
701963,2025-09-21T11:50:05.609,30.0,29.875
702063,2025-09-21T11:50:05.710,30.0,29.875
702163,2025-09-21T11:50:05.809,30.0,29.875
702263,2025-09-21T11:50:05.909,30.0,29.875
702363,2025-09-21T11:50:06.009,30.0,29.875
702463,2025-09-21T11:50:06.109,30.0,29.875
702563,2025-09-21T11:50:06.209,30.0,29.875
702663,2025-09-21T11:50:06.309,30.0,29.875
702763,2025-09-21T11:50:06.410,30.0,29.875
702863,2025-09-21T11:50:06.509,30.0,29.875
702963,2025-09-21T11:50:06.609,30.0,29.875
703063,2025-09-21T11:50:06.708,30.0,29.875
703163,2025-09-21T11:50:06.809,30.0,29.875
703263,2025-09-21T11:50:06.909,30.0,29.875
703363,2025-09-21T11:50:07.009,30.0,29.875
703463,2025-09-21T11:50:07.109,30.0,29.875
703563,2025-09-21T11:50:07.209,30.0,29.875
703663,2025-09-21T11:50:07.310,30.0,29.875
703763,2025-09-21T11:50:07.409,30.0,29.875
703863,2025-09-21T11:50:07.509,30.0,29.875
703963,2025-09-21T11:50:07.609,30.0,29.875
704063,2025-09-21T11:50:07.709,30.0,29.875
704163,2025-09-21T11:50:07.809,30.0,29.875
704263,2025-09-21T11:50:07.909,30.0,29.875
704363,2025-09-21T11:50:08.009,30.0,29.824
704463,2025-09-21T11:50:08.109,30.0,29.875
704563,2025-09-21T11:50:08.209,30.0,29.875
704663,2025-09-21T11:50:08.309,30.0,29.875
704763,2025-09-21T11:50:08.409,30.0,29.875
704863,2025-09-21T11:50:08.509,30.0,29.875
704963,2025-09-21T11:50:08.609,30.0,29.875
705063,2025-09-21T11:50:08.708,30.0,29.875
712563,2025-09-21T11:50:16.210,40.0,39.719
712663,2025-09-21T11:50:16.310,40.0,39.719
712763,2025-09-21T11:50:16.409,40.0,39.719
712863,2025-09-21T11:50:16.509,40.0,39.771
712963,2025-09-21T11:50:16.609,40.0,39.771
713063,2025-09-21T11:50:16.709,40.0,39.788
713163,2025-09-21T11:50:16.810,40.0,39.771
713263,2025-09-21T11:50:16.909,40.0,39.771
713363,2025-09-21T11:50:17.010,40.0,40.148
713463,2025-09-21T11:50:17.109,40.0,40.148
713563,2025-09-21T11:50:17.210,40.0,39.788
713663,2025-09-21T11:50:17.310,40.0,39.788
713763,2025-09-21T11:50:17.409,40.0,39.788
713863,2025-09-21T11:50:17.510,40.0,39.771
713963,2025-09-21T11:50:17.610,40.0,39.771
714063,2025-09-21T11:50:17.709,40.0,40.148
714163,2025-09-21T11:50:17.810,40.0,40.148
714263,2025-09-21T11:50:17.909,40.0,40.148
714363,2025-09-21T11:50:18.010,40.0,39.719
714463,2025-09-21T11:50:18.109,40.0,39.719
714563,2025-09-21T11:50:18.209,40.0,39.788
714663,2025-09-21T11:50:18.309,40.0,39.771
714763,2025-09-21T11:50:18.410,40.0,39.771
714863,2025-09-21T11:50:18.510,40.0,40.148
714963,2025-09-21T11:50:18.610,40.0,40.148
715063,2025-09-21T11:50:18.709,40.0,40.148
715163,2025-09-21T11:50:18.809,40.0,39.771
715263,2025-09-21T11:50:18.909,40.0,40.148
715363,2025-09-21T11:50:19.009,40.0,39.788
715463,2025-09-21T11:50:19.110,40.0,39.771
715563,2025-09-21T11:50:19.209,40.0,39.788
715663,2025-09-21T11:50:19.310,40.0,39.788
715763,2025-09-21T11:50:19.409,40.0,39.788
715863,2025-09-21T11:50:19.510,40.0,39.788
715963,2025-09-21T11:50:19.609,40.0,39.788
716063,2025-09-21T11:50:19.710,40.0,39.788
716163,2025-09-21T11:50:19.810,40.0,39.788
716263,2025-09-21T11:50:19.909,40.0,39.788
716363,2025-09-21T11:50:20.009,40.0,39.788
716463,2025-09-21T11:50:20.110,40.0,39.788
716563,2025-09-21T11:50:20.210,40.0,39.788
716663,2025-09-21T11:50:20.309,40.0,39.788
716763,2025-09-21T11:50:20.409,40.0,39.788
716863,2025-09-21T11:50:20.510,40.0,39.788
716963,2025-09-21T11:50:20.609,40.0,39.788
717063,2025-09-21T11:50:20.709,40.0,39.771
717163,2025-09-21T11:50:20.810,40.0,39.788
717263,2025-09-21T11:50:20.910,40.0,39.788
717363,2025-09-21T11:50:21.010,40.0,39.771
717463,2025-09-21T11:50:21.109,40.0,39.788
717563,2025-09-21T11:50:21.210,40.0,39.771
717663,2025-09-21T11:50:21.309,40.0,39.771
717763,2025-09-21T11:50:21.410,40.0,39.788
717863,2025-09-21T11:50:21.509,40.0,39.771
717963,2025-09-21T11:50:21.609,40.0,39.788
718063,2025-09-21T11:50:21.710,40.0,39.788
718163,2025-09-21T11:50:21.809,40.0,39.788
718263,2025-09-21T11:50:21.909,40.0,39.788
718363,2025-09-21T11:50:22.009,40.0,39.788
718463,2025-09-21T11:50:22.109,40.0,39.788
718563,2025-09-21T11:50:22.210,40.0,39.788
718663,2025-09-21T11:50:22.309,40.0,39.788
718763,2025-09-21T11:50:22.410,40.0,39.788
718863,2025-09-21T11:50:22.509,40.0,39.771
718963,2025-09-21T11:50:22.610,40.0,39.788
719063,2025-09-21T11:50:22.709,40.0,40.148
719163,2025-09-21T11:50:22.810,40.0,40.148
719263,2025-09-21T11:50:22.909,40.0,39.719
719363,2025-09-21T11:50:23.009,40.0,39.737
719463,2025-09-21T11:50:23.109,40.0,39.719
719563,2025-09-21T11:50:23.209,40.0,39.719
719663,2025-09-21T11:50:23.310,40.0,39.719
719763,2025-09-21T11:50:23.409,40.0,39.737
719863,2025-09-21T11:50:23.509,40.0,39.719
719963,2025-09-21T11:50:23.609,40.0,39.788
720063,2025-09-21T11:50:23.709,40.0,39.771
720163,2025-09-21T11:50:23.809,40.0,39.788
720263,2025-09-21T11:50:23.909,40.0,39.771
720363,2025-09-21T11:50:24.009,40.0,39.788
720463,2025-09-21T11:50:24.109,40.0,39.788
720563,2025-09-21T11:50:24.209,40.0,39.788
720663,2025-09-21T11:50:24.309,40.0,39.788
720763,2025-09-21T11:50:24.410,40.0,39.788
720863,2025-09-21T11:50:24.510,40.0,39.788
720963,2025-09-21T11:50:24.609,40.0,40.148
721063,2025-09-21T11:50:24.710,40.0,39.771
721163,2025-09-21T11:50:24.810,40.0,39.788
721263,2025-09-21T11:50:24.909,40.0,39.771
721363,2025-09-21T11:50:25.009,40.0,39.788
721463,2025-09-21T11:50:25.109,40.0,39.788
721563,2025-09-21T11:50:25.210,40.0,39.788
721663,2025-09-21T11:50:25.309,40.0,40.148
721763,2025-09-21T11:50:25.409,40.0,39.719
721863,2025-09-21T11:50:25.509,40.0,39.719
721963,2025-09-21T11:50:25.610,40.0,39.737
722063,2025-09-21T11:50:25.710,40.0,39.719
722163,2025-09-21T11:50:25.809,40.0,39.719
722263,2025-09-21T11:50:25.909,40.0,39.719
722363,2025-09-21T11:50:26.009,40.0,39.788
722463,2025-09-21T11:50:26.109,40.0,39.771
722563,2025-09-21T11:50:26.209,40.0,39.771
722663,2025-09-21T11:50:26.310,40.0,40.148
722763,2025-09-21T11:50:26.409,40.0,39.771
722863,2025-09-21T11:50:26.509,40.0,39.788
722963,2025-09-21T11:50:26.609,40.0,39.771
723063,2025-09-21T11:50:26.709,40.0,39.788
723163,2025-09-21T11:50:26.810,40.0,39.771
723263,2025-09-21T11:50:26.910,40.0,39.788
723363,2025-09-21T11:50:27.009,40.0,39.771
723463,2025-09-21T11:50:27.109,40.0,39.788
723563,2025-09-21T11:50:27.210,40.0,39.788
723663,2025-09-21T11:50:27.309,40.0,39.771
723763,2025-09-21T11:50:27.409,40.0,40.148
723863,2025-09-21T11:50:27.508,40.0,40.148
723963,2025-09-21T11:50:27.609,40.0,40.148
724063,2025-09-21T11:50:27.709,40.0,40.148
724163,2025-09-21T11:50:27.809,40.0,39.719
724263,2025-09-21T11:50:27.909,40.0,39.719
724363,2025-09-21T11:50:28.009,40.0,39.719
724463,2025-09-21T11:50:28.109,40.0,39.719
724563,2025-09-21T11:50:28.209,40.0,39.719
724663,2025-09-21T11:50:28.309,40.0,39.719
724763,2025-09-21T11:50:28.409,40.0,39.719
724863,2025-09-21T11:50:28.509,40.0,39.719
724963,2025-09-21T11:50:28.610,40.0,39.719
725063,2025-09-21T11:50:28.709,40.0,39.719
725163,2025-09-21T11:50:28.809,40.0,40.148
725263,2025-09-21T11:50:28.909,40.0,39.719
725363,2025-09-21T11:50:29.009,40.0,39.719
725463,2025-09-21T11:50:29.109,40.0,39.719
725563,2025-09-21T11:50:29.209,40.0,39.719
725663,2025-09-21T11:50:29.309,40.0,40.131
725763,2025-09-21T11:50:29.409,40.0,40.148
725863,2025-09-21T11:50:29.509,40.0,39.719
725963,2025-09-21T11:50:29.609,40.0,39.771
726063,2025-09-21T11:50:29.709,40.0,39.771
726163,2025-09-21T11:50:29.808,40.0,39.771
736563,2025-09-21T11:50:40.209,50.0,49.598
736663,2025-09-21T11:50:40.310,50.0,49.649
736763,2025-09-21T11:50:40.410,50.0,49.649
736863,2025-09-21T11:50:40.510,50.0,49.615
736963,2025-09-21T11:50:40.609,50.0,49.649
737063,2025-09-21T11:50:40.709,50.0,49.649
737163,2025-09-21T11:50:40.809,50.0,49.666
737263,2025-09-21T11:50:40.909,50.0,49.666
737363,2025-09-21T11:50:41.009,50.0,49.666
737463,2025-09-21T11:50:41.109,50.0,49.666
737563,2025-09-21T11:50:41.209,50.0,49.666
737663,2025-09-21T11:50:41.309,50.0,50.027
737763,2025-09-21T11:50:41.409,50.0,50.044
737863,2025-09-21T11:50:41.509,50.0,50.044
737963,2025-09-21T11:50:41.609,50.0,50.044
738063,2025-09-21T11:50:41.709,50.0,49.632
738163,2025-09-21T11:50:41.809,50.0,49.632
738263,2025-09-21T11:50:41.909,50.0,49.666
738363,2025-09-21T11:50:42.009,50.0,49.666
738463,2025-09-21T11:50:42.109,50.0,49.666
738563,2025-09-21T11:50:42.209,50.0,49.684
738663,2025-09-21T11:50:42.309,50.0,49.684
738763,2025-09-21T11:50:42.409,50.0,49.684
738863,2025-09-21T11:50:42.509,50.0,49.684
738963,2025-09-21T11:50:42.609,50.0,49.684
739063,2025-09-21T11:50:42.710,50.0,49.666
739163,2025-09-21T11:50:42.809,50.0,49.666
739263,2025-09-21T11:50:42.909,50.0,50.044
739363,2025-09-21T11:50:43.009,50.0,49.632
739463,2025-09-21T11:50:43.109,50.0,49.632
739563,2025-09-21T11:50:43.209,50.0,49.615
739663,2025-09-21T11:50:43.309,50.0,49.615
739763,2025-09-21T11:50:43.409,50.0,49.615
739863,2025-09-21T11:50:43.510,50.0,49.632
739963,2025-09-21T11:50:43.610,50.0,49.615
740063,2025-09-21T11:50:43.709,50.0,49.632
740163,2025-09-21T11:50:43.809,50.0,49.632
740263,2025-09-21T11:50:43.910,50.0,49.632
740363,2025-09-21T11:50:44.009,50.0,49.684
740463,2025-09-21T11:50:44.109,50.0,49.632
740563,2025-09-21T11:50:44.210,50.0,49.632
740663,2025-09-21T11:50:44.309,50.0,49.632
740763,2025-09-21T11:50:44.410,50.0,49.615
740863,2025-09-21T11:50:44.509,50.0,49.632
740963,2025-09-21T11:50:44.609,50.0,49.632
741063,2025-09-21T11:50:44.709,50.0,49.615
741163,2025-09-21T11:50:44.809,50.0,49.632
741263,2025-09-21T11:50:44.909,50.0,49.615
741363,2025-09-21T11:50:45.009,50.0,49.615
741463,2025-09-21T11:50:45.109,50.0,49.632
741563,2025-09-21T11:50:45.208,50.0,49.615
741663,2025-09-21T11:50:45.308,50.0,49.632
741763,2025-09-21T11:50:45.409,50.0,49.615
741863,2025-09-21T11:50:45.508,50.0,49.632
741963,2025-09-21T11:50:45.608,50.0,49.632
742063,2025-09-21T11:50:45.708,50.0,49.632
742163,2025-09-21T11:50:45.809,50.0,49.632
742263,2025-09-21T11:50:45.909,50.0,49.632
742363,2025-09-21T11:50:46.010,50.0,49.632
742463,2025-09-21T11:50:46.110,50.0,49.666
742563,2025-09-21T11:50:46.209,50.0,50.044
742663,2025-09-21T11:50:46.310,50.0,50.044
742763,2025-09-21T11:50:46.409,50.0,49.666
742863,2025-09-21T11:50:46.509,50.0,50.044
742963,2025-09-21T11:50:46.609,50.0,50.044
743063,2025-09-21T11:50:46.709,50.0,50.044
743163,2025-09-21T11:50:46.809,50.0,50.044
743263,2025-09-21T11:50:46.910,50.0,50.044
743363,2025-09-21T11:50:47.010,50.0,49.632
743463,2025-09-21T11:50:47.109,50.0,49.615
743563,2025-09-21T11:50:47.209,50.0,49.615
743663,2025-09-21T11:50:47.309,50.0,49.615
743763,2025-09-21T11:50:47.410,50.0,50.044
743863,2025-09-21T11:50:47.509,50.0,49.632
743963,2025-09-21T11:50:47.609,50.0,49.632
744063,2025-09-21T11:50:47.709,50.0,50.044
744163,2025-09-21T11:50:47.809,50.0,49.632
744263,2025-09-21T11:50:47.909,50.0,49.632
744363,2025-09-21T11:50:48.009,50.0,49.615
744463,2025-09-21T11:50:48.109,50.0,49.632
744563,2025-09-21T11:50:48.210,50.0,49.632
744663,2025-09-21T11:50:48.309,50.0,49.632
744763,2025-09-21T11:50:48.409,50.0,49.632
744863,2025-09-21T11:50:48.509,50.0,49.632
744963,2025-09-21T11:50:48.609,50.0,49.632
745063,2025-09-21T11:50:48.709,50.0,49.615
745163,2025-09-21T11:50:48.809,50.0,49.632
745263,2025-09-21T11:50:48.909,50.0,49.615
745363,2025-09-21T11:50:49.009,50.0,49.632
745463,2025-09-21T11:50:49.109,50.0,49.615
745563,2025-09-21T11:50:49.209,50.0,49.615
745663,2025-09-21T11:50:49.309,50.0,49.615
745763,2025-09-21T11:50:49.409,50.0,49.992
745863,2025-09-21T11:50:49.509,50.0,49.615
745963,2025-09-21T11:50:49.609,50.0,49.615
746063,2025-09-21T11:50:49.709,50.0,49.615
746163,2025-09-21T11:50:49.809,50.0,49.615
746263,2025-09-21T11:50:49.909,50.0,49.615
746363,2025-09-21T11:50:50.009,50.0,49.666
746463,2025-09-21T11:50:50.109,50.0,49.666
746563,2025-09-21T11:50:50.209,50.0,49.666
746663,2025-09-21T11:50:50.309,50.0,49.666
746763,2025-09-21T11:50:50.409,50.0,49.666
746863,2025-09-21T11:50:50.509,50.0,49.649
746963,2025-09-21T11:50:50.609,50.0,49.666
747063,2025-09-21T11:50:50.709,50.0,49.649
747163,2025-09-21T11:50:50.809,50.0,49.666
747263,2025-09-21T11:50:50.909,50.0,49.666
747363,2025-09-21T11:50:51.009,50.0,49.666
747463,2025-09-21T11:50:51.109,50.0,49.649
747563,2025-09-21T11:50:51.209,50.0,49.649
747663,2025-09-21T11:50:51.309,50.0,49.649
747763,2025-09-21T11:50:51.409,50.0,49.649
747863,2025-09-21T11:50:51.509,50.0,49.649
747963,2025-09-21T11:50:51.609,50.0,49.666
748063,2025-09-21T11:50:51.709,50.0,49.649
748163,2025-09-21T11:50:51.808,50.0,49.649
762863,2025-09-21T11:51:06.509,60.0,59.133
762963,2025-09-21T11:51:06.609,60.0,58.722
763063,2025-09-21T11:51:06.709,60.0,58.739
763163,2025-09-21T11:51:06.809,60.0,58.739
763263,2025-09-21T11:51:06.909,60.0,59.150
763363,2025-09-21T11:51:07.009,60.0,59.150
763463,2025-09-21T11:51:07.109,60.0,59.133
763563,2025-09-21T11:51:07.209,60.0,59.133
763663,2025-09-21T11:51:07.309,60.0,58.739
763763,2025-09-21T11:51:07.409,60.0,58.739
763863,2025-09-21T11:51:07.509,60.0,58.722
763963,2025-09-21T11:51:07.609,60.0,58.739
764063,2025-09-21T11:51:07.709,60.0,58.756
764163,2025-09-21T11:51:07.810,60.0,58.739
764263,2025-09-21T11:51:07.909,60.0,58.704
764363,2025-09-21T11:51:08.009,60.0,58.722
764463,2025-09-21T11:51:08.109,60.0,58.722
764563,2025-09-21T11:51:08.209,60.0,58.722
764663,2025-09-21T11:51:08.309,60.0,59.133
764763,2025-09-21T11:51:08.410,60.0,58.756
764863,2025-09-21T11:51:08.509,60.0,58.756
764963,2025-09-21T11:51:08.609,60.0,58.773
765063,2025-09-21T11:51:08.710,60.0,58.773
765163,2025-09-21T11:51:08.809,60.0,58.773
765263,2025-09-21T11:51:08.910,60.0,58.756
765363,2025-09-21T11:51:09.009,60.0,58.773
765463,2025-09-21T11:51:09.108,60.0,58.773
765563,2025-09-21T11:51:09.209,60.0,58.756
765663,2025-09-21T11:51:09.309,60.0,58.773
765763,2025-09-21T11:51:09.409,60.0,58.773
765863,2025-09-21T11:51:09.509,60.0,58.773
765963,2025-09-21T11:51:09.609,60.0,58.756
766063,2025-09-21T11:51:09.709,60.0,58.756
766163,2025-09-21T11:51:09.809,60.0,59.167
766263,2025-09-21T11:51:09.909,60.0,59.167
766363,2025-09-21T11:51:10.009,60.0,59.167
766463,2025-09-21T11:51:10.109,60.0,59.167
766563,2025-09-21T11:51:10.210,60.0,59.167
766663,2025-09-21T11:51:10.309,60.0,59.150
766763,2025-09-21T11:51:10.409,60.0,58.790
766863,2025-09-21T11:51:10.509,60.0,58.756
766963,2025-09-21T11:51:10.609,60.0,58.756
767063,2025-09-21T11:51:10.709,60.0,59.150
767163,2025-09-21T11:51:10.809,60.0,58.756
767263,2025-09-21T11:51:10.909,60.0,58.756
767363,2025-09-21T11:51:11.009,60.0,58.773
767463,2025-09-21T11:51:11.110,60.0,59.167
767563,2025-09-21T11:51:11.209,60.0,59.167
767663,2025-09-21T11:51:11.309,60.0,58.773
767763,2025-09-21T11:51:11.409,60.0,58.773
767863,2025-09-21T11:51:11.509,60.0,58.790
767963,2025-09-21T11:51:11.609,60.0,59.167
768063,2025-09-21T11:51:11.709,60.0,58.756
768163,2025-09-21T11:51:11.809,60.0,59.150
768263,2025-09-21T11:51:11.909,60.0,58.773
768363,2025-09-21T11:51:12.009,60.0,59.150
768463,2025-09-21T11:51:12.109,60.0,58.739
768563,2025-09-21T11:51:12.209,60.0,58.773
768663,2025-09-21T11:51:12.309,60.0,59.167
768763,2025-09-21T11:51:12.410,60.0,59.150
768863,2025-09-21T11:51:12.509,60.0,58.773
768963,2025-09-21T11:51:12.609,60.0,59.150
769063,2025-09-21T11:51:12.709,60.0,59.150
769163,2025-09-21T11:51:12.809,60.0,58.739
769263,2025-09-21T11:51:12.909,60.0,58.739
769363,2025-09-21T11:51:13.009,60.0,58.739
769463,2025-09-21T11:51:13.109,60.0,58.739
769563,2025-09-21T11:51:13.209,60.0,58.739
769663,2025-09-21T11:51:13.309,60.0,58.739
769763,2025-09-21T11:51:13.408,60.0,58.739
769863,2025-09-21T11:51:13.509,60.0,58.739
769963,2025-09-21T11:51:13.609,60.0,58.739
770063,2025-09-21T11:51:13.709,60.0,58.739
770163,2025-09-21T11:51:13.809,60.0,59.133
770263,2025-09-21T11:51:13.909,60.0,58.773
770363,2025-09-21T11:51:14.009,60.0,59.150
770463,2025-09-21T11:51:14.109,60.0,58.756
770563,2025-09-21T11:51:14.209,60.0,58.773
770663,2025-09-21T11:51:14.309,60.0,59.167
770763,2025-09-21T11:51:14.402,60.0,0.806
770863,2025-09-21T11:51:14.502,60.0,0.806
770963,2025-09-21T11:51:14.602,60.0,0.806
771063,2025-09-21T11:51:14.703,60.0,0.806
771163,2025-09-21T11:51:14.809,60.0,59.202
771263,2025-09-21T11:51:14.909,60.0,58.790
771363,2025-09-21T11:51:15.009,60.0,58.790
771463,2025-09-21T11:51:15.109,60.0,58.790
771563,2025-09-21T11:51:15.209,60.0,58.790
771663,2025-09-21T11:51:15.309,60.0,59.219
771763,2025-09-21T11:51:15.409,60.0,58.807
771863,2025-09-21T11:51:15.509,60.0,59.219
771963,2025-09-21T11:51:15.609,60.0,58.807
772063,2025-09-21T11:51:15.708,60.0,59.219
772163,2025-09-21T11:51:15.809,60.0,59.219
772263,2025-09-21T11:51:15.909,60.0,59.219
772363,2025-09-21T11:51:16.009,60.0,58.859
772463,2025-09-21T11:51:16.108,60.0,58.859
772563,2025-09-21T11:51:16.208,60.0,58.859
772663,2025-09-21T11:51:16.309,60.0,58.859
772763,2025-09-21T11:51:16.402,60.0,0.806
772863,2025-09-21T11:51:16.502,60.0,0.806
772963,2025-09-21T11:51:16.609,60.0,58.859
773063,2025-09-21T11:51:16.708,60.0,58.859
773163,2025-09-21T11:51:16.808,60.0,58.859
773263,2025-09-21T11:51:16.909,60.0,58.859
773363,2025-09-21T11:51:17.009,60.0,59.219
773463,2025-09-21T11:51:17.109,60.0,58.842
773563,2025-09-21T11:51:17.208,60.0,58.842
773663,2025-09-21T11:51:17.302,60.0,0.806
773763,2025-09-21T11:51:17.402,60.0,0.806
773863,2025-09-21T11:51:17.502,60.0,0.806
773963,2025-09-21T11:51:17.602,60.0,0.806
774063,2025-09-21T11:51:17.703,60.0,0.806
774163,2025-09-21T11:51:17.803,60.0,0.806
774263,2025-09-21T11:51:17.902,60.0,0.806
774363,2025-09-21T11:51:18.008,60.0,58.859
774463,2025-09-21T11:51:18.109,60.0,58.859
774563,2025-09-21T11:51:18.208,60.0,59.270
774663,2025-09-21T11:51:18.309,60.0,59.270
774763,2025-09-21T11:51:18.408,60.0,58.876
