t_ms,t_rel_ms_global,t_rel_ms_truth,host_time_iso,true_distance_cm,measured_dist_cm,dist_kalman_cm
602863,0,0.0,2025-09-21T11:48:26.510,10.0,10.856,10.856
602963,100,100.0,2025-09-21T11:48:26.610,10.0,10.856,10.856
603063,200,200.0,2025-09-21T11:48:26.710,10.0,10.856,10.856
603163,300,300.0,2025-09-21T11:48:26.810,10.0,10.856,10.856
603263,400,400.0,2025-09-21T11:48:26.909,10.0,10.856,10.856
603363,500,500.0,2025-09-21T11:48:27.010,10.0,10.907,10.865411099221893
603463,600,600.0,2025-09-21T11:48:27.110,10.0,10.89,10.869276653223707
603563,700,700.0,2025-09-21T11:48:27.210,10.0,10.89,10.872122828863445
603663,800,800.0,2025-09-21T11:48:27.309,10.0,10.89,10.874309207507642
603763,900,900.0,2025-09-21T11:48:27.410,10.0,10.89,10.876043945554676
603863,1000,1000.0,2025-09-21T11:48:27.510,10.0,10.89,10.877455882646746
603963,1100,1100.0,2025-09-21T11:48:27.610,10.0,10.89,10.878629028293977
604063,1200,1200.0,2025-09-21T11:48:27.710,10.0,10.907,10.88110277234111
604163,1300,1300.0,2025-09-21T11:48:27.810,10.0,10.907,10.883223467501457
604263,1400,1400.0,2025-09-21T11:48:27.910,10.0,10.907,10.885063680904548
604363,1500,1500.0,2025-09-21T11:48:28.010,10.0,10.89,10.885426777425371
604463,1600,1600.0,2025-09-21T11:48:28.110,10.0,10.907,10.886942262419831
604563,1700,1700.0,2025-09-21T11:48:28.210,10.0,10.89,10.887148293718646
604663,1800,1800.0,2025-09-21T11:48:28.310,10.0,10.907,10.888436252248473
604763,1900,1900.0,2025-09-21T11:48:28.410,10.0,10.907,10.88959994991582
604863,2000,2000.0,2025-09-21T11:48:28.510,10.0,10.907,10.8906571150803
604963,2100,2100.0,2025-09-21T11:48:28.609,10.0,10.479,10.866348500679218
605063,2200,2200.0,2025-09-21T11:48:28.710,10.0,10.89,10.867709358515533
605163,2300,2300.0,2025-09-21T11:48:28.810,10.0,10.89,10.86896192172387
605263,2400,2400.0,2025-09-21T11:48:28.910,10.0,10.89,10.870118852152675
605363,2500,2500.0,2025-09-21T11:48:29.010,10.0,10.907,10.872107455399007
605463,2600,2600.0,2025-09-21T11:48:29.109,10.0,10.907,10.873955290260215
605563,2700,2700.0,2025-09-21T11:48:29.210,10.0,10.907,10.875676749412184
605663,2800,2800.0,2025-09-21T11:48:29.310,10.0,10.907,10.877284220031548
605763,2900,2900.0,2025-09-21T11:48:29.410,10.0,10.856,10.876206817427903
605863,3000,3000.0,2025-09-21T11:48:29.510,10.0,10.856,10.875196691673809
605963,3100,3100.0,2025-09-21T11:48:29.610,10.0,10.856,10.87424799043524
606063,3200,3200.0,2025-09-21T11:48:29.710,10.0,10.907,10.875849738096688
606163,3300,3300.0,2025-09-21T11:48:29.810,10.0,10.907,10.877358641095464
606263,3400,3400.0,2025-09-21T11:48:29.910,10.0,10.907,10.878781945550774
606363,3500,3500.0,2025-09-21T11:48:30.009,10.0,10.907,10.880126110762742
606463,3600,3600.0,2025-09-21T11:48:30.110,10.0,10.479,10.861157736069117
606563,3700,3700.0,2025-09-21T11:48:30.209,10.0,10.856,10.8609154636388
606663,3800,3800.0,2025-09-21T11:48:30.310,10.0,10.856,10.860685978924643
606763,3900,3900.0,2025-09-21T11:48:30.410,10.0,10.856,10.860468427795654
606863,4000,4000.0,2025-09-21T11:48:30.510,10.0,10.856,10.860262034623894
606963,4100,4100.0,2025-09-21T11:48:30.610,10.0,10.856,10.860066092803923
607063,4200,4200.0,2025-09-21T11:48:30.709,10.0,10.856,10.859879956637956
607163,4300,4300.0,2025-09-21T11:48:30.810,10.0,10.856,10.859703034364767
607263,4400,4400.0,2025-09-21T11:48:30.910,10.0,10.856,10.859534782150345
607363,4500,4500.0,2025-09-21T11:48:31.010,10.0,10.856,10.859374698890285
607463,4600,4600.0,2025-09-21T11:48:31.110,10.0,10.856,10.85922232169978
607563,4700,4700.0,2025-09-21T11:48:31.210,10.0,10.856,10.859077221987993
607663,4800,4800.0,2025-09-21T11:48:31.310,10.0,10.856,10.858939002030729
607763,4900,4900.0,2025-09-21T11:48:31.410,10.0,10.856,10.858807291969267
607863,5000,5000.0,2025-09-21T11:48:31.510,10.0,10.856,10.858681747174762
607963,5100,5100.0,2025-09-21T11:48:31.610,10.0,10.856,10.858562045927076
608063,5200,5200.0,2025-09-21T11:48:31.710,10.0,10.856,10.858447887364818
608163,5300,5300.0,2025-09-21T11:48:31.810,10.0,10.856,10.858338989669887
608263,5400,5400.0,2025-09-21T11:48:31.910,10.0,10.856,10.85823508845532
608363,5500,5500.0,2025-09-21T11:48:32.010,10.0,10.907,10.860398400329737
608463,5600,5600.0,2025-09-21T11:48:32.109,10.0,10.907,10.86246321727041
608563,5700,5700.0,2025-09-21T11:48:32.210,10.0,10.907,10.86443434162445
608663,5800,5800.0,2025-09-21T11:48:32.310,10.0,10.856,10.864061433062028
608763,5900,5900.0,2025-09-21T11:48:32.410,10.0,10.856,10.863705345024082
608863,6000,6000.0,2025-09-21T11:48:32.510,10.0,10.856,10.86336527690535
608963,6100,6100.0,2025-09-21T11:48:32.610,10.0,10.856,10.863040471412148
609063,6200,6200.0,2025-09-21T11:48:32.709,10.0,10.856,10.862730211598294
609163,6300,6300.0,2025-09-21T11:48:32.809,10.0,10.856,10.862433818170688
609263,6400,6400.0,2025-09-21T11:48:32.910,10.0,10.856,10.862150647034003
609363,6500,6500.0,2025-09-21T11:48:33.010,10.0,10.856,10.861880087047886
609463,6600,6600.0,2025-09-21T11:48:33.110,10.0,10.856,10.86162155797343
609563,6700,6700.0,2025-09-21T11:48:33.209,10.0,10.856,10.86137450858863
609663,6800,6800.0,2025-09-21T11:48:33.310,10.0,10.856,10.861138414955002
609763,6900,6900.0,2025-09-21T11:48:33.410,10.0,10.856,10.860912778819772
609863,7000,7000.0,2025-09-21T11:48:33.509,10.0,10.856,10.860697126139907
609963,7100,7100.0,2025-09-21T11:48:33.609,10.0,10.856,10.86049100571589
610063,7200,7200.0,2025-09-21T11:48:33.710,10.0,10.856,10.860293987924578
610163,7300,7300.0,2025-09-21T11:48:33.810,10.0,10.856,10.860105663541749
610263,7400,7400.0,2025-09-21T11:48:33.909,10.0,10.856,10.859925642645948
610363,7500,7500.0,2025-09-21T11:48:34.010,10.0,10.856,10.859753553596283
610463,7600,7600.0,2025-09-21T11:48:34.110,10.0,10.856,10.85958904207757
610563,7700,7700.0,2025-09-21T11:48:34.210,10.0,10.856,10.859431770206983
610663,7800,7800.0,2025-09-21T11:48:34.310,10.0,10.856,10.859281415697007
610763,7900,7900.0,2025-09-21T11:48:34.410,10.0,10.89,10.86062706399356
610863,8000,8000.0,2025-09-21T11:48:34.510,10.0,10.839,10.859679811294425
610963,8100,8100.0,2025-09-21T11:48:34.610,10.0,10.839,10.858774166102325
611063,8200,8200.0,2025-09-21T11:48:34.709,10.0,10.839,10.857908285964866
611163,8300,8300.0,2025-09-21T11:48:34.810,10.0,10.89,10.85931337886582
611263,8400,8400.0,2025-09-21T11:48:34.910,10.0,10.89,10.860656817350828
611363,8500,8500.0,2025-09-21T11:48:35.010,10.0,10.89,10.861941323632585
611463,8600,8600.0,2025-09-21T11:48:35.109,10.0,10.89,10.863169497615958
611563,8700,8700.0,2025-09-21T11:48:35.209,10.0,10.89,10.864343822657085
611663,8800,8800.0,2025-09-21T11:48:35.309,10.0,10.89,10.865466671018885
611763,8900,8900.0,2025-09-21T11:48:35.409,10.0,10.89,10.866540309042769
611863,9000,9000.0,2025-09-21T11:48:35.510,10.0,10.839,10.86533514871643
611963,9100,9100.0,2025-09-21T11:48:35.610,10.0,10.839,10.864182787643301
612063,9200,9200.0,2025-09-21T11:48:35.710,10.0,10.839,10.863080904902793
612163,9300,9300.0,2025-09-21T11:48:35.810,10.0,10.856,10.862771090981854
612263,9400,9400.0,2025-09-21T11:48:35.910,10.0,10.856,10.862474844592837
612363,9500,9500.0,2025-09-21T11:48:36.010,10.0,10.856,10.862191570059107
612463,9600,9600.0,2025-09-21T11:48:36.110,10.0,10.839,10.86117697324937
612563,9700,9700.0,2025-09-21T11:48:36.210,10.0,10.839,10.86020679386793
612663,9800,9800.0,2025-09-21T11:48:36.310,10.0,11.25,10.877258648490102
612763,9900,9900.0,2025-09-21T11:48:36.410,10.0,11.25,10.8935641282415
612863,10000,10000.0,2025-09-21T11:48:36.510,10.0,11.25,10.90915595611761
612963,10100,10100.0,2025-09-21T11:48:36.609,10.0,11.25,10.924065413738749
613063,10200,10200.0,2025-09-21T11:48:36.710,10.0,11.25,10.938322405681092
613163,10300,10300.0,2025-09-21T11:48:36.810,10.0,11.25,10.951955520831428
613263,10400,10400.0,2025-09-21T11:48:36.910,10.0,11.233,10.96424850495202
613363,10500,10500.0,2025-09-21T11:48:37.009,10.0,11.25,10.976747184596693
613463,10600,10600.0,2025-09-21T11:48:37.110,10.0,11.25,10.988699008943849
613563,10700,10700.0,2025-09-21T11:48:37.209,10.0,11.25,11.000127925546897
613663,10800,10800.0,2025-09-21T11:48:37.310,10.0,11.25,11.011056830630547
613763,10900,10900.0,2025-09-21T11:48:37.410,10.0,11.25,11.02150761557565
613863,11000,11000.0,2025-09-21T11:48:37.509,10.0,11.25,11.031501211307392
613963,11100,11100.0,2025-09-21T11:48:37.610,10.0,11.25,11.041057630686513
614063,11200,11200.0,2025-09-21T11:48:37.710,10.0,11.25,11.050196008997924
614163,11300,11300.0,2025-09-21T11:48:37.810,10.0,10.89,11.04318967131521
614263,11400,11400.0,2025-09-21T11:48:37.910,10.0,10.873,11.035746301362773
614363,11500,11500.0,2025-09-21T11:48:38.010,10.0,10.873,11.028628517121938
614463,11600,11600.0,2025-09-21T11:48:38.110,10.0,10.89,11.022565569894347
614563,11700,11700.0,2025-09-21T11:48:38.210,10.0,10.873,11.01602432255067
614663,11800,11800.0,2025-09-21T11:48:38.310,10.0,10.873,11.009769186421035
614763,11900,11900.0,2025-09-21T11:48:38.409,10.0,10.873,11.003787643377667
614863,12000,12000.0,2025-09-21T11:48:38.510,10.0,10.89,10.998811208369476
614963,12100,12100.0,2025-09-21T11:48:38.610,10.0,11.25,11.009796760862232
615063,12200,12200.0,2025-09-21T11:48:38.710,10.0,10.839,11.002327118203194
615163,12300,12300.0,2025-09-21T11:48:38.809,10.0,10.839,10.995184175467537
615263,12400,12400.0,2025-09-21T11:48:38.910,10.0,10.839,10.988353641033902
615363,12500,12500.0,2025-09-21T11:48:39.010,10.0,10.839,10.98182184881767
615463,12600,12600.0,2025-09-21T11:48:39.110,10.0,11.25,10.993550253000475
615563,12700,12700.0,2025-09-21T11:48:39.210,10.0,11.25,11.004765707528206
615663,12800,12800.0,2025-09-21T11:48:39.310,10.0,11.25,11.015490649607461
615763,12900,12900.0,2025-09-21T11:48:39.409,10.0,10.839,11.00777211809998
615863,13000,13000.0,2025-09-21T11:48:39.509,10.0,10.839,11.000391156071588
615963,13100,13100.0,2025-09-21T11:48:39.610,10.0,10.839,10.993332998429088
616063,13200,13200.0,2025-09-21T11:48:39.709,10.0,10.839,10.986583526085933
616163,13300,13300.0,2025-09-21T11:48:39.810,10.0,10.856,10.98087270075505
616263,13400,13400.0,2025-09-21T11:48:39.910,10.0,10.856,10.975411633885534
616363,13500,13500.0,2025-09-21T11:48:40.010,10.0,10.856,10.970189401704042
616463,13600,13600.0,2025-09-21T11:48:40.110,10.0,10.856,10.965195558312459
616563,13700,13700.0,2025-09-21T11:48:40.209,10.0,10.856,10.960420114770246
616663,13800,13800.0,2025-09-21T11:48:40.310,10.0,10.856,10.955853519093967
616763,13900,13900.0,2025-09-21T11:48:40.409,10.0,10.856,10.951486637133563
616863,14000,14000.0,2025-09-21T11:48:40.510,10.0,10.856,10.947310734286765
616963,14100,14100.0,2025-09-21T11:48:40.610,10.0,10.856,10.943317458014782
617063,14200,14200.0,2025-09-21T11:48:40.710,10.0,10.856,10.939498821124012
617163,14300,14300.0,2025-09-21T11:48:40.810,10.0,10.856,10.935847185780093
617263,14400,14400.0,2025-09-21T11:48:40.910,10.0,10.856,10.932355248222136
617363,14500,14500.0,2025-09-21T11:48:41.010,10.0,10.856,10.929016024146367
617463,14600,14600.0,2025-09-21T11:48:41.109,10.0,11.268,10.94384071580466
617563,14700,14700.0,2025-09-21T11:48:41.210,10.0,11.285,10.958760534287391
617663,14800,14800.0,2025-09-21T11:48:41.310,10.0,11.268,10.972284408334104
617763,14900,14900.0,2025-09-21T11:48:41.410,10.0,10.856,10.96719897973712
617863,15000,15000.0,2025-09-21T11:48:41.509,10.0,11.268,10.980353810333979
617963,15100,15100.0,2025-09-21T11:48:41.609,10.0,11.268,10.992933341974565
618063,15200,15200.0,2025-09-21T11:48:41.710,10.0,10.856,10.98694488470821
618163,15300,15300.0,2025-09-21T11:48:41.810,10.0,10.856,10.981218319714907
618263,15400,15400.0,2025-09-21T11:48:41.909,10.0,10.856,10.975742193550353
618363,15500,15500.0,2025-09-21T11:48:42.009,10.0,10.856,10.970505553687364
618463,15600,15600.0,2025-09-21T11:48:42.110,10.0,10.856,10.965497926605863
618563,15700,15700.0,2025-09-21T11:48:42.210,10.0,10.856,10.960709296841515
618663,15800,15800.0,2025-09-21T11:48:42.310,10.0,10.856,10.956130086951001
618763,15900,15900.0,2025-09-21T11:48:42.410,10.0,10.856,10.951751138353826
618863,16000,16000.0,2025-09-21T11:48:42.510,10.0,10.856,10.947563693012256
618963,16100,16100.0,2025-09-21T11:48:42.609,10.0,10.856,10.943559375912713
619063,16200,16200.0,2025-09-21T11:48:42.709,10.0,10.856,10.939730178313534
619163,16300,16300.0,2025-09-21T11:48:42.810,10.0,10.856,10.936068441725544
619263,16400,16400.0,2025-09-21T11:48:42.909,10.0,10.856,10.932566842593392
619363,16500,16500.0,2025-09-21T11:48:43.010,10.0,10.856,10.929218377646954
619463,16600,16600.0,2025-09-21T11:48:43.110,10.0,10.856,10.9260163498935
619563,16700,16700.0,2025-09-21T11:48:43.210,10.0,10.856,10.922954355222572
619663,16800,16800.0,2025-09-21T11:48:43.309,10.0,10.856,10.92002626959678
619763,16900,16900.0,2025-09-21T11:48:43.410,10.0,10.856,10.917226236802852
619863,17000,17000.0,2025-09-21T11:48:43.510,10.0,10.856,10.914548656738459
619963,17100,17100.0,2025-09-21T11:48:43.610,10.0,10.856,10.911988174211341
620063,17200,17200.0,2025-09-21T11:48:43.709,10.0,10.856,10.909539668228348
620163,17300,17300.0,2025-09-21T11:48:43.809,10.0,10.856,10.907198241752942
620263,17400,17400.0,2025-09-21T11:48:43.910,10.0,10.856,10.904959211910692
620363,17500,17500.0,2025-09-21T11:48:44.010,10.0,10.856,10.902818100623122
620463,17600,17600.0,2025-09-21T11:48:44.109,10.0,10.856,10.900770625651232
620563,17700,17700.0,2025-09-21T11:48:44.210,10.0,10.856,10.89881269203071
620663,17800,17800.0,2025-09-21T11:48:44.309,10.0,10.856,10.896940383881752
620763,17900,17900.0,2025-09-21T11:48:44.410,10.0,10.856,10.895149956577075
620863,18000,18000.0,2025-09-21T11:48:44.510,10.0,10.856,10.893437829252463
620963,18100,18100.0,2025-09-21T11:48:44.609,10.0,10.856,10.891800577644867
621063,18200,18200.0,2025-09-21T11:48:44.710,10.0,10.856,10.890234927243727
621163,18300,18300.0,2025-09-21T11:48:44.810,10.0,10.856,10.888737746741816
621263,18400,18400.0,2025-09-21T11:48:44.909,10.0,10.856,10.887306041772513
621363,18500,18500.0,2025-09-21T11:48:45.009,10.0,10.856,10.885936948920968
621463,18600,18600.0,2025-09-21T11:48:45.109,10.0,10.856,10.884627729997183
621563,18700,18700.0,2025-09-21T11:48:45.209,10.0,10.856,10.883375766559553
621663,18800,18800.0,2025-09-21T11:48:45.310,10.0,10.856,10.88217855467792
621763,18900,18900.0,2025-09-21T11:48:45.410,10.0,10.856,10.881033699925647
621863,19000,19000.0,2025-09-21T11:48:45.510,10.0,10.856,10.879938912590719
621963,19100,19100.0,2025-09-21T11:48:45.609,10.0,10.856,10.87889200309627
622063,19200,19200.0,2025-09-21T11:48:45.709,10.0,10.856,10.877890877621391
622163,19300,19300.0,2025-09-21T11:48:45.809,10.0,10.856,10.876933533913453
622263,19400,19400.0,2025-09-21T11:48:45.909,10.0,10.856,10.87601805728357
622363,19500,19500.0,2025-09-21T11:48:46.009,10.0,10.856,10.8751426167772
622463,19600,19600.0,2025-09-21T11:48:46.109,10.0,10.856,10.874305461512206
622563,19700,19700.0,2025-09-21T11:48:46.209,10.0,10.856,10.873504917177076
622663,19800,19800.0,2025-09-21T11:48:46.310,10.0,10.856,10.872739382682282
622763,19900,19900.0,2025-09-21T11:48:46.409,10.0,10.856,10.872007326958082
622863,20000,20000.0,2025-09-21T11:48:46.510,10.0,10.856,10.871307285892371
622963,20100,20100.0,2025-09-21T11:48:46.609,10.0,10.856,10.870637859402445
623063,20200,20200.0,2025-09-21T11:48:46.710,10.0,10.856,10.869997708634822
623163,20300,20300.0,2025-09-21T11:48:46.809,10.0,10.856,10.869385553287525
623263,20400,20400.0,2025-09-21T11:48:46.909,10.0,10.856,10.868800169049479
623363,20500,20500.0,2025-09-21T11:48:47.010,10.0,10.856,10.86824038515187
623463,20600,20600.0,2025-09-21T11:48:47.110,10.0,10.856,10.867705082026609
623563,20700,20700.0,2025-09-21T11:48:47.210,10.0,10.856,10.86719318906719
623663,20800,20800.0,2025-09-21T11:48:47.309,10.0,10.856,10.86670368248747
623763,20900,20900.0,2025-09-21T11:48:47.409,10.0,10.856,10.866235583274092
623863,21000,21000.0,2025-09-21T11:48:47.510,10.0,10.856,10.865787955228457
623963,21100,21100.0,2025-09-21T11:48:47.610,10.0,10.856,10.865359903094326
624063,21200,21200.0,2025-09-21T11:48:47.709,10.0,10.856,10.864950570767297
624163,21300,21300.0,2025-09-21T11:48:47.810,10.0,10.856,10.864559139582603
624263,21400,21400.0,2025-09-21T11:48:47.910,10.0,11.285,10.88294608587006
624363,21500,21500.0,2025-09-21T11:48:48.010,10.0,11.233,10.89825483227777
624463,21600,21600.0,2025-09-21T11:48:48.110,10.0,11.285,10.915168180346924
624563,21700,21700.0,2025-09-21T11:48:48.209,10.0,11.233,10.929067772735468
624663,21800,21800.0,2025-09-21T11:48:48.309,10.0,11.216,10.941616047492788
624763,21900,21900.0,2025-09-21T11:48:48.409,10.0,11.233,10.95435900748967
624863,22000,22000.0,2025-09-21T11:48:48.510,10.0,11.233,10.966544685488222
624963,22100,22100.0,2025-09-21T11:48:48.610,10.0,11.233,10.97819745284611
625063,22200,22200.0,2025-09-21T11:48:48.709,10.0,11.233,10.989340615099515
625163,22300,22300.0,2025-09-21T11:48:48.809,10.0,11.233,10.999996458574218
625263,22400,22400.0,2025-09-21T11:48:48.909,10.0,11.233,11.010186294958288
625363,22500,22500.0,2025-09-21T11:48:49.009,10.0,11.233,11.019930503925469
625463,22600,22600.0,2025-09-21T11:48:49.109,10.0,11.233,11.02924857389455
625563,22700,22700.0,2025-09-21T11:48:49.210,10.0,11.233,11.038159141006217
625663,22800,22800.0,2025-09-21T11:48:49.309,10.0,11.233,11.046680026395345
625763,22900,22900.0,2025-09-21T11:48:49.409,10.0,11.233,11.054828271833284
625863,23000,23000.0,2025-09-21T11:48:49.509,10.0,11.233,11.062620173811409
625963,23100,23100.0,2025-09-21T11:48:49.610,10.0,11.645,11.08808912203067
626063,23200,23200.0,2025-09-21T11:48:49.709,10.0,11.645,11.112444248484897
626163,23300,23300.0,2025-09-21T11:48:49.809,10.0,11.645,11.13573426342814
626263,23400,23400.0,2025-09-21T11:48:49.910,10.0,11.645,11.158005746891286
626363,23500,23500.0,2025-09-21T11:48:50.009,10.0,11.233,11.161285435956875
626463,23600,23600.0,2025-09-21T11:48:50.109,10.0,11.233,11.164421695893559
626563,23700,23700.0,2025-09-21T11:48:50.210,10.0,11.233,11.167420799221313
626663,23800,23800.0,2025-09-21T11:48:50.309,10.0,11.593,11.186032458021804
626763,23900,23900.0,2025-09-21T11:48:50.409,10.0,11.593,11.203830181734785
626863,24000,24000.0,2025-09-21T11:48:50.509,10.0,11.593,11.220849565808129
626963,24100,24100.0,2025-09-21T11:48:50.610,10.0,11.593,11.23712464901037
627063,24200,24200.0,2025-09-21T11:48:50.710,10.0,11.593,11.252687981508256
627163,24300,24300.0,2025-09-21T11:48:50.810,10.0,11.645,11.269844781970322
627263,24400,24400.0,2025-09-21T11:48:50.910,10.0,11.593,11.283977179991131
627363,24500,24500.0,2025-09-21T11:48:51.009,10.0,11.645,11.29976562437332
627463,24600,24600.0,2025-09-21T11:48:51.109,10.0,11.645,11.314863600002644
627563,24700,24700.0,2025-09-21T11:48:51.209,10.0,11.645,11.329301302830563
627663,24800,24800.0,2025-09-21T11:48:51.309,10.0,11.645,11.343107608262912
627763,24900,24900.0,2025-09-21T11:48:51.409,10.0,11.645,11.356310128910707
627863,25000,25000.0,2025-09-21T11:48:51.509,10.0,11.645,11.368935269815381
627963,25100,25100.0,2025-09-21T11:48:51.609,10.0,11.593,11.37873418925645
628063,25200,25200.0,2025-09-21T11:48:51.710,10.0,11.593,11.388104577075447
628163,25300,25300.0,2025-09-21T11:48:51.809,10.0,11.593,11.397065174048082
628263,25400,25400.0,2025-09-21T11:48:51.910,10.0,11.593,11.405633901368367
628363,25500,25500.0,2025-09-21T11:48:52.009,10.0,11.593,11.413827896490996
628463,25600,25600.0,2025-09-21T11:48:52.109,10.0,11.593,11.421663547406267
628563,25700,25700.0,2025-09-21T11:48:52.209,10.0,11.593,11.429156525416051
628663,25800,25800.0,2025-09-21T11:48:52.310,10.0,11.593,11.436321816476404
628763,25900,25900.0,2025-09-21T11:48:52.410,10.0,11.593,11.443173751169482
628863,26000,26000.0,2025-09-21T11:48:52.509,10.0,11.593,11.4497260333647
628963,26100,26100.0,2025-09-21T11:48:52.609,10.0,11.593,11.455991767626472
629063,26200,26200.0,2025-09-21T11:48:52.709,10.0,11.593,11.461983485423344
629163,26300,26300.0,2025-09-21T11:48:52.810,10.0,11.593,11.46771317019093
629263,26400,26400.0,2025-09-21T11:48:52.909,10.0,11.593,11.473192281298779
629363,26500,26500.0,2025-09-21T11:48:53.009,10.0,11.593,11.478431776969124
629463,26600,26600.0,2025-09-21T11:48:53.109,10.0,11.593,11.483442136193318
629563,26700,26700.0,2025-09-21T11:48:53.209,10.0,11.593,11.48823337968982
629663,26800,26800.0,2025-09-21T11:48:53.309,10.0,11.593,11.492815089945633
629763,26900,26900.0,2025-09-21T11:48:53.409,10.0,11.593,11.497196430381278
629863,27000,27000.0,2025-09-21T11:48:53.509,10.0,11.593,11.501386163677633
629963,27100,27100.0,2025-09-21T11:48:53.609,10.0,11.593,11.505392669301298
630063,27200,27200.0,2025-09-21T11:48:53.709,10.0,11.593,11.509223960263524
630163,27300,27300.0,2025-09-21T11:48:53.810,10.0,11.593,11.512887699146244
630263,27400,27400.0,2025-09-21T11:48:53.910,10.0,11.593,11.516391213427225
630363,27500,27500.0,2025-09-21T11:48:54.009,10.0,11.542,11.517511150671815
630463,27600,27600.0,2025-09-21T11:48:54.109,10.0,11.542,11.518582110217741
630563,27700,27700.0,2025-09-21T11:48:54.209,10.0,11.542,11.519606233984096
630663,27800,27800.0,2025-09-21T11:48:54.309,10.0,11.542,11.520585570218413
630763,27900,27900.0,2025-09-21T11:48:54.409,10.0,11.542,11.521522077593163
630863,28000,28000.0,2025-09-21T11:48:54.509,10.0,11.542,11.522417629123094
630963,28100,28100.0,2025-09-21T11:48:54.608,10.0,11.542,11.523274015911268
631063,28200,28200.0,2025-09-21T11:48:54.710,10.0,11.542,11.524092950731259
631163,28300,28300.0,2025-09-21T11:48:54.809,10.0,11.542,11.52487607145271
631263,28400,28400.0,2025-09-21T11:48:54.910,10.0,11.542,11.525624944317064
631363,28500,28500.0,2025-09-21T11:48:55.009,10.0,11.542,11.52634106707005
631463,28600,28600.0,2025-09-21T11:48:55.109,10.0,11.542,11.527025871957173
631563,28700,28700.0,2025-09-21T11:48:55.209,10.0,11.542,11.52768072858821
631663,28800,28800.0,2025-09-21T11:48:55.309,10.0,11.542,11.528306946676421
631763,28900,28900.0,2025-09-21T11:48:55.409,10.0,11.542,11.528905778657984
656463,53600,0.0,2025-09-21T11:49:20.110,20.0,20.494,11.920972106787595
656563,53700,100.0,2025-09-21T11:49:20.210,20.0,20.494,12.295892379130064
656663,53800,200.0,2025-09-21T11:49:20.310,20.0,20.494,12.654416436230168
656763,53900,300.0,2025-09-21T11:49:20.410,20.0,20.494,12.997261326202185
656863,54000,400.0,2025-09-21T11:49:20.510,20.0,20.494,13.325112738826128
656963,54100,500.0,2025-09-21T11:49:20.610,20.0,20.494,13.638626376927306
657063,54200,600.0,2025-09-21T11:49:20.710,20.0,20.494,13.938429267781972
657163,54300,700.0,2025-09-21T11:49:20.810,20.0,20.494,14.225121017171883
657263,54400,800.0,2025-09-21T11:49:20.910,20.0,20.494,14.499275008595857
657363,54500,900.0,2025-09-21T11:49:21.010,20.0,20.494,14.76143955003678
657463,54600,1000.0,2025-09-21T11:49:21.110,20.0,20.494,15.012138970577562
657563,54700,1100.0,2025-09-21T11:49:21.210,20.0,20.494,15.251874669059312
657663,54800,1200.0,2025-09-21T11:49:21.310,20.0,20.494,15.481126116879016
657763,54900,1300.0,2025-09-21T11:49:21.410,20.0,20.494,15.700351816932336
657863,55000,1400.0,2025-09-21T11:49:21.510,20.0,20.494,15.909990220619395
657963,55100,1500.0,2025-09-21T11:49:21.610,20.0,20.494,16.110460604747583
658063,55200,1600.0,2025-09-21T11:49:21.710,20.0,20.477,16.301420456930792
658163,55300,1700.0,2025-09-21T11:49:21.810,20.0,20.477,16.48402915002778
658263,55400,1800.0,2025-09-21T11:49:21.910,20.0,20.494,16.65939535457913
658363,55500,1900.0,2025-09-21T11:49:22.010,20.0,20.477,16.826348896685193
658463,55600,2000.0,2025-09-21T11:49:22.110,20.0,20.477,16.986001136584573
658563,55700,2100.0,2025-09-21T11:49:22.210,20.0,20.477,17.138671378757074
658663,55800,2200.0,2025-09-21T11:49:22.310,20.0,20.477,17.284664963687046
658763,55900,2300.0,2025-09-21T11:49:22.410,20.0,20.477,17.424273878544355
658863,56000,2400.0,2025-09-21T11:49:22.510,20.0,20.477,17.557777341158722
658963,56100,2500.0,2025-09-21T11:49:22.610,20.0,20.477,17.685442358455376
659063,56200,2600.0,2025-09-21T11:49:22.710,20.0,20.477,17.807524260468917
659163,56300,2700.0,2025-09-21T11:49:22.810,20.0,20.477,17.92426721100337
659263,56400,2800.0,2025-09-21T11:49:22.910,20.0,20.477,18.035904695959815
659363,56500,2900.0,2025-09-21T11:49:23.010,20.0,20.477,18.14265999030816
659463,56600,3000.0,2025-09-21T11:49:23.110,20.0,20.477,18.24474660463711
659563,56700,3100.0,2025-09-21T11:49:23.211,20.0,20.494,18.3431121653297
659663,56800,3200.0,2025-09-21T11:49:23.310,20.0,20.494,18.437175950352934
659763,56900,3300.0,2025-09-21T11:49:23.410,20.0,20.494,18.527126087276866
659863,57000,3400.0,2025-09-21T11:49:23.510,20.0,20.477,18.612399023220966
659963,57100,3500.0,2025-09-21T11:49:23.610,20.0,20.494,18.694686210365877
660063,57200,3600.0,2025-09-21T11:49:23.710,20.0,20.494,18.77337476993151
660163,57300,3700.0,2025-09-21T11:49:23.810,20.0,20.494,18.848622079037003
660263,57400,3800.0,2025-09-21T11:49:23.910,20.0,20.494,18.920578632300565
660363,57500,3900.0,2025-09-21T11:49:24.010,20.0,20.494,18.989388342828725
660463,57600,4000.0,2025-09-21T11:49:24.110,20.0,20.494,19.05518883004254
660563,57700,4100.0,2025-09-21T11:49:24.210,20.0,20.494,19.118111694916433
660663,57800,4200.0,2025-09-21T11:49:24.310,20.0,20.494,19.17828278318016
660763,57900,4300.0,2025-09-21T11:49:24.410,20.0,20.494,19.235822437010242
660863,58000,4400.0,2025-09-21T11:49:24.510,20.0,20.494,19.290845735714342
660963,58100,4500.0,2025-09-21T11:49:24.610,20.0,20.494,19.343462725889868
661063,58200,4600.0,2025-09-21T11:49:24.710,20.0,20.494,19.393778641517173
661163,58300,4700.0,2025-09-21T11:49:24.810,20.0,20.494,19.441894114427512
661263,58400,4800.0,2025-09-21T11:49:24.909,20.0,20.494,19.487905375566704
661363,58500,4900.0,2025-09-21T11:49:25.010,20.0,20.494,19.531904447457027
661463,58600,5000.0,2025-09-21T11:49:25.110,20.0,20.494,19.573979328242263
661563,58700,5100.0,2025-09-21T11:49:25.210,20.0,20.477,19.61347071452961
661663,58800,5200.0,2025-09-21T11:49:25.309,20.0,20.494,19.651978495400385
661763,58900,5300.0,2025-09-21T11:49:25.410,20.0,20.494,19.688802233261963
661863,59000,5400.0,2025-09-21T11:49:25.510,20.0,20.494,19.724015575590066
661963,59100,5500.0,2025-09-21T11:49:25.610,20.0,20.494,19.757688949069347
662063,59200,5600.0,2025-09-21T11:49:25.710,20.0,20.494,19.789889700446768
662163,59300,5700.0,2025-09-21T11:49:25.810,20.0,20.494,19.82068223122508
662263,59400,5800.0,2025-09-21T11:49:25.910,20.0,20.494,19.850128126465844
662363,59500,5900.0,2025-09-21T11:49:26.010,20.0,20.494,19.87828627795954
662463,59600,6000.0,2025-09-21T11:49:26.109,20.0,20.494,19.905213002009152
662563,59700,6100.0,2025-09-21T11:49:26.210,20.0,20.494,19.930962152062783
662663,59800,6200.0,2025-09-21T11:49:26.310,20.0,20.494,19.95558522642054
662763,59900,6300.0,2025-09-21T11:49:26.410,20.0,20.494,19.979131471231135
662863,60000,6400.0,2025-09-21T11:49:26.510,20.0,20.494,20.001647978984195
662963,60100,6500.0,2025-09-21T11:49:26.610,20.0,20.494,20.023179782695223
663063,60200,6600.0,2025-09-21T11:49:26.710,20.0,20.494,20.04376994597164
663163,60300,6700.0,2025-09-21T11:49:26.810,20.0,20.494,20.06345964914
663263,60400,6800.0,2025-09-21T11:49:26.910,20.0,20.494,20.082288271606643
663363,60500,6900.0,2025-09-21T11:49:27.010,20.0,20.494,20.1002934706165
663463,60600,7000.0,2025-09-21T11:49:27.110,20.0,20.494,20.117511256567585
663563,60700,7100.0,2025-09-21T11:49:27.210,20.0,20.494,20.13397606503181
663663,60800,7200.0,2025-09-21T11:49:27.310,20.0,20.494,20.149720825626098
663763,60900,7300.0,2025-09-21T11:49:27.410,20.0,20.494,20.164777027871637
663863,61000,7400.0,2025-09-21T11:49:27.510,20.0,20.494,20.17917478417292
663963,61100,7500.0,2025-09-21T11:49:27.610,20.0,20.494,20.192942890042545
664063,61200,7600.0,2025-09-21T11:49:27.710,20.0,20.494,20.20610888169226
664163,61300,7700.0,2025-09-21T11:49:27.810,20.0,20.494,20.218699091105357
664263,61400,7800.0,2025-09-21T11:49:27.910,20.0,20.494,20.230738698700666
664363,61500,7900.0,2025-09-21T11:49:28.010,20.0,20.494,20.242251783693376
664463,61600,8000.0,2025-09-21T11:49:28.110,20.0,20.477,20.252517919099095
664563,61700,8100.0,2025-09-21T11:49:28.210,20.0,20.477,20.26233509034301
664663,61800,8200.0,2025-09-21T11:49:28.310,20.0,20.494,20.27246638492199
664763,61900,8300.0,2025-09-21T11:49:28.410,20.0,20.477,20.281411159116438
664863,62000,8400.0,2025-09-21T11:49:28.510,20.0,20.477,20.289964755629118
664963,62100,8500.0,2025-09-21T11:49:28.610,20.0,20.477,20.29814428165306
665063,62200,8600.0,2025-09-21T11:49:28.710,20.0,20.477,20.305966096240304
665163,62300,8700.0,2025-09-21T11:49:28.810,20.0,20.494,20.314189296174405
665263,62400,8800.0,2025-09-21T11:49:28.910,20.0,20.477,20.32130942154648
665363,62500,8900.0,2025-09-21T11:49:29.010,20.0,20.494,20.328861618916026
665463,62600,9000.0,2025-09-21T11:49:29.110,20.0,20.494,20.3360835395234
665563,62700,9100.0,2025-09-21T11:49:29.209,20.0,20.494,20.34298962720982
665663,62800,9200.0,2025-09-21T11:49:29.310,20.0,20.477,20.34885024099629
665763,62900,9300.0,2025-09-21T11:49:29.410,20.0,20.494,20.355198008419123
665863,63000,9400.0,2025-09-21T11:49:29.509,20.0,20.477,20.36052471870442
665963,63100,9500.0,2025-09-21T11:49:29.610,20.0,20.477,20.365618478427123
666063,63200,9600.0,2025-09-21T11:49:29.710,20.0,20.477,20.370489475106684
666163,63300,9700.0,2025-09-21T11:49:29.810,20.0,20.494,20.375890903890834
666263,63400,9800.0,2025-09-21T11:49:29.910,20.0,20.494,20.381056114482764
666363,63500,9900.0,2025-09-21T11:49:30.010,20.0,20.477,20.385251984149285
666463,63600,10000.0,2025-09-21T11:49:30.110,20.0,20.477,20.389264357784104
666563,63700,10100.0,2025-09-21T11:49:30.210,20.0,20.494,20.393844713288868
666663,63800,10200.0,2025-09-21T11:49:30.310,20.0,20.477,20.39748130506583
666763,63900,10300.0,2025-09-21T11:49:30.410,20.0,20.494,20.401702312607306
666863,64000,10400.0,2025-09-21T11:49:30.509,20.0,20.494,20.405738724773993
666963,64100,10500.0,2025-09-21T11:49:30.609,20.0,20.477,20.408855161235852
667063,64200,10600.0,2025-09-21T11:49:30.710,20.0,20.477,20.411835308020184
667163,64300,10700.0,2025-09-21T11:49:30.810,20.0,20.477,20.414685125420554
667263,64400,10800.0,2025-09-21T11:49:30.909,20.0,20.477,20.417410313071766
667363,64500,10900.0,2025-09-21T11:49:31.009,20.0,20.477,20.420016321349124
667463,64600,11000.0,2025-09-21T11:49:31.109,20.0,20.477,20.422508362269177
667563,64700,11100.0,2025-09-21T11:49:31.209,20.0,20.477,20.42489141991377
667663,64800,11200.0,2025-09-21T11:49:31.310,20.0,20.477,20.427170260398192
667763,64900,11300.0,2025-09-21T11:49:31.410,20.0,20.477,20.42934944140341
667863,65000,11400.0,2025-09-21T11:49:31.509,20.0,20.477,20.431433321291433
667963,65100,11500.0,2025-09-21T11:49:31.609,20.0,20.477,20.43342606782204
668063,65200,11600.0,2025-09-21T11:49:31.710,20.0,20.477,20.435331666488292
668163,65300,11700.0,2025-09-21T11:49:31.810,20.0,20.477,20.43715392848752
668263,65400,11800.0,2025-09-21T11:49:31.910,20.0,20.477,20.43889649834372
668363,65500,11900.0,2025-09-21T11:49:32.009,20.0,20.477,20.44056286119661
668463,65600,12000.0,2025-09-21T11:49:32.110,20.0,20.494,20.44289980292627
668563,65700,12100.0,2025-09-21T11:49:32.210,20.0,20.494,20.44513454426178
668663,65800,12200.0,2025-09-21T11:49:32.310,20.0,20.477,20.446528101531438
668763,65900,12300.0,2025-09-21T11:49:32.409,20.0,20.494,20.448604168158536
668863,66000,12400.0,2025-09-21T11:49:32.510,20.0,20.494,20.45058944312195
668963,66100,12500.0,2025-09-21T11:49:32.609,20.0,20.494,20.452487896971608
669063,66200,12600.0,2025-09-21T11:49:32.710,20.0,20.494,20.45430332661521
669163,66300,12700.0,2025-09-21T11:49:32.810,20.0,20.494,20.456039362912044
669263,66400,12800.0,2025-09-21T11:49:32.910,20.0,20.494,20.4576994779347
669363,66500,12900.0,2025-09-21T11:49:33.010,20.0,20.494,20.459286991913224
669463,66600,13000.0,2025-09-21T11:49:33.110,20.0,20.494,20.460805079875577
669563,66700,13100.0,2025-09-21T11:49:33.210,20.0,20.443,20.460026418534554
669663,66800,13200.0,2025-09-21T11:49:33.310,20.0,20.494,20.461512169493727
669763,66900,13300.0,2025-09-21T11:49:33.410,20.0,20.494,20.462932944791888
669863,67000,13400.0,2025-09-21T11:49:33.510,20.0,20.494,20.46429158597963
669963,67100,13500.0,2025-09-21T11:49:33.610,20.0,20.494,20.465590810339332
670063,67200,13600.0,2025-09-21T11:49:33.709,20.0,20.494,20.466833216319714
682763,79900,0.0,2025-09-21T11:49:46.410,30.0,29.927,20.88055032433428
682863,80000,100.0,2025-09-21T11:49:46.510,30.0,29.927,21.276174532997516
682963,80100,200.0,2025-09-21T11:49:46.610,30.0,29.927,21.654497090726746
683063,80200,300.0,2025-09-21T11:49:46.709,30.0,29.927,22.01627464263743
683163,80300,400.0,2025-09-21T11:49:46.809,30.0,29.927,22.36223074383339
683263,80400,500.0,2025-09-21T11:49:46.910,30.0,29.927,22.693057306517016
683363,80500,600.0,2025-09-21T11:49:47.010,30.0,29.927,23.009415983813675
683463,80600,700.0,2025-09-21T11:49:47.110,30.0,29.927,23.31193949307796
683563,80700,800.0,2025-09-21T11:49:47.210,30.0,29.927,23.601232881328404
683663,80800,900.0,2025-09-21T11:49:47.310,30.0,29.927,23.877874735341504
683763,80900,1000.0,2025-09-21T11:49:47.409,30.0,29.91,24.14167488567091
683863,81000,1100.0,2025-09-21T11:49:47.510,30.0,29.927,24.394681838926033
683963,81100,1200.0,2025-09-21T11:49:47.609,30.0,29.875,24.63435006385739
684063,81200,1300.0,2025-09-21T11:49:47.710,30.0,29.858,24.862793535762084
684163,81300,1400.0,2025-09-21T11:49:47.810,30.0,29.858,25.081246594738303
684263,81400,1500.0,2025-09-21T11:49:47.910,30.0,29.858,25.290146146904
684363,81500,1600.0,2025-09-21T11:49:48.009,30.0,29.858,25.489909991363504
684463,81600,1700.0,2025-09-21T11:49:48.109,30.0,29.91,25.683211747807356
684563,81700,1800.0,2025-09-21T11:49:48.210,30.0,29.927,25.8688033809012
684663,81800,1900.0,2025-09-21T11:49:48.310,30.0,29.927,26.04627862075684
684763,81900,2000.0,2025-09-21T11:49:48.410,30.0,29.91,26.215248964699622
684863,82000,2100.0,2025-09-21T11:49:48.510,30.0,29.91,26.376829806571802
684963,82100,2200.0,2025-09-21T11:49:48.609,30.0,29.91,26.531344308057125
685063,82200,2300.0,2025-09-21T11:49:48.710,30.0,29.91,26.679101498158563
685163,82300,2400.0,2025-09-21T11:49:48.810,30.0,29.91,26.82039689125632
685263,82400,2500.0,2025-09-21T11:49:48.910,30.0,29.91,26.955513078136587
685363,82500,2600.0,2025-09-21T11:49:49.009,30.0,29.91,27.084720291173127
685463,82600,2700.0,2025-09-21T11:49:49.110,30.0,29.91,27.208276944792015
685563,82700,2800.0,2025-09-21T11:49:49.209,30.0,29.91,27.326430152300485
685663,82800,2900.0,2025-09-21T11:49:49.310,30.0,29.91,27.439416220113557
685763,82900,3000.0,2025-09-21T11:49:49.409,30.0,29.91,27.547461120366858
685863,83000,3100.0,2025-09-21T11:49:49.510,30.0,29.91,27.65078094286089
685963,83100,3200.0,2025-09-21T11:49:49.609,30.0,29.91,27.749582327240645
686063,83200,3300.0,2025-09-21T11:49:49.710,30.0,29.91,27.844062876274883
686163,83300,3400.0,2025-09-21T11:49:49.810,30.0,29.91,27.934411551061668
686263,83400,3500.0,2025-09-21T11:49:49.909,30.0,29.91,28.02080904895058
686363,83500,3600.0,2025-09-21T11:49:50.009,30.0,29.91,28.10342816493739
686463,83600,3700.0,2025-09-21T11:49:50.110,30.0,29.858,28.180160045252457
686563,83700,3800.0,2025-09-21T11:49:50.209,30.0,29.858,28.253536245658026
686663,83800,3900.0,2025-09-21T11:49:50.309,30.0,29.858,28.32370351855491
686763,83900,4000.0,2025-09-21T11:49:50.410,30.0,29.858,28.390802198488906
686863,84000,4100.0,2025-09-21T11:49:50.510,30.0,29.858,28.45496648281988
686963,84100,4200.0,2025-09-21T11:49:50.610,30.0,29.858,28.516324700116495
687063,84200,4300.0,2025-09-21T11:49:50.710,30.0,29.858,28.574999566813343
687163,84300,4400.0,2025-09-21T11:49:50.810,30.0,29.858,28.631108432643817
687263,84400,4500.0,2025-09-21T11:49:50.910,30.0,29.858,28.68476351533958
687363,84500,4600.0,2025-09-21T11:49:51.010,30.0,29.858,28.73607212506602
687463,84600,4700.0,2025-09-21T11:49:51.110,30.0,29.858,28.785136879042593
687563,84700,4800.0,2025-09-21T11:49:51.210,30.0,29.858,28.83205590677725
687663,84800,4900.0,2025-09-21T11:49:51.310,30.0,29.858,28.876923046325462
687763,84900,5000.0,2025-09-21T11:49:51.409,30.0,29.858,28.919828031966325
687863,85000,5100.0,2025-09-21T11:49:51.510,30.0,29.858,28.96085667367112
687963,85100,5200.0,2025-09-21T11:49:51.610,30.0,29.858,29.000091028723258
688063,85200,5300.0,2025-09-21T11:49:51.710,30.0,29.858,29.03760956583284
688163,85300,5400.0,2025-09-21T11:49:51.810,30.0,29.858,29.07348732207409
688263,85400,5500.0,2025-09-21T11:49:51.910,30.0,29.858,29.10779605295949
688363,85500,5600.0,2025-09-21T11:49:52.009,30.0,29.858,29.140604375950808
688463,85600,5700.0,2025-09-21T11:49:52.109,30.0,29.858,29.17197790769403
688563,85700,5800.0,2025-09-21T11:49:52.210,30.0,29.858,29.201979395252636
688663,85800,5900.0,2025-09-21T11:49:52.309,30.0,29.858,29.230668841601748
688763,85900,6000.0,2025-09-21T11:49:52.409,30.0,29.858,29.258103625634064
688863,86000,6100.0,2025-09-21T11:49:52.510,30.0,29.858,29.284338616917648
688963,86100,6200.0,2025-09-21T11:49:52.609,30.0,29.875,29.310169738589444
689063,86200,6300.0,2025-09-21T11:49:52.710,30.0,29.858,29.33412774658404
689163,86300,6400.0,2025-09-21T11:49:52.809,30.0,29.858,29.357038010071808
689263,86400,6500.0,2025-09-21T11:49:52.910,30.0,29.858,29.378946349579717
689363,86500,6600.0,2025-09-21T11:49:53.010,30.0,29.875,29.400640034941162
689463,86600,6700.0,2025-09-21T11:49:53.110,30.0,29.875,29.42138500037249
689563,86700,6800.0,2025-09-21T11:49:53.210,30.0,29.858,29.440479282650184
689663,86800,6900.0,2025-09-21T11:49:53.310,30.0,29.858,29.45873852349318
689763,86900,7000.0,2025-09-21T11:49:53.410,30.0,29.858,29.476199241383163
689863,87000,7100.0,2025-09-21T11:49:53.509,30.0,29.875,29.493639810910288
689963,87100,7200.0,2025-09-21T11:49:53.610,30.0,29.875,29.510317660059233
690063,87200,7300.0,2025-09-21T11:49:53.709,30.0,29.858,29.525522691373922
690163,87300,7400.0,2025-09-21T11:49:53.810,30.0,29.858,29.54006276807136
690263,87400,7500.0,2025-09-21T11:49:53.910,30.0,29.858,29.553966970304938
690363,87500,7600.0,2025-09-21T11:49:54.010,30.0,29.858,29.567263106479125
690463,87600,7700.0,2025-09-21T11:49:54.110,30.0,29.858,29.57997776886627
690563,87700,7800.0,2025-09-21T11:49:54.210,30.0,29.875,29.592879839945528
690663,87800,7900.0,2025-09-21T11:49:54.310,30.0,29.858,29.604474217550298
690763,87900,8000.0,2025-09-21T11:49:54.410,30.0,29.875,29.616304996744546
690863,88000,8100.0,2025-09-21T11:49:54.510,30.0,29.858,29.626874932777906
690963,88100,8200.0,2025-09-21T11:49:54.610,30.0,29.875,29.637726071831196
691063,88200,8300.0,2025-09-21T11:49:54.709,30.0,29.858,29.647359209873773
691163,88300,8400.0,2025-09-21T11:49:54.810,30.0,29.875,29.657314519490473
691263,88400,8500.0,2025-09-21T11:49:54.910,30.0,29.875,29.666834458146155
691363,88500,8600.0,2025-09-21T11:49:55.010,30.0,29.875,29.67593806571813
691463,88600,8700.0,2025-09-21T11:49:55.110,30.0,29.858,29.683900096267166
691563,88700,8800.0,2025-09-21T11:49:55.210,30.0,29.875,29.692257380163113
691663,88800,8900.0,2025-09-21T11:49:55.310,30.0,29.858,29.69950572566501
691763,88900,9000.0,2025-09-21T11:49:55.410,30.0,29.858,29.706437082618237
691863,89000,9100.0,2025-09-21T11:49:55.510,30.0,29.858,29.7130653137367
691963,89100,9200.0,2025-09-21T11:49:55.610,30.0,29.875,29.72014712863701
692063,89200,9300.0,2025-09-21T11:49:55.710,30.0,29.875,29.726919237794593
692163,89300,9400.0,2025-09-21T11:49:55.809,30.0,29.875,29.733395185427767
692263,89400,9500.0,2025-09-21T11:49:55.910,30.0,29.858,29.73884447027742
692363,89500,9600.0,2025-09-21T11:49:56.010,30.0,29.875,29.744798897222005
692463,89600,9700.0,2025-09-21T11:49:56.110,30.0,29.858,29.74974946880666
692563,89700,9800.0,2025-09-21T11:49:56.210,30.0,29.875,29.7552269924833
692663,89800,9900.0,2025-09-21T11:49:56.310,30.0,29.875,29.76046497014491
692763,89900,10000.0,2025-09-21T11:49:56.409,30.0,29.875,29.765473877746807
692863,90000,10100.0,2025-09-21T11:49:56.510,30.0,29.858,29.769520279949823
692963,90100,10200.0,2025-09-21T11:49:56.610,30.0,29.858,29.77338972271274
693063,90200,10300.0,2025-09-21T11:49:56.710,30.0,29.858,29.77708994492108
693163,90300,10400.0,2025-09-21T11:49:56.809,30.0,29.875,29.78137180017364
693263,90400,10500.0,2025-09-21T11:49:56.909,30.0,29.875,29.78546639902655
693363,90500,10600.0,2025-09-21T11:49:57.010,30.0,29.858,29.788638477523136
693463,90600,10700.0,2025-09-21T11:49:57.109,30.0,29.875,29.792415286129142
693563,90700,10800.0,2025-09-21T11:49:57.210,30.0,29.858,29.79528347215303
693663,90800,10900.0,2025-09-21T11:49:57.309,30.0,29.875,29.7987696782756
693763,90900,11000.0,2025-09-21T11:49:57.410,30.0,29.875,29.802103423754723
693863,91000,11100.0,2025-09-21T11:49:57.509,30.0,29.875,29.805291376081353
693963,91100,11200.0,2025-09-21T11:49:57.610,30.0,29.875,29.808339911160147
694063,91200,11300.0,2025-09-21T11:49:57.710,30.0,29.858,29.810511672906888
694163,91300,11400.0,2025-09-21T11:49:57.810,30.0,29.858,29.81258845799944
694263,91400,11500.0,2025-09-21T11:49:57.910,30.0,29.858,29.81457442000799
694363,91500,11600.0,2025-09-21T11:49:58.010,30.0,29.858,29.81647353085656
694463,91600,11700.0,2025-09-21T11:49:58.109,30.0,29.858,29.81828958876684
694563,91700,11800.0,2025-09-21T11:49:58.209,30.0,29.858,29.820026225854654
694663,91800,11900.0,2025-09-21T11:49:58.309,30.0,29.858,29.821686915394178
694763,91900,12000.0,2025-09-21T11:49:58.409,30.0,29.858,29.82327497876449
694863,92000,12100.0,2025-09-21T11:49:58.510,30.0,29.875,29.82553704524671
694963,92100,12200.0,2025-09-21T11:49:58.610,30.0,29.875,29.82770018581942
695063,92200,12300.0,2025-09-21T11:49:58.710,30.0,29.858,29.829025273609393
695163,92300,12400.0,2025-09-21T11:49:58.810,30.0,29.875,29.83103586510096
695263,92400,12500.0,2025-09-21T11:49:58.910,30.0,29.875,29.83295852832273
695363,92500,12600.0,2025-09-21T11:49:59.009,30.0,29.875,29.834797108601148
695463,92600,12700.0,2025-09-21T11:49:59.109,30.0,29.858,29.83581182994239
695563,92700,12800.0,2025-09-21T11:49:59.210,30.0,29.875,29.837525628097893
695663,92800,12900.0,2025-09-21T11:49:59.309,30.0,29.858,29.838421024355217
695763,92900,13000.0,2025-09-21T11:49:59.410,30.0,29.875,29.840020715815626
695863,93000,13100.0,2025-09-21T11:49:59.509,30.0,29.875,29.841550448707665
695963,93100,13200.0,2025-09-21T11:49:59.610,30.0,29.875,29.843013282497118
696063,93200,13300.0,2025-09-21T11:49:59.710,30.0,29.875,29.844412142851567
696163,93300,13400.0,2025-09-21T11:49:59.809,30.0,29.875,29.84574982749172
696263,93400,13500.0,2025-09-21T11:49:59.909,30.0,29.875,29.847029011786855
696363,93500,13600.0,2025-09-21T11:50:00.010,30.0,29.875,29.848252254105564
696463,93600,13700.0,2025-09-21T11:50:00.109,30.0,29.858,29.84867854777811
696563,93700,13800.0,2025-09-21T11:50:00.209,30.0,29.875,29.84982965170059
696663,93800,13900.0,2025-09-21T11:50:00.310,30.0,29.875,29.850930414926466
696763,93900,14000.0,2025-09-21T11:50:00.410,30.0,29.875,29.851983038982198
696863,94000,14100.0,2025-09-21T11:50:00.509,30.0,29.875,29.852989629115893
696963,94100,14200.0,2025-09-21T11:50:00.610,30.0,29.875,29.85395219850782
697063,94200,14300.0,2025-09-21T11:50:00.709,30.0,29.875,29.854872672296764
697163,94300,14400.0,2025-09-21T11:50:00.809,30.0,29.875,29.855752891430303
697263,94400,14500.0,2025-09-21T11:50:00.909,30.0,29.875,29.8565946163467
697363,94500,14600.0,2025-09-21T11:50:01.010,30.0,29.875,29.85739953049579
697463,94600,14700.0,2025-09-21T11:50:01.110,30.0,29.875,29.858169243705873
697563,94700,14800.0,2025-09-21T11:50:01.209,30.0,29.875,29.858905295403368
697663,94800,14900.0,2025-09-21T11:50:01.309,30.0,29.875,29.85960915769167
697763,94900,15000.0,2025-09-21T11:50:01.410,30.0,29.875,29.86028223829535
697863,95000,15100.0,2025-09-21T11:50:01.509,30.0,29.875,29.860925883375625
697963,95100,15200.0,2025-09-21T11:50:01.609,30.0,29.875,29.86154138022265
698063,95200,15300.0,2025-09-21T11:50:01.710,30.0,29.875,29.86212995983012
698163,95300,15400.0,2025-09-21T11:50:01.809,30.0,29.875,29.86269279935725
698263,95400,15500.0,2025-09-21T11:50:01.910,30.0,29.875,29.8632310244831
698363,95500,15600.0,2025-09-21T11:50:02.010,30.0,29.875,29.863745711657913
698463,95600,15700.0,2025-09-21T11:50:02.109,30.0,29.875,29.864237890256042
698563,95700,15800.0,2025-09-21T11:50:02.210,30.0,29.875,29.864708544634684
698663,95800,15900.0,2025-09-21T11:50:02.309,30.0,29.875,29.865158616102594
698763,95900,16000.0,2025-09-21T11:50:02.409,30.0,29.875,29.865589004802708
698863,96000,16100.0,2025-09-21T11:50:02.509,30.0,29.875,29.866000571512426
698963,96100,16200.0,2025-09-21T11:50:02.610,30.0,29.875,29.86639413936517
699063,96200,16300.0,2025-09-21T11:50:02.709,30.0,29.875,29.866770495496645
699163,96300,16400.0,2025-09-21T11:50:02.810,30.0,29.875,29.867130392619114
699263,96400,16500.0,2025-09-21T11:50:02.909,30.0,29.875,29.867474550526822
699363,96500,16600.0,2025-09-21T11:50:03.010,30.0,29.875,29.867803657535582
699463,96600,16700.0,2025-09-21T11:50:03.110,30.0,29.875,29.868118371859413
699563,96700,16800.0,2025-09-21T11:50:03.210,30.0,29.875,29.868419322926965
699663,96800,16900.0,2025-09-21T11:50:03.309,30.0,29.875,29.86870711264037
699763,96900,17000.0,2025-09-21T11:50:03.409,30.0,29.875,29.868982316579054
699863,97000,17100.0,2025-09-21T11:50:03.510,30.0,29.875,29.8692454851509
699963,97100,17200.0,2025-09-21T11:50:03.609,30.0,29.875,29.869497144693042
700063,97200,17300.0,2025-09-21T11:50:03.709,30.0,29.875,29.869737798524575
700163,97300,17400.0,2025-09-21T11:50:03.809,30.0,29.875,29.869967927953155
700263,97400,17500.0,2025-09-21T11:50:03.910,30.0,29.875,29.870187993237643
700363,97500,17600.0,2025-09-21T11:50:04.009,30.0,29.875,29.870398434508605
700463,97600,17700.0,2025-09-21T11:50:04.110,30.0,29.875,29.870599672648584
700563,97700,17800.0,2025-09-21T11:50:04.209,30.0,29.875,29.87079211013386
700663,97800,17900.0,2025-09-21T11:50:04.309,30.0,29.875,29.870976131839402
700763,97900,18000.0,2025-09-21T11:50:04.409,30.0,29.875,29.871152105808626
700863,98000,18100.0,2025-09-21T11:50:04.509,30.0,29.875,29.871320383989467
700963,98100,18200.0,2025-09-21T11:50:04.610,30.0,29.875,29.871481302938285
701063,98200,18300.0,2025-09-21T11:50:04.709,30.0,29.875,29.87163518449298
701163,98300,18400.0,2025-09-21T11:50:04.809,30.0,29.875,29.87178233641666
701263,98400,18500.0,2025-09-21T11:50:04.909,30.0,29.875,29.871923053013177
701363,98500,18600.0,2025-09-21T11:50:05.009,30.0,29.875,29.87205761571572
701463,98600,18700.0,2025-09-21T11:50:05.110,30.0,29.875,29.87218629364969
701563,98700,18800.0,2025-09-21T11:50:05.209,30.0,29.875,29.87230934417096
701663,98800,18900.0,2025-09-21T11:50:05.309,30.0,29.875,29.872427013380577
701763,98900,19000.0,2025-09-21T11:50:05.409,30.0,29.875,29.87253953661695
701863,99000,19100.0,2025-09-21T11:50:05.510,30.0,29.875,29.87264713892656
701963,99100,19200.0,2025-09-21T11:50:05.609,30.0,29.875,29.872750035514024
702063,99200,19300.0,2025-09-21T11:50:05.710,30.0,29.875,29.872848432172514
702163,99300,19400.0,2025-09-21T11:50:05.809,30.0,29.875,29.87294252569535
702263,99400,19500.0,2025-09-21T11:50:05.909,30.0,29.875,29.873032504269577
702363,99500,19600.0,2025-09-21T11:50:06.009,30.0,29.875,29.873118547852343
702463,99600,19700.0,2025-09-21T11:50:06.109,30.0,29.875,29.873200828530813
702563,99700,19800.0,2025-09-21T11:50:06.209,30.0,29.875,29.873279510866343
702663,99800,19900.0,2025-09-21T11:50:06.309,30.0,29.875,29.87335475222361
702763,99900,20000.0,2025-09-21T11:50:06.410,30.0,29.875,29.873426703085318
702863,100000,20100.0,2025-09-21T11:50:06.509,30.0,29.875,29.8734955073532
702963,100100,20200.0,2025-09-21T11:50:06.609,30.0,29.875,29.87356130263579
703063,100200,20300.0,2025-09-21T11:50:06.708,30.0,29.875,29.87362422052365
703163,100300,20400.0,2025-09-21T11:50:06.809,30.0,29.875,29.873684386852556
703263,100400,20500.0,2025-09-21T11:50:06.909,30.0,29.875,29.87374192195517
703363,100500,20600.0,2025-09-21T11:50:07.009,30.0,29.875,29.87379694090169
703463,100600,20700.0,2025-09-21T11:50:07.109,30.0,29.875,29.873849553730018
703563,100700,20800.0,2025-09-21T11:50:07.209,30.0,29.875,29.873899865665805
703663,100800,20900.0,2025-09-21T11:50:07.310,30.0,29.875,29.87394797733292
703763,100900,21000.0,2025-09-21T11:50:07.409,30.0,29.875,29.873993984954705
703863,101000,21100.0,2025-09-21T11:50:07.509,30.0,29.875,29.874037980546397
703963,101100,21200.0,2025-09-21T11:50:07.609,30.0,29.875,29.87408005209918
704063,101200,21300.0,2025-09-21T11:50:07.709,30.0,29.875,29.874120283756167
704163,101300,21400.0,2025-09-21T11:50:07.809,30.0,29.875,29.874158755980663
704263,101400,21500.0,2025-09-21T11:50:07.909,30.0,29.875,29.87419554571712
704363,101500,21600.0,2025-09-21T11:50:08.009,30.0,29.824,29.872000367081885
704463,101600,21700.0,2025-09-21T11:50:08.109,30.0,29.875,29.87213154864394
704563,101700,21800.0,2025-09-21T11:50:08.209,30.0,29.875,29.87225699330328
704663,101800,21900.0,2025-09-21T11:50:08.309,30.0,29.875,29.87237695194923
704763,101900,22000.0,2025-09-21T11:50:08.409,30.0,29.875,29.87249166449908
704863,102000,22100.0,2025-09-21T11:50:08.509,30.0,29.875,29.872601360377928
704963,102100,22200.0,2025-09-21T11:50:08.609,30.0,29.875,29.87270625897753
705063,102200,22300.0,2025-09-21T11:50:08.708,30.0,29.875,29.872806570095086
712563,109700,0.0,2025-09-21T11:50:16.210,40.0,39.719,30.303405603274875
712663,109800,100.0,2025-09-21T11:50:16.310,40.0,39.719,30.715173447661215
712763,109900,200.0,2025-09-21T11:50:16.409,40.0,39.719,31.108933638942876
712863,110000,300.0,2025-09-21T11:50:16.509,40.0,39.771,31.48774778950404
712963,110100,400.0,2025-09-21T11:50:16.609,40.0,39.771,31.849995435644217
713063,110200,500.0,2025-09-21T11:50:16.709,40.0,39.788,32.19714452581006
713163,110300,600.0,2025-09-21T11:50:16.810,40.0,39.771,32.52836845187314
713263,110400,700.0,2025-09-21T11:50:16.909,40.0,39.771,32.84510711483997
713363,110500,800.0,2025-09-21T11:50:17.010,40.0,40.148,33.16448115904822
713463,110600,900.0,2025-09-21T11:50:17.109,40.0,40.148,33.469888165574574
713563,110700,1000.0,2025-09-21T11:50:17.210,40.0,39.788,33.74619523457471
713663,110800,1100.0,2025-09-21T11:50:17.310,40.0,39.788,34.010418694043985
713763,110900,1200.0,2025-09-21T11:50:17.409,40.0,39.788,34.26308699090135
713863,111000,1300.0,2025-09-21T11:50:17.510,40.0,39.771,34.50396200858614
713963,111100,1400.0,2025-09-21T11:50:17.610,40.0,39.771,34.73430295028811
714063,111200,1500.0,2025-09-21T11:50:17.709,40.0,40.148,34.971057664902396
714163,111300,1600.0,2025-09-21T11:50:17.810,40.0,40.148,35.19745849484649
714263,111400,1700.0,2025-09-21T11:50:17.909,40.0,40.148,35.41395824178027
714363,111500,1800.0,2025-09-21T11:50:18.010,40.0,39.719,35.60222864618425
714463,111600,1900.0,2025-09-21T11:50:18.109,40.0,39.719,35.7822655078806
714563,111700,2000.0,2025-09-21T11:50:18.209,40.0,39.788,35.95744644574871
714663,111800,2100.0,2025-09-21T11:50:18.309,40.0,39.771,36.12422282335394
714763,111900,2200.0,2025-09-21T11:50:18.410,40.0,39.771,36.283705646605874
714863,112000,2300.0,2025-09-21T11:50:18.510,40.0,40.148,36.452701048162766
714963,112100,2400.0,2025-09-21T11:50:18.610,40.0,40.148,36.614305851815985
715063,112200,2500.0,2025-09-21T11:50:18.709,40.0,40.148,36.768843267172834
715163,112300,2600.0,2025-09-21T11:50:18.809,40.0,39.771,36.90013520205228
715263,112400,2700.0,2025-09-21T11:50:18.909,40.0,40.148,37.04217257434758
715363,112500,2800.0,2025-09-21T11:50:19.009,40.0,39.788,37.16225457793421
715463,112600,2900.0,2025-09-21T11:50:19.110,40.0,39.771,37.276341637522336
715563,112700,3000.0,2025-09-21T11:50:19.209,40.0,39.788,37.38618283353988
715663,112800,3100.0,2025-09-21T11:50:19.310,40.0,39.788,37.491220395224495
715763,112900,3200.0,2025-09-21T11:50:19.409,40.0,39.788,37.59166439769957
715863,113000,3300.0,2025-09-21T11:50:19.510,40.0,39.788,37.68771572897003
715963,113100,3400.0,2025-09-21T11:50:19.609,40.0,39.788,37.779566491698446
716063,113200,3500.0,2025-09-21T11:50:19.710,40.0,39.788,37.86740038741025
716163,113300,3600.0,2025-09-21T11:50:19.810,40.0,39.788,37.951393083896875
716263,113400,3700.0,2025-09-21T11:50:19.909,40.0,39.788,38.0317125665513
716363,113500,3800.0,2025-09-21T11:50:20.009,40.0,39.788,38.10851947433882
716463,113600,3900.0,2025-09-21T11:50:20.110,40.0,39.788,38.18196742107502
716563,113700,4000.0,2025-09-21T11:50:20.210,40.0,39.788,38.25220330265337
716663,113800,4100.0,2025-09-21T11:50:20.309,40.0,39.788,38.319367590837025
716763,113900,4200.0,2025-09-21T11:50:20.409,40.0,39.788,38.38359461420236
716863,114000,4300.0,2025-09-21T11:50:20.510,40.0,39.788,38.445012826796095
716963,114100,4400.0,2025-09-21T11:50:20.609,40.0,39.788,38.503745065043425
717063,114200,4500.0,2025-09-21T11:50:20.709,40.0,39.771,38.55916534026647
717163,114300,4600.0,2025-09-21T11:50:20.810,40.0,39.788,38.61290539932442
717263,114400,4700.0,2025-09-21T11:50:20.910,40.0,39.788,38.66429526918102
717363,114500,4800.0,2025-09-21T11:50:21.010,40.0,39.771,38.7126942764216
717463,114600,4900.0,2025-09-21T11:50:21.109,40.0,39.788,38.759720125369405
717563,114700,5000.0,2025-09-21T11:50:21.210,40.0,39.771,38.80394596141357
717663,114800,5100.0,2025-09-21T11:50:21.309,40.0,39.771,38.84623768938056
717763,114900,5200.0,2025-09-21T11:50:21.410,40.0,39.788,38.88742334588069
717863,115000,5300.0,2025-09-21T11:50:21.509,40.0,39.771,38.9260643959182
717963,115100,5400.0,2025-09-21T11:50:21.609,40.0,39.788,38.96375902790193
718063,115200,5500.0,2025-09-21T11:50:21.710,40.0,39.788,38.99980517794146
718163,115300,5600.0,2025-09-21T11:50:21.809,40.0,39.788,39.03427493833688
718263,115400,5700.0,2025-09-21T11:50:21.909,40.0,39.788,39.06723724860897
718363,115500,5800.0,2025-09-21T11:50:22.009,40.0,39.788,39.098758033378274
718463,115600,5900.0,2025-09-21T11:50:22.109,40.0,39.788,39.128900334214336
718563,115700,6000.0,2025-09-21T11:50:22.210,40.0,39.788,39.157724435718826
718663,115800,6100.0,2025-09-21T11:50:22.309,40.0,39.788,39.18528798609476
718763,115900,6200.0,2025-09-21T11:50:22.410,40.0,39.788,39.21164611244287
718863,116000,6300.0,2025-09-21T11:50:22.509,40.0,39.771,39.2361080778615
718963,116100,6400.0,2025-09-21T11:50:22.610,40.0,39.788,39.26024371259023
719063,116200,6500.0,2025-09-21T11:50:22.709,40.0,40.148,39.299067548601506
719163,116300,6600.0,2025-09-21T11:50:22.810,40.0,40.148,39.33619351970999
719263,116400,6700.0,2025-09-21T11:50:22.909,40.0,39.719,39.35293461884452
719363,116500,6800.0,2025-09-21T11:50:23.009,40.0,39.737,39.36973077290961
719463,116600,6900.0,2025-09-21T11:50:23.109,40.0,39.719,39.38500520282766
719563,116700,7000.0,2025-09-21T11:50:23.209,40.0,39.719,39.39961164315135
719663,116800,7100.0,2025-09-21T11:50:23.310,40.0,39.719,39.413579306761356
719763,116900,7200.0,2025-09-21T11:50:23.409,40.0,39.737,39.42772331467775
719863,117000,7300.0,2025-09-21T11:50:23.509,40.0,39.719,39.44046158353063
719963,117100,7400.0,2025-09-21T11:50:23.609,40.0,39.788,39.45566032070656
720063,117200,7500.0,2025-09-21T11:50:23.709,40.0,39.771,39.469450925369536
720163,117300,7600.0,2025-09-21T11:50:23.809,40.0,39.788,39.48338188503762
720263,117400,7700.0,2025-09-21T11:50:23.909,40.0,39.771,39.49596015532141
720363,117500,7800.0,2025-09-21T11:50:24.009,40.0,39.788,39.50873179907022
720463,117600,7900.0,2025-09-21T11:50:24.109,40.0,39.788,39.520944906417164
720563,117700,8000.0,2025-09-21T11:50:24.209,40.0,39.788,39.53262390357694
720663,117800,8100.0,2025-09-21T11:50:24.309,40.0,39.788,39.54379214854387
720763,117900,8200.0,2025-09-21T11:50:24.410,40.0,39.788,39.55447197780789
720863,118000,8300.0,2025-09-21T11:50:24.510,40.0,39.788,39.56468475102753
720963,118100,8400.0,2025-09-21T11:50:24.609,40.0,40.148,39.59019460760659
721063,118200,8500.0,2025-09-21T11:50:24.710,40.0,39.771,39.59810168638912
721163,118300,8600.0,2025-09-21T11:50:24.810,40.0,39.788,39.60640642169881
721263,118400,8700.0,2025-09-21T11:50:24.909,40.0,39.771,39.613604516697514
721363,118500,8800.0,2025-09-21T11:50:25.009,40.0,39.788,39.62123127388399
721463,118600,8900.0,2025-09-21T11:50:25.109,40.0,39.788,39.62852449361824
721563,118700,9000.0,2025-09-21T11:50:25.210,40.0,39.788,39.635498762339715
721663,118800,9100.0,2025-09-21T11:50:25.309,40.0,40.148,39.65791174244325
721763,118900,9200.0,2025-09-21T11:50:25.409,40.0,39.719,39.6605832870183
721863,119000,9300.0,2025-09-21T11:50:25.509,40.0,39.719,39.663137998167386
721963,119100,9400.0,2025-09-21T11:50:25.610,40.0,39.737,39.66636817100568
722063,119200,9500.0,2025-09-21T11:50:25.710,40.0,39.719,39.668669894493114
722163,119300,9600.0,2025-09-21T11:50:25.809,40.0,39.719,39.67087095776954
722263,119400,9700.0,2025-09-21T11:50:25.909,40.0,39.719,39.6729757629615
722363,119500,9800.0,2025-09-21T11:50:26.009,40.0,39.788,39.67800606483538
722463,119600,9900.0,2025-09-21T11:50:26.109,40.0,39.771,39.68207292568455
722563,119700,10000.0,2025-09-21T11:50:26.209,40.0,39.771,39.68596193238509
722663,119800,10100.0,2025-09-21T11:50:26.310,40.0,40.148,39.70616802996215
722763,119900,10200.0,2025-09-21T11:50:26.409,40.0,39.771,39.70900329658739
722863,120000,10300.0,2025-09-21T11:50:26.509,40.0,39.788,39.71245802296018
722963,120100,10400.0,2025-09-21T11:50:26.609,40.0,39.771,39.71501821222451
723063,120200,10500.0,2025-09-21T11:50:26.709,40.0,39.788,39.718209891067666
723163,120300,10600.0,2025-09-21T11:50:26.810,40.0,39.771,39.720518536538584
723263,120400,10700.0,2025-09-21T11:50:26.910,40.0,39.788,39.72346967223695
723363,120500,10800.0,2025-09-21T11:50:27.009,40.0,39.771,39.72554829412542
723463,120600,10900.0,2025-09-21T11:50:27.109,40.0,39.788,39.728279465756515
723563,120700,11000.0,2025-09-21T11:50:27.210,40.0,39.788,39.73089119631912
723663,120800,11100.0,2025-09-21T11:50:27.309,40.0,39.771,39.73264525611999
723763,120900,11200.0,2025-09-21T11:50:27.409,40.0,40.148,39.75080977344484
723863,121000,11300.0,2025-09-21T11:50:27.508,40.0,40.148,39.76817991031659
723963,121100,11400.0,2025-09-21T11:50:27.609,40.0,40.148,39.78479040700897
724063,121200,11500.0,2025-09-21T11:50:27.709,40.0,40.148,39.80067448451536
724163,121300,11600.0,2025-09-21T11:50:27.809,40.0,39.719,39.797102651977426
724263,121400,11700.0,2025-09-21T11:50:27.909,40.0,39.719,39.79368702474344
724363,121500,11800.0,2025-09-21T11:50:28.009,40.0,39.719,39.79042077155894
724463,121600,11900.0,2025-09-21T11:50:28.109,40.0,39.719,39.78729735991757
724563,121700,12000.0,2025-09-21T11:50:28.209,40.0,39.719,39.784310542996025
724663,121800,12100.0,2025-09-21T11:50:28.309,40.0,39.719,39.78145434716047
724763,121900,12200.0,2025-09-21T11:50:28.409,40.0,39.719,39.77872306001924
724863,122000,12300.0,2025-09-21T11:50:28.509,40.0,39.719,39.77611121899805
724963,122100,12400.0,2025-09-21T11:50:28.610,40.0,39.719,39.77361360041485
725063,122200,12500.0,2025-09-21T11:50:28.709,40.0,39.719,39.77122520903248
725163,122300,12600.0,2025-09-21T11:50:28.809,40.0,40.148,39.78770252708154
725263,122400,12700.0,2025-09-21T11:50:28.909,40.0,39.719,39.784697991171406
725363,122500,12800.0,2025-09-21T11:50:29.009,40.0,39.719,39.78182485124361
725463,122600,12900.0,2025-09-21T11:50:29.109,40.0,39.719,39.7790773610183
725563,122700,13000.0,2025-09-21T11:50:29.209,40.0,39.719,39.77645002551503
725663,122800,13100.0,2025-09-21T11:50:29.309,40.0,40.131,39.791955395921775
725763,122900,13200.0,2025-09-21T11:50:29.409,40.0,40.148,39.80752613027474
725863,123000,13300.0,2025-09-21T11:50:29.509,40.0,39.719,39.80365465787489
725963,123100,13400.0,2025-09-21T11:50:29.609,40.0,39.771,39.80222658679241
726063,123200,13500.0,2025-09-21T11:50:29.709,40.0,39.771,39.80086096888351
726163,123300,13600.0,2025-09-21T11:50:29.808,40.0,39.771,39.79955507291238
736563,133700,0.0,2025-09-21T11:50:40.209,50.0,49.598,40.22806594285475
736663,133800,100.0,2025-09-21T11:50:40.310,50.0,49.649,40.64006730414595
736763,133900,200.0,2025-09-21T11:50:40.410,50.0,49.649,41.03405080004544
736863,134000,300.0,2025-09-21T11:50:40.510,50.0,49.615,41.40931749123627
736963,134100,400.0,2025-09-21T11:50:40.609,50.0,49.649,41.76965972371833
737063,134200,500.0,2025-09-21T11:50:40.709,50.0,49.649,42.114243275647816
737163,134300,600.0,2025-09-21T11:50:40.809,50.0,49.666,42.44450076728298
737263,134400,700.0,2025-09-21T11:50:40.909,50.0,49.666,42.760315260452714
737363,134500,800.0,2025-09-21T11:50:41.009,50.0,49.666,43.062318384143346
737463,134600,900.0,2025-09-21T11:50:41.109,50.0,49.666,43.35111414460227
737563,134700,1000.0,2025-09-21T11:50:41.209,50.0,49.666,43.627280133350396
737663,134800,1100.0,2025-09-21T11:50:41.309,50.0,50.027,43.90715612876109
737763,134900,1200.0,2025-09-21T11:50:41.409,50.0,50.044,44.17553588958367
737863,135000,1300.0,2025-09-21T11:50:41.509,50.0,50.044,44.43217872218543
737963,135100,1400.0,2025-09-21T11:50:41.609,50.0,50.044,44.67759791223155
738063,135200,1500.0,2025-09-21T11:50:41.709,50.0,49.632,44.89426649224315
738163,135300,1600.0,2025-09-21T11:50:41.809,50.0,49.632,45.101459605239235
738263,135400,1700.0,2025-09-21T11:50:41.909,50.0,49.666,45.30107854375455
738363,135500,1800.0,2025-09-21T11:50:42.009,50.0,49.666,45.49196763935737
738463,135600,1900.0,2025-09-21T11:50:42.109,50.0,49.666,45.67450867023891
738563,135700,2000.0,2025-09-21T11:50:42.209,50.0,49.684,45.84985390415379
738663,135800,2100.0,2025-09-21T11:50:42.309,50.0,49.684,46.01753084587698
738763,135900,2200.0,2025-09-21T11:50:42.409,50.0,49.684,46.17787484929193
738863,136000,2300.0,2025-09-21T11:50:42.509,50.0,49.684,46.33120660240546
738963,136100,2400.0,2025-09-21T11:50:42.609,50.0,49.684,46.4778327687238
739063,136200,2500.0,2025-09-21T11:50:42.710,50.0,49.666,46.61725941488672
739163,136300,2600.0,2025-09-21T11:50:42.809,50.0,49.666,46.75058857987941
739263,136400,2700.0,2025-09-21T11:50:42.909,50.0,50.044,46.8946178215821
739363,136500,2800.0,2025-09-21T11:50:43.009,50.0,49.632,47.01433049306897
739463,136600,2900.0,2025-09-21T11:50:43.109,50.0,49.632,47.12880782554197
739563,136700,3000.0,2025-09-21T11:50:43.209,50.0,49.615,47.23753532051168
739663,136800,3100.0,2025-09-21T11:50:43.309,50.0,49.615,47.341507886122415
739763,136900,3200.0,2025-09-21T11:50:43.409,50.0,49.615,47.440933467505396
739863,137000,3300.0,2025-09-21T11:50:43.510,50.0,49.632,47.53675436897776
739963,137100,3400.0,2025-09-21T11:50:43.610,50.0,49.615,47.627641326033704
740063,137200,3500.0,2025-09-21T11:50:43.709,50.0,49.632,47.715297018896095
740163,137300,3600.0,2025-09-21T11:50:43.809,50.0,49.632,47.799119305796275
740263,137400,3700.0,2025-09-21T11:50:43.910,50.0,49.632,47.87927583130805
740363,137500,3800.0,2025-09-21T11:50:44.009,50.0,49.684,47.95820100048406
740463,137600,3900.0,2025-09-21T11:50:44.109,50.0,49.632,48.03140047965942
740563,137700,4000.0,2025-09-21T11:50:44.210,50.0,49.632,48.101398759794094
740663,137800,4100.0,2025-09-21T11:50:44.309,50.0,49.632,48.16833583744836
740763,137900,4200.0,2025-09-21T11:50:44.410,50.0,49.615,48.23160213362315
740863,138000,4300.0,2025-09-21T11:50:44.509,50.0,49.632,48.292845087219554
740963,138100,4400.0,2025-09-21T11:50:44.609,50.0,49.632,48.3514097309904
741063,138200,4500.0,2025-09-21T11:50:44.709,50.0,49.615,48.406669741068846
741163,138300,4600.0,2025-09-21T11:50:44.809,50.0,49.632,48.460256543783814
741263,138400,4700.0,2025-09-21T11:50:44.909,50.0,49.615,48.51075640643197
741363,138500,4800.0,2025-09-21T11:50:45.009,50.0,49.615,48.55904778189299
741463,138600,4900.0,2025-09-21T11:50:45.109,50.0,49.632,48.60597070607218
741563,138700,5000.0,2025-09-21T11:50:45.208,50.0,49.615,48.65009811850913
741663,138800,5100.0,2025-09-21T11:50:45.308,50.0,49.632,48.69303918033747
741763,138900,5200.0,2025-09-21T11:50:45.409,50.0,49.615,48.73335886737212
741863,139000,5300.0,2025-09-21T11:50:45.508,50.0,49.632,48.772658725295884
741963,139100,5400.0,2025-09-21T11:50:45.608,50.0,49.632,48.81023990067024
742063,139200,5500.0,2025-09-21T11:50:45.708,50.0,49.632,48.846177555845934
742163,139300,5600.0,2025-09-21T11:50:45.809,50.0,49.632,48.88054356613332
742263,139400,5700.0,2025-09-21T11:50:45.909,50.0,49.632,48.913406663552976
742363,139500,5800.0,2025-09-21T11:50:46.010,50.0,49.632,48.94483257429974
742463,139600,5900.0,2025-09-21T11:50:46.110,50.0,49.666,48.97637105650385
742563,139700,6000.0,2025-09-21T11:50:46.209,50.0,50.044,49.02306118037121
742663,139800,6100.0,2025-09-21T11:50:46.310,50.0,50.044,49.06770942659931
742763,139900,6200.0,2025-09-21T11:50:46.409,50.0,49.666,49.093874192130365
742863,140000,6300.0,2025-09-21T11:50:46.509,50.0,50.044,49.13542560559592
742963,140100,6400.0,2025-09-21T11:50:46.609,50.0,50.044,49.175159870272665
743063,140200,6500.0,2025-09-21T11:50:46.709,50.0,50.044,49.21315645468996
743163,140300,6600.0,2025-09-21T11:50:46.809,50.0,50.044,49.24949135201663
743263,140400,6700.0,2025-09-21T11:50:46.910,50.0,50.044,49.28423723204734
743363,140500,6800.0,2025-09-21T11:50:47.010,50.0,49.632,49.29944578068315
743463,140600,6900.0,2025-09-21T11:50:47.109,50.0,49.615,49.31324576772595
743563,140700,7000.0,2025-09-21T11:50:47.209,50.0,49.615,49.32644224630421
743663,140800,7100.0,2025-09-21T11:50:47.309,50.0,49.615,49.33906160937508
743763,140900,7200.0,2025-09-21T11:50:47.410,50.0,50.044,49.369890354678056
743863,141000,7300.0,2025-09-21T11:50:47.509,50.0,49.632,49.3813530748314
743963,141100,7400.0,2025-09-21T11:50:47.609,50.0,49.632,49.392314501134415
744063,141200,7500.0,2025-09-21T11:50:47.709,50.0,50.044,49.420814362298685
744163,141300,7600.0,2025-09-21T11:50:47.809,50.0,49.632,49.43005004632856
744263,141400,7700.0,2025-09-21T11:50:47.909,50.0,49.632,49.438881830451095
744363,141500,7800.0,2025-09-21T11:50:48.009,50.0,49.615,49.446583925080155
744463,141600,7900.0,2025-09-21T11:50:48.109,50.0,49.632,49.45469264071375
744563,141700,8000.0,2025-09-21T11:50:48.210,50.0,49.632,49.462446741628774
744663,141800,8100.0,2025-09-21T11:50:48.309,50.0,49.632,49.469861736027056
744763,141900,8200.0,2025-09-21T11:50:48.409,50.0,49.632,49.47695245389739
744863,142000,8300.0,2025-09-21T11:50:48.509,50.0,49.632,49.48373307667552
744963,142100,8400.0,2025-09-21T11:50:48.609,50.0,49.632,49.490217165607
745063,142200,8500.0,2025-09-21T11:50:48.709,50.0,49.615,49.49567423571532
745163,142300,8600.0,2025-09-21T11:50:48.809,50.0,49.632,49.50163610744944
745263,142400,8700.0,2025-09-21T11:50:48.909,50.0,49.615,49.50659379824409
745363,142500,8800.0,2025-09-21T11:50:49.009,50.0,49.632,49.5120781297896
745463,142600,8900.0,2025-09-21T11:50:49.109,50.0,49.615,49.516579164440316
745563,142700,9000.0,2025-09-21T11:50:49.209,50.0,49.615,49.52088335741991
745663,142800,9100.0,2025-09-21T11:50:49.309,50.0,49.615,49.52499931711435
745763,142900,9200.0,2025-09-21T11:50:49.409,50.0,49.992,49.54542244245476
745863,143000,9300.0,2025-09-21T11:50:49.509,50.0,49.615,49.54846524566833
745963,143100,9400.0,2025-09-21T11:50:49.609,50.0,49.615,49.55137497937324
746063,143200,9500.0,2025-09-21T11:50:49.709,50.0,49.615,49.5541574630369
746163,143300,9600.0,2025-09-21T11:50:49.809,50.0,49.615,49.55681826162663
746263,143400,9700.0,2025-09-21T11:50:49.909,50.0,49.615,49.55936269673962
746363,143500,9800.0,2025-09-21T11:50:50.009,50.0,49.666,49.56402621670921
746463,143600,9900.0,2025-09-21T11:50:50.109,50.0,49.666,49.568485789112216
746563,143700,10000.0,2025-09-21T11:50:50.209,50.0,49.666,49.57275033309345
746663,143800,10100.0,2025-09-21T11:50:50.309,50.0,49.666,49.576828377740874
746763,143900,10200.0,2025-09-21T11:50:50.409,50.0,49.666,49.580728079143775
746863,144000,10300.0,2025-09-21T11:50:50.509,50.0,49.649,49.58371378355059
746963,144100,10400.0,2025-09-21T11:50:50.609,50.0,49.666,49.58731236867889
747063,144200,10500.0,2025-09-21T11:50:50.709,50.0,49.649,49.59001012539016
747163,144300,10600.0,2025-09-21T11:50:50.809,50.0,49.666,49.59333335550659
747263,144400,10700.0,2025-09-21T11:50:50.909,50.0,49.666,49.59651125233403
747363,144500,10800.0,2025-09-21T11:50:51.009,50.0,49.666,49.599550171666145
747463,144600,10900.0,2025-09-21T11:50:51.109,50.0,49.649,49.60171273818721
747563,144700,11000.0,2025-09-21T11:50:51.209,50.0,49.649,49.60378073018465
747663,144800,11100.0,2025-09-21T11:50:51.309,50.0,49.649,49.605758283642466
747763,144900,11200.0,2025-09-21T11:50:51.409,50.0,49.649,49.60764935366756
747863,145000,11300.0,2025-09-21T11:50:51.509,50.0,49.649,49.609457722399995
747963,145100,11400.0,2025-09-21T11:50:51.609,50.0,49.666,49.6119304597316
748063,145200,11500.0,2025-09-21T11:50:51.709,50.0,49.649,49.613551604828295
748163,145300,11600.0,2025-09-21T11:50:51.808,50.0,49.649,49.61510185313465
762863,160000,0.0,2025-09-21T11:51:06.509,60.0,59.133,50.03134370021194
762963,160100,100.0,2025-09-21T11:51:06.609,60.0,58.722,50.41140816136916
763063,160200,200.0,2025-09-21T11:51:06.709,60.0,58.739,50.7755948920035
763163,160300,300.0,2025-09-21T11:51:06.809,60.0,58.739,51.12385481242184
763263,160400,400.0,2025-09-21T11:51:06.909,60.0,59.15,51.47485851578552
763363,160500,500.0,2025-09-21T11:51:07.009,60.0,59.15,51.810511936180774
763463,160600,600.0,2025-09-21T11:51:07.109,60.0,59.133,52.130742927294015
763563,160700,700.0,2025-09-21T11:51:07.209,60.0,59.133,52.436969404261845
763663,160800,800.0,2025-09-21T11:51:07.309,60.0,58.739,52.712573199872075
763763,160900,900.0,2025-09-21T11:51:07.409,60.0,58.739,52.976124141882046
763863,161000,1000.0,2025-09-21T11:51:07.509,60.0,58.722,53.22740587902141
763963,161100,1100.0,2025-09-21T11:51:07.609,60.0,58.739,53.46844188107319
764063,161200,1200.0,2025-09-21T11:51:07.709,60.0,58.756,53.69968022004149
764163,161300,1300.0,2025-09-21T11:51:07.810,60.0,58.739,53.920062466295505
764263,161400,1400.0,2025-09-21T11:51:07.909,60.0,58.704,54.12927619863486
764363,161500,1500.0,2025-09-21T11:51:08.009,60.0,58.722,54.33012766906436
764463,161600,1600.0,2025-09-21T11:51:08.109,60.0,58.722,54.52219539483198
764563,161700,1700.0,2025-09-21T11:51:08.209,60.0,58.722,54.70586351138927
764663,161800,1800.0,2025-09-21T11:51:08.309,60.0,59.133,54.89947342828983
764763,161900,1900.0,2025-09-21T11:51:08.410,60.0,58.756,55.06812912503523
764863,162000,2000.0,2025-09-21T11:51:08.509,60.0,58.756,55.22940908003069
764963,162100,2100.0,2025-09-21T11:51:08.609,60.0,58.773,55.3843793063406
765063,162200,2200.0,2025-09-21T11:51:08.710,60.0,58.773,55.532572291263186
765163,162300,2300.0,2025-09-21T11:51:08.809,60.0,58.773,55.6742844207683
765263,162400,2400.0,2025-09-21T11:51:08.910,60.0,58.756,55.80905566596058
765363,162500,2500.0,2025-09-21T11:51:09.009,60.0,58.773,55.93867647563915
765463,162600,2600.0,2025-09-21T11:51:09.108,60.0,58.773,56.062628638269
765563,162700,2700.0,2025-09-21T11:51:09.209,60.0,58.756,56.18041660502101
765663,162800,2800.0,2025-09-21T11:51:09.309,60.0,58.773,56.29379685813743
765763,162900,2900.0,2025-09-21T11:51:09.409,60.0,58.773,56.40221870497014
765863,163000,3000.0,2025-09-21T11:51:09.509,60.0,58.773,56.50589898921278
765963,163100,3100.0,2025-09-21T11:51:09.609,60.0,58.756,56.60430161827947
766063,163200,3200.0,2025-09-21T11:51:09.709,60.0,58.756,56.69840085058272
766163,163300,3300.0,2025-09-21T11:51:09.809,60.0,59.167,56.806358957907634
766263,163400,3400.0,2025-09-21T11:51:09.909,60.0,59.167,56.90959578314836
766363,163500,3500.0,2025-09-21T11:51:10.009,60.0,59.167,57.008317799955385
766463,163600,3600.0,2025-09-21T11:51:10.109,60.0,59.167,57.10272245236232
766563,163700,3700.0,2025-09-21T11:51:10.210,60.0,59.167,57.19299854967398
766663,163800,3800.0,2025-09-21T11:51:10.309,60.0,59.15,57.27858319093061
766763,163900,3900.0,2025-09-21T11:51:10.409,60.0,58.79,57.34468128471174
766863,164000,4000.0,2025-09-21T11:51:10.509,60.0,58.756,57.40640183475354
766963,164100,4100.0,2025-09-21T11:51:10.609,60.0,58.756,57.46542318846484
767063,164200,4200.0,2025-09-21T11:51:10.709,60.0,59.15,57.539094008719196
767163,164300,4300.0,2025-09-21T11:51:10.809,60.0,58.756,57.592312396824866
767263,164400,4400.0,2025-09-21T11:51:10.909,60.0,58.756,57.64320340972419
767363,164500,4500.0,2025-09-21T11:51:11.009,60.0,58.773,57.69261228259733
767463,164600,4600.0,2025-09-21T11:51:11.110,60.0,59.167,57.75709100020179
767563,164700,4700.0,2025-09-21T11:51:11.209,60.0,59.167,57.818749899806654
767663,164800,4800.0,2025-09-21T11:51:11.309,60.0,58.773,57.860481679045016
767763,164900,4900.0,2025-09-21T11:51:11.409,60.0,58.773,57.900388421641466
767863,165000,5000.0,2025-09-21T11:51:11.509,60.0,58.79,57.93929339423558
767963,165100,5100.0,2025-09-21T11:51:11.609,60.0,59.167,57.9929841206299
768063,165200,5200.0,2025-09-21T11:51:11.709,60.0,58.756,58.02635274194498
768163,165300,5300.0,2025-09-21T11:51:11.809,60.0,59.15,58.07549268891008
768263,165400,5400.0,2025-09-21T11:51:11.909,60.0,58.773,58.10599645424126
768363,165500,5500.0,2025-09-21T11:51:12.009,60.0,59.15,58.15165337949266
768463,165600,5600.0,2025-09-21T11:51:12.109,60.0,58.739,58.177339538182544
768563,165700,5700.0,2025-09-21T11:51:12.209,60.0,58.773,58.20338928225755
768663,165800,5800.0,2025-09-21T11:51:12.309,60.0,59.167,58.24553042506319
768763,165900,5900.0,2025-09-21T11:51:12.410,60.0,59.15,58.285085175564575
768863,166000,6000.0,2025-09-21T11:51:12.509,60.0,58.773,58.30642292940535
768963,166100,6100.0,2025-09-21T11:51:12.609,60.0,59.15,58.34331469611668
769063,166200,6200.0,2025-09-21T11:51:12.709,60.0,59.15,58.37859309222024
769163,166300,6300.0,2025-09-21T11:51:12.809,60.0,58.739,58.39435460118775
769263,166400,6400.0,2025-09-21T11:51:12.909,60.0,58.739,58.409426819357634
769363,166500,6500.0,2025-09-21T11:51:13.009,60.0,58.739,58.42383989116623
769463,166600,6600.0,2025-09-21T11:51:13.109,60.0,58.739,58.43762264275716
769563,166700,6700.0,2025-09-21T11:51:13.209,60.0,58.739,58.45080263963361
769663,166800,6800.0,2025-09-21T11:51:13.309,60.0,58.739,58.46340624178932
769763,166900,6900.0,2025-09-21T11:51:13.408,60.0,58.739,58.475458656428614
769863,167000,7000.0,2025-09-21T11:51:13.509,60.0,58.739,58.486983988380764
769963,167100,7100.0,2025-09-21T11:51:13.609,60.0,58.739,58.49800528830968
770063,167200,7200.0,2025-09-21T11:51:13.709,60.0,58.739,58.508544598815206
770163,167300,7300.0,2025-09-21T11:51:13.809,60.0,59.133,58.53585361868449
770263,167400,7400.0,2025-09-21T11:51:13.909,60.0,58.773,58.546224631933775
770363,167500,7500.0,2025-09-21T11:51:14.009,60.0,59.15,58.57262926145867
770463,167600,7600.0,2025-09-21T11:51:14.109,60.0,58.756,58.580648529340365
770563,167700,7700.0,2025-09-21T11:51:14.209,60.0,58.773,58.58906054743511
770663,167800,7800.0,2025-09-21T11:51:14.309,60.0,59.167,58.61433530679085
770763,167900,7900.0,2025-09-21T11:51:14.402,60.0,0.806,56.08623005778828
770863,168000,8000.0,2025-09-21T11:51:14.502,60.0,0.806,53.668685268901285
770963,168100,8100.0,2025-09-21T11:51:14.602,60.0,0.806,51.3568658505521
771063,168200,8200.0,2025-09-21T11:51:14.703,60.0,0.806,49.14614816390401
771163,168300,8300.0,2025-09-21T11:51:14.809,60.0,59.202,49.585916091402865
771263,168400,8400.0,2025-09-21T11:51:14.909,60.0,58.79,49.98843404522554
771363,168500,8500.0,2025-09-21T11:51:15.009,60.0,58.79,50.37334886713867
771463,168600,8600.0,2025-09-21T11:51:15.109,60.0,58.79,50.74143038678607
771563,168700,8700.0,2025-09-21T11:51:15.209,60.0,58.79,51.093414767207044
771663,168800,8800.0,2025-09-21T11:51:15.309,60.0,59.219,51.4487672361758
771763,168900,8900.0,2025-09-21T11:51:15.409,60.0,58.807,51.77056143375791
771863,169000,9000.0,2025-09-21T11:51:15.509,60.0,59.219,52.09630056006653
771963,169100,9100.0,2025-09-21T11:51:15.609,60.0,58.807,52.3897764816363
772063,169200,9200.0,2025-09-21T11:51:15.708,60.0,59.219,52.68843576202832
772163,169300,9300.0,2025-09-21T11:51:15.809,60.0,59.219,52.9740339139444
772263,169400,9400.0,2025-09-21T11:51:15.909,60.0,59.219,53.24714213368837
772363,169500,9500.0,2025-09-21T11:51:16.009,60.0,58.859,53.49256292384235
772463,169600,9600.0,2025-09-21T11:51:16.108,60.0,58.859,53.72725083984401
772563,169700,9700.0,2025-09-21T11:51:16.208,60.0,58.859,53.951675257525366
772663,169800,9800.0,2025-09-21T11:51:16.309,60.0,58.859,54.16628502572177
772763,169900,9900.0,2025-09-21T11:51:16.402,60.0,0.806,51.83270430685347
772863,170000,10000.0,2025-09-21T11:51:16.502,60.0,0.806,49.60117699659888
772963,170100,10100.0,2025-09-21T11:51:16.609,60.0,58.859,50.00604509745363
773063,170200,10200.0,2025-09-21T11:51:16.708,60.0,58.859,50.39320728850329
773163,170300,10300.0,2025-09-21T11:51:16.808,60.0,58.859,50.76343789412996
773263,170400,10400.0,2025-09-21T11:51:16.909,60.0,58.859,51.11747737554488
773363,170500,10500.0,2025-09-21T11:51:17.009,60.0,59.219,51.471777525568264
773463,170600,10600.0,2025-09-21T11:51:17.109,60.0,58.842,51.79409606363104
773563,170700,10700.0,2025-09-21T11:51:17.208,60.0,58.842,52.10231879382108
773663,170800,10800.0,2025-09-21T11:51:17.302,60.0,0.806,49.85900055763699
773763,170900,10900.0,2025-09-21T11:51:17.402,60.0,0.806,47.71378832256818
773863,171000,11000.0,2025-09-21T11:51:17.502,60.0,0.806,45.6623916641445
773963,171100,11100.0,2025-09-21T11:51:17.602,60.0,0.806,43.70070778904912
774063,171200,11200.0,2025-09-21T11:51:17.703,60.0,0.806,41.824813329531835
774163,171300,11300.0,2025-09-21T11:51:17.803,60.0,0.806,40.03095649667361
774263,171400,11400.0,2025-09-21T11:51:17.902,60.0,0.806,38.315549576808735
774363,171500,11500.0,2025-09-21T11:51:18.008,60.0,58.859,39.21396681321362
774463,171600,11600.0,2025-09-21T11:51:18.109,60.0,58.859,40.07309398324493
774563,171700,11700.0,2025-09-21T11:51:18.208,60.0,59.27,40.91262341456323
774663,171800,11800.0,2025-09-21T11:51:18.309,60.0,59.27,41.71543809271065
774763,171900,11900.0,2025-09-21T11:51:18.408,60.0,58.876,42.465913026877374
