t_ms,t_rel_ms_global,t_rel_ms_truth,host_time_iso,true_distance_cm,measured_dist_cm,dist_ema_cm
602863,0,0.0,2025-09-21T11:48:26.510,10.0,10.856,10.856
602963,100,100.0,2025-09-21T11:48:26.610,10.0,10.856,10.856000000000002
603063,200,200.0,2025-09-21T11:48:26.710,10.0,10.856,10.856000000000002
603163,300,300.0,2025-09-21T11:48:26.810,10.0,10.856,10.856000000000002
603263,400,400.0,2025-09-21T11:48:26.909,10.0,10.856,10.856000000000002
603363,500,500.0,2025-09-21T11:48:27.010,10.0,10.907,10.866200000000001
603463,600,600.0,2025-09-21T11:48:27.110,10.0,10.89,10.870960000000002
603563,700,700.0,2025-09-21T11:48:27.210,10.0,10.89,10.874768000000003
603663,800,800.0,2025-09-21T11:48:27.309,10.0,10.89,10.877814400000004
603763,900,900.0,2025-09-21T11:48:27.410,10.0,10.89,10.880251520000003
603863,1000,1000.0,2025-09-21T11:48:27.510,10.0,10.89,10.882201216000004
603963,1100,1100.0,2025-09-21T11:48:27.610,10.0,10.89,10.883760972800005
604063,1200,1200.0,2025-09-21T11:48:27.710,10.0,10.907,10.888408778240004
604163,1300,1300.0,2025-09-21T11:48:27.810,10.0,10.907,10.892127022592003
604263,1400,1400.0,2025-09-21T11:48:27.910,10.0,10.907,10.895101618073603
604363,1500,1500.0,2025-09-21T11:48:28.010,10.0,10.89,10.894081294458884
604463,1600,1600.0,2025-09-21T11:48:28.110,10.0,10.907,10.896665035567107
604563,1700,1700.0,2025-09-21T11:48:28.210,10.0,10.89,10.895332028453687
604663,1800,1800.0,2025-09-21T11:48:28.310,10.0,10.907,10.89766562276295
604763,1900,1900.0,2025-09-21T11:48:28.410,10.0,10.907,10.89953249821036
604863,2000,2000.0,2025-09-21T11:48:28.510,10.0,10.907,10.901025998568288
604963,2100,2100.0,2025-09-21T11:48:28.609,10.0,10.479,10.81662079885463
605063,2200,2200.0,2025-09-21T11:48:28.710,10.0,10.89,10.831296639083705
605163,2300,2300.0,2025-09-21T11:48:28.810,10.0,10.89,10.843037311266965
605263,2400,2400.0,2025-09-21T11:48:28.910,10.0,10.89,10.852429849013573
605363,2500,2500.0,2025-09-21T11:48:29.010,10.0,10.907,10.86334387921086
605463,2600,2600.0,2025-09-21T11:48:29.109,10.0,10.907,10.872075103368688
605563,2700,2700.0,2025-09-21T11:48:29.210,10.0,10.907,10.87906008269495
605663,2800,2800.0,2025-09-21T11:48:29.310,10.0,10.907,10.884648066155961
605763,2900,2900.0,2025-09-21T11:48:29.410,10.0,10.856,10.87891845292477
605863,3000,3000.0,2025-09-21T11:48:29.510,10.0,10.856,10.874334762339817
605963,3100,3100.0,2025-09-21T11:48:29.610,10.0,10.856,10.870667809871854
606063,3200,3200.0,2025-09-21T11:48:29.710,10.0,10.907,10.877934247897484
606163,3300,3300.0,2025-09-21T11:48:29.810,10.0,10.907,10.883747398317988
606263,3400,3400.0,2025-09-21T11:48:29.910,10.0,10.907,10.888397918654391
606363,3500,3500.0,2025-09-21T11:48:30.009,10.0,10.907,10.892118334923513
606463,3600,3600.0,2025-09-21T11:48:30.110,10.0,10.479,10.80949466793881
606563,3700,3700.0,2025-09-21T11:48:30.209,10.0,10.856,10.818795734351049
606663,3800,3800.0,2025-09-21T11:48:30.310,10.0,10.856,10.82623658748084
606763,3900,3900.0,2025-09-21T11:48:30.410,10.0,10.856,10.832189269984674
606863,4000,4000.0,2025-09-21T11:48:30.510,10.0,10.856,10.836951415987741
606963,4100,4100.0,2025-09-21T11:48:30.610,10.0,10.856,10.840761132790194
607063,4200,4200.0,2025-09-21T11:48:30.709,10.0,10.856,10.843808906232155
607163,4300,4300.0,2025-09-21T11:48:30.810,10.0,10.856,10.846247124985725
607263,4400,4400.0,2025-09-21T11:48:30.910,10.0,10.856,10.848197699988582
607363,4500,4500.0,2025-09-21T11:48:31.010,10.0,10.856,10.849758159990866
607463,4600,4600.0,2025-09-21T11:48:31.110,10.0,10.856,10.851006527992695
607563,4700,4700.0,2025-09-21T11:48:31.210,10.0,10.856,10.852005222394157
607663,4800,4800.0,2025-09-21T11:48:31.310,10.0,10.856,10.852804177915326
607763,4900,4900.0,2025-09-21T11:48:31.410,10.0,10.856,10.853443342332262
607863,5000,5000.0,2025-09-21T11:48:31.510,10.0,10.856,10.853954673865811
607963,5100,5100.0,2025-09-21T11:48:31.610,10.0,10.856,10.85436373909265
608063,5200,5200.0,2025-09-21T11:48:31.710,10.0,10.856,10.85469099127412
608163,5300,5300.0,2025-09-21T11:48:31.810,10.0,10.856,10.854952793019297
608263,5400,5400.0,2025-09-21T11:48:31.910,10.0,10.856,10.855162234415438
608363,5500,5500.0,2025-09-21T11:48:32.010,10.0,10.907,10.86552978753235
608463,5600,5600.0,2025-09-21T11:48:32.109,10.0,10.907,10.87382383002588
608563,5700,5700.0,2025-09-21T11:48:32.210,10.0,10.907,10.880459064020705
608663,5800,5800.0,2025-09-21T11:48:32.310,10.0,10.856,10.875567251216566
608763,5900,5900.0,2025-09-21T11:48:32.410,10.0,10.856,10.871653800973254
608863,6000,6000.0,2025-09-21T11:48:32.510,10.0,10.856,10.868523040778605
608963,6100,6100.0,2025-09-21T11:48:32.610,10.0,10.856,10.866018432622885
609063,6200,6200.0,2025-09-21T11:48:32.709,10.0,10.856,10.86401474609831
609163,6300,6300.0,2025-09-21T11:48:32.809,10.0,10.856,10.862411796878648
609263,6400,6400.0,2025-09-21T11:48:32.910,10.0,10.856,10.86112943750292
609363,6500,6500.0,2025-09-21T11:48:33.010,10.0,10.856,10.860103550002336
609463,6600,6600.0,2025-09-21T11:48:33.110,10.0,10.856,10.85928284000187
609563,6700,6700.0,2025-09-21T11:48:33.209,10.0,10.856,10.858626272001496
609663,6800,6800.0,2025-09-21T11:48:33.310,10.0,10.856,10.858101017601198
609763,6900,6900.0,2025-09-21T11:48:33.410,10.0,10.856,10.85768081408096
609863,7000,7000.0,2025-09-21T11:48:33.509,10.0,10.856,10.857344651264768
609963,7100,7100.0,2025-09-21T11:48:33.609,10.0,10.856,10.857075721011816
610063,7200,7200.0,2025-09-21T11:48:33.710,10.0,10.856,10.856860576809453
610163,7300,7300.0,2025-09-21T11:48:33.810,10.0,10.856,10.856688461447563
610263,7400,7400.0,2025-09-21T11:48:33.909,10.0,10.856,10.856550769158051
610363,7500,7500.0,2025-09-21T11:48:34.010,10.0,10.856,10.856440615326441
610463,7600,7600.0,2025-09-21T11:48:34.110,10.0,10.856,10.856352492261154
610563,7700,7700.0,2025-09-21T11:48:34.210,10.0,10.856,10.856281993808924
610663,7800,7800.0,2025-09-21T11:48:34.310,10.0,10.856,10.85622559504714
610763,7900,7900.0,2025-09-21T11:48:34.410,10.0,10.89,10.862980476037714
610863,8000,8000.0,2025-09-21T11:48:34.510,10.0,10.839,10.858184380830172
610963,8100,8100.0,2025-09-21T11:48:34.610,10.0,10.839,10.854347504664139
611063,8200,8200.0,2025-09-21T11:48:34.709,10.0,10.839,10.851278003731311
611163,8300,8300.0,2025-09-21T11:48:34.810,10.0,10.89,10.85902240298505
611263,8400,8400.0,2025-09-21T11:48:34.910,10.0,10.89,10.865217922388041
611363,8500,8500.0,2025-09-21T11:48:35.010,10.0,10.89,10.870174337910434
611463,8600,8600.0,2025-09-21T11:48:35.109,10.0,10.89,10.874139470328348
611563,8700,8700.0,2025-09-21T11:48:35.209,10.0,10.89,10.877311576262679
611663,8800,8800.0,2025-09-21T11:48:35.309,10.0,10.89,10.879849261010145
611763,8900,8900.0,2025-09-21T11:48:35.409,10.0,10.89,10.881879408808118
611863,9000,9000.0,2025-09-21T11:48:35.510,10.0,10.839,10.873303527046493
611963,9100,9100.0,2025-09-21T11:48:35.610,10.0,10.839,10.866442821637195
612063,9200,9200.0,2025-09-21T11:48:35.710,10.0,10.839,10.860954257309755
612163,9300,9300.0,2025-09-21T11:48:35.810,10.0,10.856,10.859963405847806
612263,9400,9400.0,2025-09-21T11:48:35.910,10.0,10.856,10.859170724678245
612363,9500,9500.0,2025-09-21T11:48:36.010,10.0,10.856,10.858536579742598
612463,9600,9600.0,2025-09-21T11:48:36.110,10.0,10.839,10.854629263794079
612563,9700,9700.0,2025-09-21T11:48:36.210,10.0,10.839,10.851503411035264
612663,9800,9800.0,2025-09-21T11:48:36.310,10.0,11.25,10.931202728828211
612763,9900,9900.0,2025-09-21T11:48:36.410,10.0,11.25,10.994962183062569
612863,10000,10000.0,2025-09-21T11:48:36.510,10.0,11.25,11.045969746450055
612963,10100,10100.0,2025-09-21T11:48:36.609,10.0,11.25,11.086775797160044
613063,10200,10200.0,2025-09-21T11:48:36.710,10.0,11.25,11.119420637728036
613163,10300,10300.0,2025-09-21T11:48:36.810,10.0,11.25,11.14553651018243
613263,10400,10400.0,2025-09-21T11:48:36.910,10.0,11.233,11.163029208145945
613363,10500,10500.0,2025-09-21T11:48:37.009,10.0,11.25,11.180423366516756
613463,10600,10600.0,2025-09-21T11:48:37.110,10.0,11.25,11.194338693213405
613563,10700,10700.0,2025-09-21T11:48:37.209,10.0,11.25,11.205470954570725
613663,10800,10800.0,2025-09-21T11:48:37.310,10.0,11.25,11.21437676365658
613763,10900,10900.0,2025-09-21T11:48:37.410,10.0,11.25,11.221501410925264
613863,11000,11000.0,2025-09-21T11:48:37.509,10.0,11.25,11.22720112874021
613963,11100,11100.0,2025-09-21T11:48:37.610,10.0,11.25,11.23176090299217
614063,11200,11200.0,2025-09-21T11:48:37.710,10.0,11.25,11.235408722393736
614163,11300,11300.0,2025-09-21T11:48:37.810,10.0,10.89,11.16632697791499
614263,11400,11400.0,2025-09-21T11:48:37.910,10.0,10.873,11.107661582331993
614363,11500,11500.0,2025-09-21T11:48:38.010,10.0,10.873,11.060729265865595
614463,11600,11600.0,2025-09-21T11:48:38.110,10.0,10.89,11.026583412692476
614563,11700,11700.0,2025-09-21T11:48:38.210,10.0,10.873,10.995866730153981
614663,11800,11800.0,2025-09-21T11:48:38.310,10.0,10.873,10.971293384123186
614763,11900,11900.0,2025-09-21T11:48:38.409,10.0,10.873,10.951634707298549
614863,12000,12000.0,2025-09-21T11:48:38.510,10.0,10.89,10.93930776583884
614963,12100,12100.0,2025-09-21T11:48:38.610,10.0,11.25,11.001446212671073
615063,12200,12200.0,2025-09-21T11:48:38.710,10.0,10.839,10.968956970136858
615163,12300,12300.0,2025-09-21T11:48:38.809,10.0,10.839,10.942965576109486
615263,12400,12400.0,2025-09-21T11:48:38.910,10.0,10.839,10.92217246088759
615363,12500,12500.0,2025-09-21T11:48:39.010,10.0,10.839,10.905537968710071
615463,12600,12600.0,2025-09-21T11:48:39.110,10.0,11.25,10.974430374968057
615563,12700,12700.0,2025-09-21T11:48:39.210,10.0,11.25,11.029544299974445
615663,12800,12800.0,2025-09-21T11:48:39.310,10.0,11.25,11.073635439979556
615763,12900,12900.0,2025-09-21T11:48:39.409,10.0,10.839,11.026708351983645
615863,13000,13000.0,2025-09-21T11:48:39.509,10.0,10.839,10.989166681586916
615963,13100,13100.0,2025-09-21T11:48:39.610,10.0,10.839,10.959133345269533
616063,13200,13200.0,2025-09-21T11:48:39.709,10.0,10.839,10.935106676215627
616163,13300,13300.0,2025-09-21T11:48:39.810,10.0,10.856,10.919285340972502
616263,13400,13400.0,2025-09-21T11:48:39.910,10.0,10.856,10.906628272778002
616363,13500,13500.0,2025-09-21T11:48:40.010,10.0,10.856,10.896502618222403
616463,13600,13600.0,2025-09-21T11:48:40.110,10.0,10.856,10.888402094577923
616563,13700,13700.0,2025-09-21T11:48:40.209,10.0,10.856,10.88192167566234
616663,13800,13800.0,2025-09-21T11:48:40.310,10.0,10.856,10.876737340529873
616763,13900,13900.0,2025-09-21T11:48:40.409,10.0,10.856,10.8725898724239
616863,14000,14000.0,2025-09-21T11:48:40.510,10.0,10.856,10.869271897939122
616963,14100,14100.0,2025-09-21T11:48:40.610,10.0,10.856,10.866617518351298
617063,14200,14200.0,2025-09-21T11:48:40.710,10.0,10.856,10.86449401468104
617163,14300,14300.0,2025-09-21T11:48:40.810,10.0,10.856,10.862795211744832
617263,14400,14400.0,2025-09-21T11:48:40.910,10.0,10.856,10.861436169395866
617363,14500,14500.0,2025-09-21T11:48:41.010,10.0,10.856,10.860348935516694
617463,14600,14600.0,2025-09-21T11:48:41.109,10.0,11.268,10.941879148413356
617563,14700,14700.0,2025-09-21T11:48:41.210,10.0,11.285,11.010503318730684
617663,14800,14800.0,2025-09-21T11:48:41.310,10.0,11.268,11.062002654984548
617763,14900,14900.0,2025-09-21T11:48:41.410,10.0,10.856,11.02080212398764
617863,15000,15000.0,2025-09-21T11:48:41.509,10.0,11.268,11.070241699190113
617963,15100,15100.0,2025-09-21T11:48:41.609,10.0,11.268,11.109793359352091
618063,15200,15200.0,2025-09-21T11:48:41.710,10.0,10.856,11.059034687481674
618163,15300,15300.0,2025-09-21T11:48:41.810,10.0,10.856,11.01842774998534
618263,15400,15400.0,2025-09-21T11:48:41.909,10.0,10.856,10.985942199988273
618363,15500,15500.0,2025-09-21T11:48:42.009,10.0,10.856,10.959953759990618
618463,15600,15600.0,2025-09-21T11:48:42.110,10.0,10.856,10.939163007992496
618563,15700,15700.0,2025-09-21T11:48:42.210,10.0,10.856,10.922530406393998
618663,15800,15800.0,2025-09-21T11:48:42.310,10.0,10.856,10.909224325115199
618763,15900,15900.0,2025-09-21T11:48:42.410,10.0,10.856,10.89857946009216
618863,16000,16000.0,2025-09-21T11:48:42.510,10.0,10.856,10.890063568073728
618963,16100,16100.0,2025-09-21T11:48:42.609,10.0,10.856,10.883250854458984
619063,16200,16200.0,2025-09-21T11:48:42.709,10.0,10.856,10.877800683567187
619163,16300,16300.0,2025-09-21T11:48:42.810,10.0,10.856,10.87344054685375
619263,16400,16400.0,2025-09-21T11:48:42.909,10.0,10.856,10.869952437483
619363,16500,16500.0,2025-09-21T11:48:43.010,10.0,10.856,10.867161949986402
619463,16600,16600.0,2025-09-21T11:48:43.110,10.0,10.856,10.864929559989122
619563,16700,16700.0,2025-09-21T11:48:43.210,10.0,10.856,10.863143647991299
619663,16800,16800.0,2025-09-21T11:48:43.309,10.0,10.856,10.86171491839304
619763,16900,16900.0,2025-09-21T11:48:43.410,10.0,10.856,10.860571934714434
619863,17000,17000.0,2025-09-21T11:48:43.510,10.0,10.856,10.859657547771548
619963,17100,17100.0,2025-09-21T11:48:43.610,10.0,10.856,10.85892603821724
620063,17200,17200.0,2025-09-21T11:48:43.709,10.0,10.856,10.858340830573793
620163,17300,17300.0,2025-09-21T11:48:43.809,10.0,10.856,10.857872664459036
620263,17400,17400.0,2025-09-21T11:48:43.910,10.0,10.856,10.85749813156723
620363,17500,17500.0,2025-09-21T11:48:44.010,10.0,10.856,10.857198505253784
620463,17600,17600.0,2025-09-21T11:48:44.109,10.0,10.856,10.856958804203028
620563,17700,17700.0,2025-09-21T11:48:44.210,10.0,10.856,10.856767043362424
620663,17800,17800.0,2025-09-21T11:48:44.309,10.0,10.856,10.856613634689941
620763,17900,17900.0,2025-09-21T11:48:44.410,10.0,10.856,10.856490907751954
620863,18000,18000.0,2025-09-21T11:48:44.510,10.0,10.856,10.856392726201564
620963,18100,18100.0,2025-09-21T11:48:44.609,10.0,10.856,10.856314180961252
621063,18200,18200.0,2025-09-21T11:48:44.710,10.0,10.856,10.856251344769003
621163,18300,18300.0,2025-09-21T11:48:44.810,10.0,10.856,10.856201075815203
621263,18400,18400.0,2025-09-21T11:48:44.909,10.0,10.856,10.856160860652164
621363,18500,18500.0,2025-09-21T11:48:45.009,10.0,10.856,10.856128688521732
621463,18600,18600.0,2025-09-21T11:48:45.109,10.0,10.856,10.856102950817387
621563,18700,18700.0,2025-09-21T11:48:45.209,10.0,10.856,10.856082360653911
621663,18800,18800.0,2025-09-21T11:48:45.310,10.0,10.856,10.85606588852313
621763,18900,18900.0,2025-09-21T11:48:45.410,10.0,10.856,10.856052710818505
621863,19000,19000.0,2025-09-21T11:48:45.510,10.0,10.856,10.856042168654804
621963,19100,19100.0,2025-09-21T11:48:45.609,10.0,10.856,10.856033734923844
622063,19200,19200.0,2025-09-21T11:48:45.709,10.0,10.856,10.856026987939076
622163,19300,19300.0,2025-09-21T11:48:45.809,10.0,10.856,10.856021590351261
622263,19400,19400.0,2025-09-21T11:48:45.909,10.0,10.856,10.85601727228101
622363,19500,19500.0,2025-09-21T11:48:46.009,10.0,10.856,10.85601381782481
622463,19600,19600.0,2025-09-21T11:48:46.109,10.0,10.856,10.856011054259849
622563,19700,19700.0,2025-09-21T11:48:46.209,10.0,10.856,10.85600884340788
622663,19800,19800.0,2025-09-21T11:48:46.310,10.0,10.856,10.856007074726305
622763,19900,19900.0,2025-09-21T11:48:46.409,10.0,10.856,10.856005659781045
622863,20000,20000.0,2025-09-21T11:48:46.510,10.0,10.856,10.856004527824837
622963,20100,20100.0,2025-09-21T11:48:46.609,10.0,10.856,10.85600362225987
623063,20200,20200.0,2025-09-21T11:48:46.710,10.0,10.856,10.856002897807898
623163,20300,20300.0,2025-09-21T11:48:46.809,10.0,10.856,10.856002318246318
623263,20400,20400.0,2025-09-21T11:48:46.909,10.0,10.856,10.856001854597055
623363,20500,20500.0,2025-09-21T11:48:47.010,10.0,10.856,10.856001483677645
623463,20600,20600.0,2025-09-21T11:48:47.110,10.0,10.856,10.856001186942116
623563,20700,20700.0,2025-09-21T11:48:47.210,10.0,10.856,10.856000949553694
623663,20800,20800.0,2025-09-21T11:48:47.309,10.0,10.856,10.856000759642956
623763,20900,20900.0,2025-09-21T11:48:47.409,10.0,10.856,10.856000607714366
623863,21000,21000.0,2025-09-21T11:48:47.510,10.0,10.856,10.856000486171494
623963,21100,21100.0,2025-09-21T11:48:47.610,10.0,10.856,10.856000388937197
624063,21200,21200.0,2025-09-21T11:48:47.709,10.0,10.856,10.856000311149758
624163,21300,21300.0,2025-09-21T11:48:47.810,10.0,10.856,10.856000248919807
624263,21400,21400.0,2025-09-21T11:48:47.910,10.0,11.285,10.941800199135846
624363,21500,21500.0,2025-09-21T11:48:48.010,10.0,11.233,11.000040159308679
624463,21600,21600.0,2025-09-21T11:48:48.110,10.0,11.285,11.057032127446943
624563,21700,21700.0,2025-09-21T11:48:48.209,10.0,11.233,11.092225701957556
624663,21800,21800.0,2025-09-21T11:48:48.309,10.0,11.216,11.116980561566045
624763,21900,21900.0,2025-09-21T11:48:48.409,10.0,11.233,11.140184449252837
624863,22000,22000.0,2025-09-21T11:48:48.510,10.0,11.233,11.15874755940227
624963,22100,22100.0,2025-09-21T11:48:48.610,10.0,11.233,11.173598047521818
625063,22200,22200.0,2025-09-21T11:48:48.709,10.0,11.233,11.185478438017455
625163,22300,22300.0,2025-09-21T11:48:48.809,10.0,11.233,11.194982750413965
625263,22400,22400.0,2025-09-21T11:48:48.909,10.0,11.233,11.202586200331174
625363,22500,22500.0,2025-09-21T11:48:49.009,10.0,11.233,11.20866896026494
625463,22600,22600.0,2025-09-21T11:48:49.109,10.0,11.233,11.213535168211953
625563,22700,22700.0,2025-09-21T11:48:49.210,10.0,11.233,11.217428134569564
625663,22800,22800.0,2025-09-21T11:48:49.309,10.0,11.233,11.220542507655653
625763,22900,22900.0,2025-09-21T11:48:49.409,10.0,11.233,11.223034006124523
625863,23000,23000.0,2025-09-21T11:48:49.509,10.0,11.233,11.22502720489962
625963,23100,23100.0,2025-09-21T11:48:49.610,10.0,11.645,11.309021763919697
626063,23200,23200.0,2025-09-21T11:48:49.709,10.0,11.645,11.376217411135759
626163,23300,23300.0,2025-09-21T11:48:49.809,10.0,11.645,11.429973928908607
626263,23400,23400.0,2025-09-21T11:48:49.910,10.0,11.645,11.472979143126887
626363,23500,23500.0,2025-09-21T11:48:50.009,10.0,11.233,11.42498331450151
626463,23600,23600.0,2025-09-21T11:48:50.109,10.0,11.233,11.38658665160121
626563,23700,23700.0,2025-09-21T11:48:50.210,10.0,11.233,11.355869321280968
626663,23800,23800.0,2025-09-21T11:48:50.309,10.0,11.593,11.403295457024775
626763,23900,23900.0,2025-09-21T11:48:50.409,10.0,11.593,11.44123636561982
626863,24000,24000.0,2025-09-21T11:48:50.509,10.0,11.593,11.471589092495856
626963,24100,24100.0,2025-09-21T11:48:50.610,10.0,11.593,11.495871273996686
627063,24200,24200.0,2025-09-21T11:48:50.710,10.0,11.593,11.51529701919735
627163,24300,24300.0,2025-09-21T11:48:50.810,10.0,11.645,11.54123761535788
627263,24400,24400.0,2025-09-21T11:48:50.910,10.0,11.593,11.551590092286306
627363,24500,24500.0,2025-09-21T11:48:51.009,10.0,11.645,11.570272073829045
627463,24600,24600.0,2025-09-21T11:48:51.109,10.0,11.645,11.585217659063238
627563,24700,24700.0,2025-09-21T11:48:51.209,10.0,11.645,11.597174127250591
627663,24800,24800.0,2025-09-21T11:48:51.309,10.0,11.645,11.606739301800474
627763,24900,24900.0,2025-09-21T11:48:51.409,10.0,11.645,11.61439144144038
627863,25000,25000.0,2025-09-21T11:48:51.509,10.0,11.645,11.620513153152306
627963,25100,25100.0,2025-09-21T11:48:51.609,10.0,11.593,11.615010522521844
628063,25200,25200.0,2025-09-21T11:48:51.710,10.0,11.593,11.610608418017476
628163,25300,25300.0,2025-09-21T11:48:51.809,10.0,11.593,11.607086734413981
628263,25400,25400.0,2025-09-21T11:48:51.910,10.0,11.593,11.604269387531184
628363,25500,25500.0,2025-09-21T11:48:52.009,10.0,11.593,11.602015510024948
628463,25600,25600.0,2025-09-21T11:48:52.109,10.0,11.593,11.600212408019958
628563,25700,25700.0,2025-09-21T11:48:52.209,10.0,11.593,11.598769926415967
628663,25800,25800.0,2025-09-21T11:48:52.310,10.0,11.593,11.597615941132775
628763,25900,25900.0,2025-09-21T11:48:52.410,10.0,11.593,11.59669275290622
628863,26000,26000.0,2025-09-21T11:48:52.509,10.0,11.593,11.595954202324977
628963,26100,26100.0,2025-09-21T11:48:52.609,10.0,11.593,11.595363361859983
629063,26200,26200.0,2025-09-21T11:48:52.709,10.0,11.593,11.594890689487986
629163,26300,26300.0,2025-09-21T11:48:52.810,10.0,11.593,11.59451255159039
629263,26400,26400.0,2025-09-21T11:48:52.909,10.0,11.593,11.594210041272312
629363,26500,26500.0,2025-09-21T11:48:53.009,10.0,11.593,11.59396803301785
629463,26600,26600.0,2025-09-21T11:48:53.109,10.0,11.593,11.59377442641428
629563,26700,26700.0,2025-09-21T11:48:53.209,10.0,11.593,11.593619541131424
629663,26800,26800.0,2025-09-21T11:48:53.309,10.0,11.593,11.59349563290514
629763,26900,26900.0,2025-09-21T11:48:53.409,10.0,11.593,11.593396506324114
629863,27000,27000.0,2025-09-21T11:48:53.509,10.0,11.593,11.593317205059291
629963,27100,27100.0,2025-09-21T11:48:53.609,10.0,11.593,11.593253764047434
630063,27200,27200.0,2025-09-21T11:48:53.709,10.0,11.593,11.593203011237948
630163,27300,27300.0,2025-09-21T11:48:53.810,10.0,11.593,11.59316240899036
630263,27400,27400.0,2025-09-21T11:48:53.910,10.0,11.593,11.593129927192289
630363,27500,27500.0,2025-09-21T11:48:54.009,10.0,11.542,11.582903941753832
630463,27600,27600.0,2025-09-21T11:48:54.109,10.0,11.542,11.574723153403067
630563,27700,27700.0,2025-09-21T11:48:54.209,10.0,11.542,11.568178522722455
630663,27800,27800.0,2025-09-21T11:48:54.309,10.0,11.542,11.562942818177966
630763,27900,27900.0,2025-09-21T11:48:54.409,10.0,11.542,11.558754254542373
630863,28000,28000.0,2025-09-21T11:48:54.509,10.0,11.542,11.5554034036339
630963,28100,28100.0,2025-09-21T11:48:54.608,10.0,11.542,11.55272272290712
631063,28200,28200.0,2025-09-21T11:48:54.710,10.0,11.542,11.550578178325697
631163,28300,28300.0,2025-09-21T11:48:54.809,10.0,11.542,11.548862542660558
631263,28400,28400.0,2025-09-21T11:48:54.910,10.0,11.542,11.547490034128447
631363,28500,28500.0,2025-09-21T11:48:55.009,10.0,11.542,11.546392027302758
631463,28600,28600.0,2025-09-21T11:48:55.109,10.0,11.542,11.545513621842208
631563,28700,28700.0,2025-09-21T11:48:55.209,10.0,11.542,11.544810897473766
631663,28800,28800.0,2025-09-21T11:48:55.309,10.0,11.542,11.544248717979015
631763,28900,28900.0,2025-09-21T11:48:55.409,10.0,11.542,11.543798974383213
656463,53600,0.0,2025-09-21T11:49:20.110,20.0,20.494,13.333839179506569
656563,53700,100.0,2025-09-21T11:49:20.210,20.0,20.494,14.765871343605255
656663,53800,200.0,2025-09-21T11:49:20.310,20.0,20.494,15.911497074884206
656763,53900,300.0,2025-09-21T11:49:20.410,20.0,20.494,16.827997659907364
656863,54000,400.0,2025-09-21T11:49:20.510,20.0,20.494,17.56119812792589
656963,54100,500.0,2025-09-21T11:49:20.610,20.0,20.494,18.147758502340714
657063,54200,600.0,2025-09-21T11:49:20.710,20.0,20.494,18.617006801872574
657163,54300,700.0,2025-09-21T11:49:20.810,20.0,20.494,18.99240544149806
657263,54400,800.0,2025-09-21T11:49:20.910,20.0,20.494,19.292724353198448
657363,54500,900.0,2025-09-21T11:49:21.010,20.0,20.494,19.53297948255876
657463,54600,1000.0,2025-09-21T11:49:21.110,20.0,20.494,19.725183586047006
657563,54700,1100.0,2025-09-21T11:49:21.210,20.0,20.494,19.878946868837605
657663,54800,1200.0,2025-09-21T11:49:21.310,20.0,20.494,20.001957495070084
657763,54900,1300.0,2025-09-21T11:49:21.410,20.0,20.494,20.10036599605607
657863,55000,1400.0,2025-09-21T11:49:21.510,20.0,20.494,20.179092796844856
657963,55100,1500.0,2025-09-21T11:49:21.610,20.0,20.494,20.242074237475887
658063,55200,1600.0,2025-09-21T11:49:21.710,20.0,20.477,20.28905938998071
658163,55300,1700.0,2025-09-21T11:49:21.810,20.0,20.477,20.32664751198457
658263,55400,1800.0,2025-09-21T11:49:21.910,20.0,20.494,20.36011800958766
658363,55500,1900.0,2025-09-21T11:49:22.010,20.0,20.477,20.383494407670128
658463,55600,2000.0,2025-09-21T11:49:22.110,20.0,20.477,20.402195526136104
658563,55700,2100.0,2025-09-21T11:49:22.210,20.0,20.477,20.417156420908885
658663,55800,2200.0,2025-09-21T11:49:22.310,20.0,20.477,20.42912513672711
658763,55900,2300.0,2025-09-21T11:49:22.410,20.0,20.477,20.43870010938169
658863,56000,2400.0,2025-09-21T11:49:22.510,20.0,20.477,20.446360087505354
658963,56100,2500.0,2025-09-21T11:49:22.610,20.0,20.477,20.452488070004286
659063,56200,2600.0,2025-09-21T11:49:22.710,20.0,20.477,20.45739045600343
659163,56300,2700.0,2025-09-21T11:49:22.810,20.0,20.477,20.461312364802748
659263,56400,2800.0,2025-09-21T11:49:22.910,20.0,20.477,20.4644498918422
659363,56500,2900.0,2025-09-21T11:49:23.010,20.0,20.477,20.46695991347376
659463,56600,3000.0,2025-09-21T11:49:23.110,20.0,20.477,20.468967930779012
659563,56700,3100.0,2025-09-21T11:49:23.211,20.0,20.494,20.473974344623212
659663,56800,3200.0,2025-09-21T11:49:23.310,20.0,20.494,20.47797947569857
659763,56900,3300.0,2025-09-21T11:49:23.410,20.0,20.494,20.48118358055886
659863,57000,3400.0,2025-09-21T11:49:23.510,20.0,20.477,20.48034686444709
659963,57100,3500.0,2025-09-21T11:49:23.610,20.0,20.494,20.483077491557673
660063,57200,3600.0,2025-09-21T11:49:23.710,20.0,20.494,20.48526199324614
660163,57300,3700.0,2025-09-21T11:49:23.810,20.0,20.494,20.487009594596913
660263,57400,3800.0,2025-09-21T11:49:23.910,20.0,20.494,20.488407675677532
660363,57500,3900.0,2025-09-21T11:49:24.010,20.0,20.494,20.489526140542026
660463,57600,4000.0,2025-09-21T11:49:24.110,20.0,20.494,20.49042091243362
660563,57700,4100.0,2025-09-21T11:49:24.210,20.0,20.494,20.4911367299469
660663,57800,4200.0,2025-09-21T11:49:24.310,20.0,20.494,20.49170938395752
660763,57900,4300.0,2025-09-21T11:49:24.410,20.0,20.494,20.492167507166016
660863,58000,4400.0,2025-09-21T11:49:24.510,20.0,20.494,20.492534005732814
660963,58100,4500.0,2025-09-21T11:49:24.610,20.0,20.494,20.492827204586252
661063,58200,4600.0,2025-09-21T11:49:24.710,20.0,20.494,20.493061763669004
661163,58300,4700.0,2025-09-21T11:49:24.810,20.0,20.494,20.493249410935206
661263,58400,4800.0,2025-09-21T11:49:24.909,20.0,20.494,20.493399528748167
661363,58500,4900.0,2025-09-21T11:49:25.010,20.0,20.494,20.493519622998534
661463,58600,5000.0,2025-09-21T11:49:25.110,20.0,20.494,20.493615698398827
661563,58700,5100.0,2025-09-21T11:49:25.210,20.0,20.477,20.490292558719062
661663,58800,5200.0,2025-09-21T11:49:25.309,20.0,20.494,20.49103404697525
661763,58900,5300.0,2025-09-21T11:49:25.410,20.0,20.494,20.491627237580204
661863,59000,5400.0,2025-09-21T11:49:25.510,20.0,20.494,20.492101790064165
661963,59100,5500.0,2025-09-21T11:49:25.610,20.0,20.494,20.492481432051335
662063,59200,5600.0,2025-09-21T11:49:25.710,20.0,20.494,20.49278514564107
662163,59300,5700.0,2025-09-21T11:49:25.810,20.0,20.494,20.493028116512857
662263,59400,5800.0,2025-09-21T11:49:25.910,20.0,20.494,20.493222493210286
662363,59500,5900.0,2025-09-21T11:49:26.010,20.0,20.494,20.49337799456823
662463,59600,6000.0,2025-09-21T11:49:26.109,20.0,20.494,20.493502395654588
662563,59700,6100.0,2025-09-21T11:49:26.210,20.0,20.494,20.493601916523673
662663,59800,6200.0,2025-09-21T11:49:26.310,20.0,20.494,20.49368153321894
662763,59900,6300.0,2025-09-21T11:49:26.410,20.0,20.494,20.493745226575154
662863,60000,6400.0,2025-09-21T11:49:26.510,20.0,20.494,20.493796181260123
662963,60100,6500.0,2025-09-21T11:49:26.610,20.0,20.494,20.4938369450081
663063,60200,6600.0,2025-09-21T11:49:26.710,20.0,20.494,20.49386955600648
663163,60300,6700.0,2025-09-21T11:49:26.810,20.0,20.494,20.493895644805185
663263,60400,6800.0,2025-09-21T11:49:26.910,20.0,20.494,20.49391651584415
663363,60500,6900.0,2025-09-21T11:49:27.010,20.0,20.494,20.49393321267532
663463,60600,7000.0,2025-09-21T11:49:27.110,20.0,20.494,20.493946570140256
663563,60700,7100.0,2025-09-21T11:49:27.210,20.0,20.494,20.493957256112207
663663,60800,7200.0,2025-09-21T11:49:27.310,20.0,20.494,20.49396580488977
663763,60900,7300.0,2025-09-21T11:49:27.410,20.0,20.494,20.493972643911817
663863,61000,7400.0,2025-09-21T11:49:27.510,20.0,20.494,20.493978115129455
663963,61100,7500.0,2025-09-21T11:49:27.610,20.0,20.494,20.493982492103566
664063,61200,7600.0,2025-09-21T11:49:27.710,20.0,20.494,20.493985993682855
664163,61300,7700.0,2025-09-21T11:49:27.810,20.0,20.494,20.493988794946286
664263,61400,7800.0,2025-09-21T11:49:27.910,20.0,20.494,20.49399103595703
664363,61500,7900.0,2025-09-21T11:49:28.010,20.0,20.494,20.493992828765627
664463,61600,8000.0,2025-09-21T11:49:28.110,20.0,20.477,20.490594263012504
664563,61700,8100.0,2025-09-21T11:49:28.210,20.0,20.477,20.487875410410005
664663,61800,8200.0,2025-09-21T11:49:28.310,20.0,20.494,20.489100328328007
664763,61900,8300.0,2025-09-21T11:49:28.410,20.0,20.477,20.486680262662407
664863,62000,8400.0,2025-09-21T11:49:28.510,20.0,20.477,20.48474421012993
664963,62100,8500.0,2025-09-21T11:49:28.610,20.0,20.477,20.483195368103946
665063,62200,8600.0,2025-09-21T11:49:28.710,20.0,20.477,20.481956294483158
665163,62300,8700.0,2025-09-21T11:49:28.810,20.0,20.494,20.484365035586528
665263,62400,8800.0,2025-09-21T11:49:28.910,20.0,20.477,20.482892028469223
665363,62500,8900.0,2025-09-21T11:49:29.010,20.0,20.494,20.48511362277538
665463,62600,9000.0,2025-09-21T11:49:29.110,20.0,20.494,20.486890898220306
665563,62700,9100.0,2025-09-21T11:49:29.209,20.0,20.494,20.488312718576246
665663,62800,9200.0,2025-09-21T11:49:29.310,20.0,20.477,20.486050174861
665763,62900,9300.0,2025-09-21T11:49:29.410,20.0,20.494,20.4876401398888
665863,63000,9400.0,2025-09-21T11:49:29.509,20.0,20.477,20.485512111911042
665963,63100,9500.0,2025-09-21T11:49:29.610,20.0,20.477,20.483809689528837
666063,63200,9600.0,2025-09-21T11:49:29.710,20.0,20.477,20.48244775162307
666163,63300,9700.0,2025-09-21T11:49:29.810,20.0,20.494,20.484758201298458
666263,63400,9800.0,2025-09-21T11:49:29.910,20.0,20.494,20.48660656103877
666363,63500,9900.0,2025-09-21T11:49:30.010,20.0,20.477,20.484685248831017
666463,63600,10000.0,2025-09-21T11:49:30.110,20.0,20.477,20.483148199064814
666563,63700,10100.0,2025-09-21T11:49:30.210,20.0,20.494,20.48531855925185
666663,63800,10200.0,2025-09-21T11:49:30.310,20.0,20.477,20.483654847401482
666763,63900,10300.0,2025-09-21T11:49:30.410,20.0,20.494,20.48572387792119
666863,64000,10400.0,2025-09-21T11:49:30.509,20.0,20.494,20.487379102336952
666963,64100,10500.0,2025-09-21T11:49:30.609,20.0,20.477,20.485303281869562
667063,64200,10600.0,2025-09-21T11:49:30.710,20.0,20.477,20.48364262549565
667163,64300,10700.0,2025-09-21T11:49:30.810,20.0,20.477,20.482314100396522
667263,64400,10800.0,2025-09-21T11:49:30.909,20.0,20.477,20.48125128031722
667363,64500,10900.0,2025-09-21T11:49:31.009,20.0,20.477,20.48040102425378
667463,64600,11000.0,2025-09-21T11:49:31.109,20.0,20.477,20.479720819403028
667563,64700,11100.0,2025-09-21T11:49:31.209,20.0,20.477,20.479176655522423
667663,64800,11200.0,2025-09-21T11:49:31.310,20.0,20.477,20.47874132441794
667763,64900,11300.0,2025-09-21T11:49:31.410,20.0,20.477,20.478393059534355
667863,65000,11400.0,2025-09-21T11:49:31.509,20.0,20.477,20.478114447627487
667963,65100,11500.0,2025-09-21T11:49:31.609,20.0,20.477,20.47789155810199
668063,65200,11600.0,2025-09-21T11:49:31.710,20.0,20.477,20.477713246481596
668163,65300,11700.0,2025-09-21T11:49:31.810,20.0,20.477,20.477570597185277
668263,65400,11800.0,2025-09-21T11:49:31.910,20.0,20.477,20.477456477748223
668363,65500,11900.0,2025-09-21T11:49:32.009,20.0,20.477,20.477365182198582
668463,65600,12000.0,2025-09-21T11:49:32.110,20.0,20.494,20.480692145758866
668563,65700,12100.0,2025-09-21T11:49:32.210,20.0,20.494,20.483353716607095
668663,65800,12200.0,2025-09-21T11:49:32.310,20.0,20.477,20.482082973285678
668763,65900,12300.0,2025-09-21T11:49:32.409,20.0,20.494,20.484466378628543
668863,66000,12400.0,2025-09-21T11:49:32.510,20.0,20.494,20.486373102902835
668963,66100,12500.0,2025-09-21T11:49:32.609,20.0,20.494,20.48789848232227
669063,66200,12600.0,2025-09-21T11:49:32.710,20.0,20.494,20.489118785857816
669163,66300,12700.0,2025-09-21T11:49:32.810,20.0,20.494,20.490095028686255
669263,66400,12800.0,2025-09-21T11:49:32.910,20.0,20.494,20.490876022949006
669363,66500,12900.0,2025-09-21T11:49:33.010,20.0,20.494,20.491500818359206
669463,66600,13000.0,2025-09-21T11:49:33.110,20.0,20.494,20.492000654687367
669563,66700,13100.0,2025-09-21T11:49:33.210,20.0,20.443,20.482200523749892
669663,66800,13200.0,2025-09-21T11:49:33.310,20.0,20.494,20.484560418999916
669763,66900,13300.0,2025-09-21T11:49:33.410,20.0,20.494,20.486448335199935
669863,67000,13400.0,2025-09-21T11:49:33.510,20.0,20.494,20.487958668159948
669963,67100,13500.0,2025-09-21T11:49:33.610,20.0,20.494,20.489166934527958
670063,67200,13600.0,2025-09-21T11:49:33.709,20.0,20.494,20.490133547622367
682763,79900,0.0,2025-09-21T11:49:46.410,30.0,29.927,22.377506838097894
682863,80000,100.0,2025-09-21T11:49:46.510,30.0,29.927,23.887405470478313
682963,80100,200.0,2025-09-21T11:49:46.610,30.0,29.927,25.09532437638265
683063,80200,300.0,2025-09-21T11:49:46.709,30.0,29.927,26.06165950110612
683163,80300,400.0,2025-09-21T11:49:46.809,30.0,29.927,26.834727600884897
683263,80400,500.0,2025-09-21T11:49:46.910,30.0,29.927,27.45318208070792
683363,80500,600.0,2025-09-21T11:49:47.010,30.0,29.927,27.947945664566333
683463,80600,700.0,2025-09-21T11:49:47.110,30.0,29.927,28.34375653165307
683563,80700,800.0,2025-09-21T11:49:47.210,30.0,29.927,28.660405225322457
683663,80800,900.0,2025-09-21T11:49:47.310,30.0,29.927,28.913724180257965
683763,80900,1000.0,2025-09-21T11:49:47.409,30.0,29.91,29.112979344206373
683863,81000,1100.0,2025-09-21T11:49:47.510,30.0,29.927,29.275783475365103
683963,81100,1200.0,2025-09-21T11:49:47.609,30.0,29.875,29.395626780292083
684063,81200,1300.0,2025-09-21T11:49:47.710,30.0,29.858,29.48810142423367
684163,81300,1400.0,2025-09-21T11:49:47.810,30.0,29.858,29.56208113938694
684263,81400,1500.0,2025-09-21T11:49:47.910,30.0,29.858,29.621264911509556
684363,81500,1600.0,2025-09-21T11:49:48.009,30.0,29.858,29.66861192920765
684463,81600,1700.0,2025-09-21T11:49:48.109,30.0,29.91,29.716889543366122
684563,81700,1800.0,2025-09-21T11:49:48.210,30.0,29.927,29.7589116346929
684663,81800,1900.0,2025-09-21T11:49:48.310,30.0,29.927,29.79252930775432
684763,81900,2000.0,2025-09-21T11:49:48.410,30.0,29.91,29.81602344620346
684863,82000,2100.0,2025-09-21T11:49:48.510,30.0,29.91,29.83481875696277
684963,82100,2200.0,2025-09-21T11:49:48.609,30.0,29.91,29.849855005570216
685063,82200,2300.0,2025-09-21T11:49:48.710,30.0,29.91,29.861884004456172
685163,82300,2400.0,2025-09-21T11:49:48.810,30.0,29.91,29.87150720356494
685263,82400,2500.0,2025-09-21T11:49:48.910,30.0,29.91,29.879205762851953
685363,82500,2600.0,2025-09-21T11:49:49.009,30.0,29.91,29.885364610281563
685463,82600,2700.0,2025-09-21T11:49:49.110,30.0,29.91,29.89029168822525
685563,82700,2800.0,2025-09-21T11:49:49.209,30.0,29.91,29.8942333505802
685663,82800,2900.0,2025-09-21T11:49:49.310,30.0,29.91,29.897386680464162
685763,82900,3000.0,2025-09-21T11:49:49.409,30.0,29.91,29.89990934437133
685863,83000,3100.0,2025-09-21T11:49:49.510,30.0,29.91,29.901927475497065
685963,83100,3200.0,2025-09-21T11:49:49.609,30.0,29.91,29.90354198039765
686063,83200,3300.0,2025-09-21T11:49:49.710,30.0,29.91,29.904833584318123
686163,83300,3400.0,2025-09-21T11:49:49.810,30.0,29.91,29.9058668674545
686263,83400,3500.0,2025-09-21T11:49:49.909,30.0,29.91,29.9066934939636
686363,83500,3600.0,2025-09-21T11:49:50.009,30.0,29.91,29.907354795170882
686463,83600,3700.0,2025-09-21T11:49:50.110,30.0,29.858,29.897483836136708
686563,83700,3800.0,2025-09-21T11:49:50.209,30.0,29.858,29.88958706890937
686663,83800,3900.0,2025-09-21T11:49:50.309,30.0,29.858,29.8832696551275
686763,83900,4000.0,2025-09-21T11:49:50.410,30.0,29.858,29.878215724102
686863,84000,4100.0,2025-09-21T11:49:50.510,30.0,29.858,29.8741725792816
686963,84100,4200.0,2025-09-21T11:49:50.610,30.0,29.858,29.870938063425278
687063,84200,4300.0,2025-09-21T11:49:50.710,30.0,29.858,29.868350450740223
687163,84300,4400.0,2025-09-21T11:49:50.810,30.0,29.858,29.866280360592178
687263,84400,4500.0,2025-09-21T11:49:50.910,30.0,29.858,29.864624288473742
687363,84500,4600.0,2025-09-21T11:49:51.010,30.0,29.858,29.863299430778994
687463,84600,4700.0,2025-09-21T11:49:51.110,30.0,29.858,29.8622395446232
687563,84700,4800.0,2025-09-21T11:49:51.210,30.0,29.858,29.86139163569856
687663,84800,4900.0,2025-09-21T11:49:51.310,30.0,29.858,29.86071330855885
687763,84900,5000.0,2025-09-21T11:49:51.409,30.0,29.858,29.86017064684708
687863,85000,5100.0,2025-09-21T11:49:51.510,30.0,29.858,29.859736517477664
687963,85100,5200.0,2025-09-21T11:49:51.610,30.0,29.858,29.859389213982134
688063,85200,5300.0,2025-09-21T11:49:51.710,30.0,29.858,29.859111371185712
688163,85300,5400.0,2025-09-21T11:49:51.810,30.0,29.858,29.858889096948573
688263,85400,5500.0,2025-09-21T11:49:51.910,30.0,29.858,29.85871127755886
688363,85500,5600.0,2025-09-21T11:49:52.009,30.0,29.858,29.858569022047092
688463,85600,5700.0,2025-09-21T11:49:52.109,30.0,29.858,29.858455217637676
688563,85700,5800.0,2025-09-21T11:49:52.210,30.0,29.858,29.858364174110143
688663,85800,5900.0,2025-09-21T11:49:52.309,30.0,29.858,29.858291339288115
688763,85900,6000.0,2025-09-21T11:49:52.409,30.0,29.858,29.858233071430497
688863,86000,6100.0,2025-09-21T11:49:52.510,30.0,29.858,29.8581864571444
688963,86100,6200.0,2025-09-21T11:49:52.609,30.0,29.875,29.861549165715523
689063,86200,6300.0,2025-09-21T11:49:52.710,30.0,29.858,29.860839332572418
689163,86300,6400.0,2025-09-21T11:49:52.809,30.0,29.858,29.860271466057938
689263,86400,6500.0,2025-09-21T11:49:52.910,30.0,29.858,29.859817172846356
689363,86500,6600.0,2025-09-21T11:49:53.010,30.0,29.875,29.86285373827709
689463,86600,6700.0,2025-09-21T11:49:53.110,30.0,29.875,29.865282990621672
689563,86700,6800.0,2025-09-21T11:49:53.210,30.0,29.858,29.863826392497337
689663,86800,6900.0,2025-09-21T11:49:53.310,30.0,29.858,29.862661113997873
689763,86900,7000.0,2025-09-21T11:49:53.410,30.0,29.858,29.861728891198304
689863,87000,7100.0,2025-09-21T11:49:53.509,30.0,29.875,29.864383112958645
689963,87100,7200.0,2025-09-21T11:49:53.610,30.0,29.875,29.86650649036692
690063,87200,7300.0,2025-09-21T11:49:53.709,30.0,29.858,29.864805192293538
690163,87300,7400.0,2025-09-21T11:49:53.810,30.0,29.858,29.863444153834834
690263,87400,7500.0,2025-09-21T11:49:53.910,30.0,29.858,29.862355323067867
690363,87500,7600.0,2025-09-21T11:49:54.010,30.0,29.858,29.861484258454297
690463,87600,7700.0,2025-09-21T11:49:54.110,30.0,29.858,29.860787406763443
690563,87700,7800.0,2025-09-21T11:49:54.210,30.0,29.875,29.863629925410756
690663,87800,7900.0,2025-09-21T11:49:54.310,30.0,29.858,29.862503940328608
690763,87900,8000.0,2025-09-21T11:49:54.410,30.0,29.875,29.86500315226289
690863,88000,8100.0,2025-09-21T11:49:54.510,30.0,29.858,29.863602521810314
690963,88100,8200.0,2025-09-21T11:49:54.610,30.0,29.875,29.865882017448254
691063,88200,8300.0,2025-09-21T11:49:54.709,30.0,29.858,29.864305613958607
691163,88300,8400.0,2025-09-21T11:49:54.810,30.0,29.875,29.866444491166888
691263,88400,8500.0,2025-09-21T11:49:54.910,30.0,29.875,29.868155592933512
691363,88500,8600.0,2025-09-21T11:49:55.010,30.0,29.875,29.86952447434681
691463,88600,8700.0,2025-09-21T11:49:55.110,30.0,29.858,29.86721957947745
691563,88700,8800.0,2025-09-21T11:49:55.210,30.0,29.875,29.868775663581964
691663,88800,8900.0,2025-09-21T11:49:55.310,30.0,29.858,29.866620530865575
691763,88900,9000.0,2025-09-21T11:49:55.410,30.0,29.858,29.86489642469246
691863,89000,9100.0,2025-09-21T11:49:55.510,30.0,29.858,29.863517139753974
691963,89100,9200.0,2025-09-21T11:49:55.610,30.0,29.875,29.86581371180318
692063,89200,9300.0,2025-09-21T11:49:55.710,30.0,29.875,29.867650969442547
692163,89300,9400.0,2025-09-21T11:49:55.809,30.0,29.875,29.86912077555404
692263,89400,9500.0,2025-09-21T11:49:55.910,30.0,29.858,29.866896620443235
692363,89500,9600.0,2025-09-21T11:49:56.010,30.0,29.875,29.86851729635459
692463,89600,9700.0,2025-09-21T11:49:56.110,30.0,29.858,29.866413837083677
692563,89700,9800.0,2025-09-21T11:49:56.210,30.0,29.875,29.868131069666944
692663,89800,9900.0,2025-09-21T11:49:56.310,30.0,29.875,29.86950485573356
692763,89900,10000.0,2025-09-21T11:49:56.409,30.0,29.875,29.87060388458685
692863,90000,10100.0,2025-09-21T11:49:56.510,30.0,29.858,29.868083107669484
692963,90100,10200.0,2025-09-21T11:49:56.610,30.0,29.858,29.866066486135587
693063,90200,10300.0,2025-09-21T11:49:56.710,30.0,29.858,29.86445318890847
693163,90300,10400.0,2025-09-21T11:49:56.809,30.0,29.875,29.86656255112678
693263,90400,10500.0,2025-09-21T11:49:56.909,30.0,29.875,29.868250040901426
693363,90500,10600.0,2025-09-21T11:49:57.010,30.0,29.858,29.866200032721146
693463,90600,10700.0,2025-09-21T11:49:57.109,30.0,29.875,29.86796002617692
693563,90700,10800.0,2025-09-21T11:49:57.210,30.0,29.858,29.865968020941537
693663,90800,10900.0,2025-09-21T11:49:57.309,30.0,29.875,29.86777441675323
693763,90900,11000.0,2025-09-21T11:49:57.410,30.0,29.875,29.86921953340259
693863,91000,11100.0,2025-09-21T11:49:57.509,30.0,29.875,29.870375626722073
693963,91100,11200.0,2025-09-21T11:49:57.610,30.0,29.875,29.87130050137766
694063,91200,11300.0,2025-09-21T11:49:57.710,30.0,29.858,29.868640401102134
694163,91300,11400.0,2025-09-21T11:49:57.810,30.0,29.858,29.86651232088171
694263,91400,11500.0,2025-09-21T11:49:57.910,30.0,29.858,29.86480985670537
694363,91500,11600.0,2025-09-21T11:49:58.010,30.0,29.858,29.8634478853643
694463,91600,11700.0,2025-09-21T11:49:58.109,30.0,29.858,29.86235830829144
694563,91700,11800.0,2025-09-21T11:49:58.209,30.0,29.858,29.861486646633153
694663,91800,11900.0,2025-09-21T11:49:58.309,30.0,29.858,29.860789317306526
694763,91900,12000.0,2025-09-21T11:49:58.409,30.0,29.858,29.860231453845223
694863,92000,12100.0,2025-09-21T11:49:58.510,30.0,29.875,29.86318516307618
694963,92100,12200.0,2025-09-21T11:49:58.610,30.0,29.875,29.865548130460947
695063,92200,12300.0,2025-09-21T11:49:58.710,30.0,29.858,29.864038504368757
695163,92300,12400.0,2025-09-21T11:49:58.810,30.0,29.875,29.866230803495007
695263,92400,12500.0,2025-09-21T11:49:58.910,30.0,29.875,29.86798464279601
695363,92500,12600.0,2025-09-21T11:49:59.009,30.0,29.875,29.86938771423681
695463,92600,12700.0,2025-09-21T11:49:59.109,30.0,29.858,29.86711017138945
695563,92700,12800.0,2025-09-21T11:49:59.210,30.0,29.875,29.868688137111562
695663,92800,12900.0,2025-09-21T11:49:59.309,30.0,29.858,29.866550509689255
695763,92900,13000.0,2025-09-21T11:49:59.410,30.0,29.875,29.868240407751408
695863,93000,13100.0,2025-09-21T11:49:59.509,30.0,29.875,29.86959232620113
695963,93100,13200.0,2025-09-21T11:49:59.610,30.0,29.875,29.870673860960906
696063,93200,13300.0,2025-09-21T11:49:59.710,30.0,29.875,29.871539088768728
696163,93300,13400.0,2025-09-21T11:49:59.809,30.0,29.875,29.872231271014986
696263,93400,13500.0,2025-09-21T11:49:59.909,30.0,29.875,29.872785016811992
696363,93500,13600.0,2025-09-21T11:50:00.010,30.0,29.875,29.873228013449598
696463,93600,13700.0,2025-09-21T11:50:00.109,30.0,29.858,29.870182410759682
696563,93700,13800.0,2025-09-21T11:50:00.209,30.0,29.875,29.87114592860775
696663,93800,13900.0,2025-09-21T11:50:00.310,30.0,29.875,29.871916742886203
696763,93900,14000.0,2025-09-21T11:50:00.410,30.0,29.875,29.872533394308967
696863,94000,14100.0,2025-09-21T11:50:00.509,30.0,29.875,29.873026715447175
696963,94100,14200.0,2025-09-21T11:50:00.610,30.0,29.875,29.873421372357743
697063,94200,14300.0,2025-09-21T11:50:00.709,30.0,29.875,29.8737370978862
697163,94300,14400.0,2025-09-21T11:50:00.809,30.0,29.875,29.873989678308963
697263,94400,14500.0,2025-09-21T11:50:00.909,30.0,29.875,29.874191742647174
697363,94500,14600.0,2025-09-21T11:50:01.010,30.0,29.875,29.87435339411774
697463,94600,14700.0,2025-09-21T11:50:01.110,30.0,29.875,29.874482715294196
697563,94700,14800.0,2025-09-21T11:50:01.209,30.0,29.875,29.87458617223536
697663,94800,14900.0,2025-09-21T11:50:01.309,30.0,29.875,29.874668937788293
697763,94900,15000.0,2025-09-21T11:50:01.410,30.0,29.875,29.874735150230638
697863,95000,15100.0,2025-09-21T11:50:01.509,30.0,29.875,29.874788120184512
697963,95100,15200.0,2025-09-21T11:50:01.609,30.0,29.875,29.874830496147613
698063,95200,15300.0,2025-09-21T11:50:01.710,30.0,29.875,29.874864396918092
698163,95300,15400.0,2025-09-21T11:50:01.809,30.0,29.875,29.874891517534476
698263,95400,15500.0,2025-09-21T11:50:01.910,30.0,29.875,29.874913214027583
698363,95500,15600.0,2025-09-21T11:50:02.010,30.0,29.875,29.87493057122207
698463,95600,15700.0,2025-09-21T11:50:02.109,30.0,29.875,29.87494445697766
698563,95700,15800.0,2025-09-21T11:50:02.210,30.0,29.875,29.87495556558213
698663,95800,15900.0,2025-09-21T11:50:02.309,30.0,29.875,29.874964452465708
698763,95900,16000.0,2025-09-21T11:50:02.409,30.0,29.875,29.87497156197257
698863,96000,16100.0,2025-09-21T11:50:02.509,30.0,29.875,29.87497724957806
698963,96100,16200.0,2025-09-21T11:50:02.610,30.0,29.875,29.87498179966245
699063,96200,16300.0,2025-09-21T11:50:02.709,30.0,29.875,29.87498543972996
699163,96300,16400.0,2025-09-21T11:50:02.810,30.0,29.875,29.874988351783973
699263,96400,16500.0,2025-09-21T11:50:02.909,30.0,29.875,29.87499068142718
699363,96500,16600.0,2025-09-21T11:50:03.010,30.0,29.875,29.874992545141748
699463,96600,16700.0,2025-09-21T11:50:03.110,30.0,29.875,29.8749940361134
699563,96700,16800.0,2025-09-21T11:50:03.210,30.0,29.875,29.87499522889072
699663,96800,16900.0,2025-09-21T11:50:03.309,30.0,29.875,29.87499618311258
699763,96900,17000.0,2025-09-21T11:50:03.409,30.0,29.875,29.874996946490064
699863,97000,17100.0,2025-09-21T11:50:03.510,30.0,29.875,29.874997557192053
699963,97100,17200.0,2025-09-21T11:50:03.609,30.0,29.875,29.874998045753646
700063,97200,17300.0,2025-09-21T11:50:03.709,30.0,29.875,29.87499843660292
700163,97300,17400.0,2025-09-21T11:50:03.809,30.0,29.875,29.874998749282337
700263,97400,17500.0,2025-09-21T11:50:03.910,30.0,29.875,29.874998999425873
700363,97500,17600.0,2025-09-21T11:50:04.009,30.0,29.875,29.874999199540703
700463,97600,17700.0,2025-09-21T11:50:04.110,30.0,29.875,29.874999359632564
700563,97700,17800.0,2025-09-21T11:50:04.209,30.0,29.875,29.874999487706056
700663,97800,17900.0,2025-09-21T11:50:04.309,30.0,29.875,29.874999590164848
700763,97900,18000.0,2025-09-21T11:50:04.409,30.0,29.875,29.87499967213188
700863,98000,18100.0,2025-09-21T11:50:04.509,30.0,29.875,29.874999737705508
700963,98100,18200.0,2025-09-21T11:50:04.610,30.0,29.875,29.87499979016441
701063,98200,18300.0,2025-09-21T11:50:04.709,30.0,29.875,29.87499983213153
701163,98300,18400.0,2025-09-21T11:50:04.809,30.0,29.875,29.874999865705227
701263,98400,18500.0,2025-09-21T11:50:04.909,30.0,29.875,29.874999892564183
701363,98500,18600.0,2025-09-21T11:50:05.009,30.0,29.875,29.87499991405135
701463,98600,18700.0,2025-09-21T11:50:05.110,30.0,29.875,29.874999931241085
701563,98700,18800.0,2025-09-21T11:50:05.209,30.0,29.875,29.874999944992872
701663,98800,18900.0,2025-09-21T11:50:05.309,30.0,29.875,29.8749999559943
701763,98900,19000.0,2025-09-21T11:50:05.409,30.0,29.875,29.874999964795443
701863,99000,19100.0,2025-09-21T11:50:05.510,30.0,29.875,29.874999971836356
701963,99100,19200.0,2025-09-21T11:50:05.609,30.0,29.875,29.874999977469088
702063,99200,19300.0,2025-09-21T11:50:05.710,30.0,29.875,29.87499998197527
702163,99300,19400.0,2025-09-21T11:50:05.809,30.0,29.875,29.87499998558022
702263,99400,19500.0,2025-09-21T11:50:05.909,30.0,29.875,29.87499998846418
702363,99500,19600.0,2025-09-21T11:50:06.009,30.0,29.875,29.874999990771347
702463,99600,19700.0,2025-09-21T11:50:06.109,30.0,29.875,29.87499999261708
702563,99700,19800.0,2025-09-21T11:50:06.209,30.0,29.875,29.874999994093667
702663,99800,19900.0,2025-09-21T11:50:06.309,30.0,29.875,29.874999995274937
702763,99900,20000.0,2025-09-21T11:50:06.410,30.0,29.875,29.87499999621995
702863,100000,20100.0,2025-09-21T11:50:06.509,30.0,29.875,29.874999996975966
702963,100100,20200.0,2025-09-21T11:50:06.609,30.0,29.875,29.874999997580776
703063,100200,20300.0,2025-09-21T11:50:06.708,30.0,29.875,29.874999998064624
703163,100300,20400.0,2025-09-21T11:50:06.809,30.0,29.875,29.874999998451703
703263,100400,20500.0,2025-09-21T11:50:06.909,30.0,29.875,29.874999998761364
703363,100500,20600.0,2025-09-21T11:50:07.009,30.0,29.875,29.874999999009095
703463,100600,20700.0,2025-09-21T11:50:07.109,30.0,29.875,29.87499999920728
703563,100700,20800.0,2025-09-21T11:50:07.209,30.0,29.875,29.874999999365826
703663,100800,20900.0,2025-09-21T11:50:07.310,30.0,29.875,29.874999999492665
703763,100900,21000.0,2025-09-21T11:50:07.409,30.0,29.875,29.874999999594134
703863,101000,21100.0,2025-09-21T11:50:07.509,30.0,29.875,29.87499999967531
703963,101100,21200.0,2025-09-21T11:50:07.609,30.0,29.875,29.87499999974025
704063,101200,21300.0,2025-09-21T11:50:07.709,30.0,29.875,29.874999999792202
704163,101300,21400.0,2025-09-21T11:50:07.809,30.0,29.875,29.874999999833765
704263,101400,21500.0,2025-09-21T11:50:07.909,30.0,29.875,29.874999999867015
704363,101500,21600.0,2025-09-21T11:50:08.009,30.0,29.824,29.864799999893613
704463,101600,21700.0,2025-09-21T11:50:08.109,30.0,29.875,29.866839999914895
704563,101700,21800.0,2025-09-21T11:50:08.209,30.0,29.875,29.86847199993192
704663,101800,21900.0,2025-09-21T11:50:08.309,30.0,29.875,29.86977759994554
704763,101900,22000.0,2025-09-21T11:50:08.409,30.0,29.875,29.870822079956433
704863,102000,22100.0,2025-09-21T11:50:08.509,30.0,29.875,29.87165766396515
704963,102100,22200.0,2025-09-21T11:50:08.609,30.0,29.875,29.872326131172123
705063,102200,22300.0,2025-09-21T11:50:08.708,30.0,29.875,29.872860904937703
712563,109700,0.0,2025-09-21T11:50:16.210,40.0,39.719,31.842088723950162
712663,109800,100.0,2025-09-21T11:50:16.310,40.0,39.719,33.417470979160136
712763,109900,200.0,2025-09-21T11:50:16.409,40.0,39.719,34.67777678332811
712863,110000,300.0,2025-09-21T11:50:16.509,40.0,39.771,35.696421426662496
712963,110100,400.0,2025-09-21T11:50:16.609,40.0,39.771,36.51133714133
713063,110200,500.0,2025-09-21T11:50:16.709,40.0,39.788,37.166669713064
713163,110300,600.0,2025-09-21T11:50:16.810,40.0,39.771,37.687535770451206
713263,110400,700.0,2025-09-21T11:50:16.909,40.0,39.771,38.10422861636097
713363,110500,800.0,2025-09-21T11:50:17.010,40.0,40.148,38.512982893088775
713463,110600,900.0,2025-09-21T11:50:17.109,40.0,40.148,38.83998631447102
713563,110700,1000.0,2025-09-21T11:50:17.210,40.0,39.788,39.02958905157682
713663,110800,1100.0,2025-09-21T11:50:17.310,40.0,39.788,39.181271241261456
713763,110900,1200.0,2025-09-21T11:50:17.409,40.0,39.788,39.30261699300917
713863,111000,1300.0,2025-09-21T11:50:17.510,40.0,39.771,39.39629359440734
713963,111100,1400.0,2025-09-21T11:50:17.610,40.0,39.771,39.47123487552587
714063,111200,1500.0,2025-09-21T11:50:17.709,40.0,40.148,39.6065879004207
714163,111300,1600.0,2025-09-21T11:50:17.810,40.0,40.148,39.71487032033656
714263,111400,1700.0,2025-09-21T11:50:17.909,40.0,40.148,39.801496256269246
714363,111500,1800.0,2025-09-21T11:50:18.010,40.0,39.719,39.7849970050154
714463,111600,1900.0,2025-09-21T11:50:18.109,40.0,39.719,39.77179760401232
714563,111700,2000.0,2025-09-21T11:50:18.209,40.0,39.788,39.77503808320986
714663,111800,2100.0,2025-09-21T11:50:18.309,40.0,39.771,39.774230466567886
714763,111900,2200.0,2025-09-21T11:50:18.410,40.0,39.771,39.77358437325431
714863,112000,2300.0,2025-09-21T11:50:18.510,40.0,40.148,39.84846749860345
714963,112100,2400.0,2025-09-21T11:50:18.610,40.0,40.148,39.90837399888276
715063,112200,2500.0,2025-09-21T11:50:18.709,40.0,40.148,39.95629919910621
715163,112300,2600.0,2025-09-21T11:50:18.809,40.0,39.771,39.91923935928497
715263,112400,2700.0,2025-09-21T11:50:18.909,40.0,40.148,39.96499148742798
715363,112500,2800.0,2025-09-21T11:50:19.009,40.0,39.788,39.92959318994238
715463,112600,2900.0,2025-09-21T11:50:19.110,40.0,39.771,39.897874551953905
715563,112700,3000.0,2025-09-21T11:50:19.209,40.0,39.788,39.87589964156312
715663,112800,3100.0,2025-09-21T11:50:19.310,40.0,39.788,39.858319713250495
715763,112900,3200.0,2025-09-21T11:50:19.409,40.0,39.788,39.8442557706004
715863,113000,3300.0,2025-09-21T11:50:19.510,40.0,39.788,39.83300461648032
715963,113100,3400.0,2025-09-21T11:50:19.609,40.0,39.788,39.82400369318426
716063,113200,3500.0,2025-09-21T11:50:19.710,40.0,39.788,39.81680295454741
716163,113300,3600.0,2025-09-21T11:50:19.810,40.0,39.788,39.81104236363793
716263,113400,3700.0,2025-09-21T11:50:19.909,40.0,39.788,39.80643389091034
716363,113500,3800.0,2025-09-21T11:50:20.009,40.0,39.788,39.80274711272827
716463,113600,3900.0,2025-09-21T11:50:20.110,40.0,39.788,39.799797690182615
716563,113700,4000.0,2025-09-21T11:50:20.210,40.0,39.788,39.79743815214609
716663,113800,4100.0,2025-09-21T11:50:20.309,40.0,39.788,39.795550521716876
716763,113900,4200.0,2025-09-21T11:50:20.409,40.0,39.788,39.7940404173735
716863,114000,4300.0,2025-09-21T11:50:20.510,40.0,39.788,39.7928323338988
716963,114100,4400.0,2025-09-21T11:50:20.609,40.0,39.788,39.79186586711904
717063,114200,4500.0,2025-09-21T11:50:20.709,40.0,39.771,39.787692693695234
717163,114300,4600.0,2025-09-21T11:50:20.810,40.0,39.788,39.78775415495619
717263,114400,4700.0,2025-09-21T11:50:20.910,40.0,39.788,39.78780332396495
717363,114500,4800.0,2025-09-21T11:50:21.010,40.0,39.771,39.78444265917196
717463,114600,4900.0,2025-09-21T11:50:21.109,40.0,39.788,39.78515412733756
717563,114700,5000.0,2025-09-21T11:50:21.210,40.0,39.771,39.78232330187005
717663,114800,5100.0,2025-09-21T11:50:21.309,40.0,39.771,39.78005864149604
717763,114900,5200.0,2025-09-21T11:50:21.410,40.0,39.788,39.78164691319684
717863,115000,5300.0,2025-09-21T11:50:21.509,40.0,39.771,39.77951753055747
717963,115100,5400.0,2025-09-21T11:50:21.609,40.0,39.788,39.78121402444597
718063,115200,5500.0,2025-09-21T11:50:21.710,40.0,39.788,39.78257121955678
718163,115300,5600.0,2025-09-21T11:50:21.809,40.0,39.788,39.78365697564543
718263,115400,5700.0,2025-09-21T11:50:21.909,40.0,39.788,39.784525580516345
718363,115500,5800.0,2025-09-21T11:50:22.009,40.0,39.788,39.78522046441307
718463,115600,5900.0,2025-09-21T11:50:22.109,40.0,39.788,39.78577637153046
718563,115700,6000.0,2025-09-21T11:50:22.210,40.0,39.788,39.78622109722437
718663,115800,6100.0,2025-09-21T11:50:22.309,40.0,39.788,39.786576877779495
718763,115900,6200.0,2025-09-21T11:50:22.410,40.0,39.788,39.7868615022236
718863,116000,6300.0,2025-09-21T11:50:22.509,40.0,39.771,39.783689201778884
718963,116100,6400.0,2025-09-21T11:50:22.610,40.0,39.788,39.78455136142311
719063,116200,6500.0,2025-09-21T11:50:22.709,40.0,40.148,39.85724108913849
719163,116300,6600.0,2025-09-21T11:50:22.810,40.0,40.148,39.91539287131079
719263,116400,6700.0,2025-09-21T11:50:22.909,40.0,39.719,39.87611429704864
719363,116500,6800.0,2025-09-21T11:50:23.009,40.0,39.737,39.84829143763891
719463,116600,6900.0,2025-09-21T11:50:23.109,40.0,39.719,39.82243315011113
719563,116700,7000.0,2025-09-21T11:50:23.209,40.0,39.719,39.801746520088905
719663,116800,7100.0,2025-09-21T11:50:23.310,40.0,39.719,39.785197216071126
719763,116900,7200.0,2025-09-21T11:50:23.409,40.0,39.737,39.7755577728569
719863,117000,7300.0,2025-09-21T11:50:23.509,40.0,39.719,39.76424621828552
719963,117100,7400.0,2025-09-21T11:50:23.609,40.0,39.788,39.76899697462842
720063,117200,7500.0,2025-09-21T11:50:23.709,40.0,39.771,39.76939757970274
720163,117300,7600.0,2025-09-21T11:50:23.809,40.0,39.788,39.7731180637622
720263,117400,7700.0,2025-09-21T11:50:23.909,40.0,39.771,39.772694451009755
720363,117500,7800.0,2025-09-21T11:50:24.009,40.0,39.788,39.77575556080781
720463,117600,7900.0,2025-09-21T11:50:24.109,40.0,39.788,39.77820444864625
720563,117700,8000.0,2025-09-21T11:50:24.209,40.0,39.788,39.780163558916996
720663,117800,8100.0,2025-09-21T11:50:24.309,40.0,39.788,39.7817308471336
720763,117900,8200.0,2025-09-21T11:50:24.410,40.0,39.788,39.78298467770688
720863,118000,8300.0,2025-09-21T11:50:24.510,40.0,39.788,39.78398774216551
720963,118100,8400.0,2025-09-21T11:50:24.609,40.0,40.148,39.85679019373241
721063,118200,8500.0,2025-09-21T11:50:24.710,40.0,39.771,39.83963215498593
721163,118300,8600.0,2025-09-21T11:50:24.810,40.0,39.788,39.82930572398874
721263,118400,8700.0,2025-09-21T11:50:24.909,40.0,39.771,39.817644579191
721363,118500,8800.0,2025-09-21T11:50:25.009,40.0,39.788,39.8117156633528
721463,118600,8900.0,2025-09-21T11:50:25.109,40.0,39.788,39.806972530682245
721563,118700,9000.0,2025-09-21T11:50:25.210,40.0,39.788,39.8031780245458
721663,118800,9100.0,2025-09-21T11:50:25.309,40.0,40.148,39.872142419636646
721763,118900,9200.0,2025-09-21T11:50:25.409,40.0,39.719,39.84151393570932
721863,119000,9300.0,2025-09-21T11:50:25.509,40.0,39.719,39.81701114856746
721963,119100,9400.0,2025-09-21T11:50:25.610,40.0,39.737,39.80100891885397
722063,119200,9500.0,2025-09-21T11:50:25.710,40.0,39.719,39.78460713508318
722163,119300,9600.0,2025-09-21T11:50:25.809,40.0,39.719,39.77148570806654
722263,119400,9700.0,2025-09-21T11:50:25.909,40.0,39.719,39.760988566453236
722363,119500,9800.0,2025-09-21T11:50:26.009,40.0,39.788,39.76639085316259
722463,119600,9900.0,2025-09-21T11:50:26.109,40.0,39.771,39.767312682530076
722563,119700,10000.0,2025-09-21T11:50:26.209,40.0,39.771,39.768050146024066
722663,119800,10100.0,2025-09-21T11:50:26.310,40.0,40.148,39.84404011681926
722763,119900,10200.0,2025-09-21T11:50:26.409,40.0,39.771,39.82943209345541
722863,120000,10300.0,2025-09-21T11:50:26.509,40.0,39.788,39.821145674764324
722963,120100,10400.0,2025-09-21T11:50:26.609,40.0,39.771,39.811116539811465
723063,120200,10500.0,2025-09-21T11:50:26.709,40.0,39.788,39.806493231849174
723163,120300,10600.0,2025-09-21T11:50:26.810,40.0,39.771,39.79939458547934
723263,120400,10700.0,2025-09-21T11:50:26.910,40.0,39.788,39.79711566838347
723363,120500,10800.0,2025-09-21T11:50:27.009,40.0,39.771,39.791892534706776
723463,120600,10900.0,2025-09-21T11:50:27.109,40.0,39.788,39.79111402776542
723563,120700,11000.0,2025-09-21T11:50:27.210,40.0,39.788,39.79049122221234
723663,120800,11100.0,2025-09-21T11:50:27.309,40.0,39.771,39.78659297776987
723763,120900,11200.0,2025-09-21T11:50:27.409,40.0,40.148,39.8588743822159
723863,121000,11300.0,2025-09-21T11:50:27.508,40.0,40.148,39.916699505772726
723963,121100,11400.0,2025-09-21T11:50:27.609,40.0,40.148,39.962959604618185
724063,121200,11500.0,2025-09-21T11:50:27.709,40.0,40.148,39.99996768369455
724163,121300,11600.0,2025-09-21T11:50:27.809,40.0,39.719,39.94377414695564
724263,121400,11700.0,2025-09-21T11:50:27.909,40.0,39.719,39.89881931756452
724363,121500,11800.0,2025-09-21T11:50:28.009,40.0,39.719,39.86285545405162
724463,121600,11900.0,2025-09-21T11:50:28.109,40.0,39.719,39.834084363241296
724563,121700,12000.0,2025-09-21T11:50:28.209,40.0,39.719,39.81106749059304
724663,121800,12100.0,2025-09-21T11:50:28.309,40.0,39.719,39.792653992474435
724763,121900,12200.0,2025-09-21T11:50:28.409,40.0,39.719,39.777923193979554
724863,122000,12300.0,2025-09-21T11:50:28.509,40.0,39.719,39.766138555183645
724963,122100,12400.0,2025-09-21T11:50:28.610,40.0,39.719,39.756710844146916
725063,122200,12500.0,2025-09-21T11:50:28.709,40.0,39.719,39.749168675317534
725163,122300,12600.0,2025-09-21T11:50:28.809,40.0,40.148,39.82893494025403
725263,122400,12700.0,2025-09-21T11:50:28.909,40.0,39.719,39.806947952203224
725363,122500,12800.0,2025-09-21T11:50:29.009,40.0,39.719,39.78935836176258
725463,122600,12900.0,2025-09-21T11:50:29.109,40.0,39.719,39.775286689410066
725563,122700,13000.0,2025-09-21T11:50:29.209,40.0,39.719,39.76402935152806
725663,122800,13100.0,2025-09-21T11:50:29.309,40.0,40.131,39.83742348122245
725763,122900,13200.0,2025-09-21T11:50:29.409,40.0,40.148,39.89953878497796
725863,123000,13300.0,2025-09-21T11:50:29.509,40.0,39.719,39.86343102798237
725963,123100,13400.0,2025-09-21T11:50:29.609,40.0,39.771,39.8449448223859
726063,123200,13500.0,2025-09-21T11:50:29.709,40.0,39.771,39.83015585790872
726163,123300,13600.0,2025-09-21T11:50:29.808,40.0,39.771,39.818324686326974
736563,133700,0.0,2025-09-21T11:50:40.209,50.0,49.598,41.774259749061585
736663,133800,100.0,2025-09-21T11:50:40.310,50.0,49.649,43.34920779924927
736763,133900,200.0,2025-09-21T11:50:40.410,50.0,49.649,44.60916623939942
736863,134000,300.0,2025-09-21T11:50:40.510,50.0,49.615,45.61033299151954
736963,134100,400.0,2025-09-21T11:50:40.609,50.0,49.649,46.41806639321563
737063,134200,500.0,2025-09-21T11:50:40.709,50.0,49.649,47.06425311457251
737163,134300,600.0,2025-09-21T11:50:40.809,50.0,49.666,47.58460249165801
737263,134400,700.0,2025-09-21T11:50:40.909,50.0,49.666,48.00088199332641
737363,134500,800.0,2025-09-21T11:50:41.009,50.0,49.666,48.33390559466113
737463,134600,900.0,2025-09-21T11:50:41.109,50.0,49.666,48.60032447572891
737563,134700,1000.0,2025-09-21T11:50:41.209,50.0,49.666,48.81345958058313
737663,134800,1100.0,2025-09-21T11:50:41.309,50.0,50.027,49.05616766446651
737763,134900,1200.0,2025-09-21T11:50:41.409,50.0,50.044,49.25373413157321
737863,135000,1300.0,2025-09-21T11:50:41.509,50.0,50.044,49.41178730525857
737963,135100,1400.0,2025-09-21T11:50:41.609,50.0,50.044,49.53822984420686
738063,135200,1500.0,2025-09-21T11:50:41.709,50.0,49.632,49.55698387536549
738163,135300,1600.0,2025-09-21T11:50:41.809,50.0,49.632,49.5719871002924
738263,135400,1700.0,2025-09-21T11:50:41.909,50.0,49.666,49.59078968023392
738363,135500,1800.0,2025-09-21T11:50:42.009,50.0,49.666,49.605831744187135
738463,135600,1900.0,2025-09-21T11:50:42.109,50.0,49.666,49.61786539534971
738563,135700,2000.0,2025-09-21T11:50:42.209,50.0,49.684,49.63109231627977
738663,135800,2100.0,2025-09-21T11:50:42.309,50.0,49.684,49.64167385302382
738763,135900,2200.0,2025-09-21T11:50:42.409,50.0,49.684,49.65013908241905
738863,136000,2300.0,2025-09-21T11:50:42.509,50.0,49.684,49.65691126593524
738963,136100,2400.0,2025-09-21T11:50:42.609,50.0,49.684,49.662329012748195
739063,136200,2500.0,2025-09-21T11:50:42.710,50.0,49.666,49.66306321019856
739163,136300,2600.0,2025-09-21T11:50:42.809,50.0,49.666,49.66365056815885
739263,136400,2700.0,2025-09-21T11:50:42.909,50.0,50.044,49.73972045452708
739363,136500,2800.0,2025-09-21T11:50:43.009,50.0,49.632,49.718176363621666
739463,136600,2900.0,2025-09-21T11:50:43.109,50.0,49.632,49.70094109089734
739563,136700,3000.0,2025-09-21T11:50:43.209,50.0,49.615,49.683752872717875
739663,136800,3100.0,2025-09-21T11:50:43.309,50.0,49.615,49.6700022981743
739763,136900,3200.0,2025-09-21T11:50:43.409,50.0,49.615,49.659001838539446
739863,137000,3300.0,2025-09-21T11:50:43.510,50.0,49.632,49.65360147083156
739963,137100,3400.0,2025-09-21T11:50:43.610,50.0,49.615,49.645881176665256
740063,137200,3500.0,2025-09-21T11:50:43.709,50.0,49.632,49.64310494133221
740163,137300,3600.0,2025-09-21T11:50:43.809,50.0,49.632,49.640883953065774
740263,137400,3700.0,2025-09-21T11:50:43.910,50.0,49.632,49.639107162452625
740363,137500,3800.0,2025-09-21T11:50:44.009,50.0,49.684,49.6480857299621
740463,137600,3900.0,2025-09-21T11:50:44.109,50.0,49.632,49.64486858396968
740563,137700,4000.0,2025-09-21T11:50:44.210,50.0,49.632,49.64229486717575
740663,137800,4100.0,2025-09-21T11:50:44.309,50.0,49.632,49.6402358937406
740763,137900,4200.0,2025-09-21T11:50:44.410,50.0,49.615,49.63518871499249
740863,138000,4300.0,2025-09-21T11:50:44.509,50.0,49.632,49.634550971993995
740963,138100,4400.0,2025-09-21T11:50:44.609,50.0,49.632,49.6340407775952
741063,138200,4500.0,2025-09-21T11:50:44.709,50.0,49.615,49.630232622076164
741163,138300,4600.0,2025-09-21T11:50:44.809,50.0,49.632,49.63058609766094
741263,138400,4700.0,2025-09-21T11:50:44.909,50.0,49.615,49.62746887812875
741363,138500,4800.0,2025-09-21T11:50:45.009,50.0,49.615,49.62497510250301
741463,138600,4900.0,2025-09-21T11:50:45.109,50.0,49.632,49.62638008200241
741563,138700,5000.0,2025-09-21T11:50:45.208,50.0,49.615,49.624104065601934
741663,138800,5100.0,2025-09-21T11:50:45.308,50.0,49.632,49.62568325248155
741763,138900,5200.0,2025-09-21T11:50:45.409,50.0,49.615,49.62354660198525
741863,139000,5300.0,2025-09-21T11:50:45.508,50.0,49.632,49.6252372815882
741963,139100,5400.0,2025-09-21T11:50:45.608,50.0,49.632,49.626589825270564
742063,139200,5500.0,2025-09-21T11:50:45.708,50.0,49.632,49.62767186021645
742163,139300,5600.0,2025-09-21T11:50:45.809,50.0,49.632,49.628537488173166
742263,139400,5700.0,2025-09-21T11:50:45.909,50.0,49.632,49.62922999053853
742363,139500,5800.0,2025-09-21T11:50:46.010,50.0,49.632,49.62978399243083
742463,139600,5900.0,2025-09-21T11:50:46.110,50.0,49.666,49.63702719394467
742563,139700,6000.0,2025-09-21T11:50:46.209,50.0,50.044,49.71842175515574
742663,139800,6100.0,2025-09-21T11:50:46.310,50.0,50.044,49.783537404124594
742763,139900,6200.0,2025-09-21T11:50:46.409,50.0,49.666,49.760029923299676
742863,140000,6300.0,2025-09-21T11:50:46.509,50.0,50.044,49.81682393863974
742963,140100,6400.0,2025-09-21T11:50:46.609,50.0,50.044,49.8622591509118
743063,140200,6500.0,2025-09-21T11:50:46.709,50.0,50.044,49.89860732072944
743163,140300,6600.0,2025-09-21T11:50:46.809,50.0,50.044,49.92768585658356
743263,140400,6700.0,2025-09-21T11:50:46.910,50.0,50.044,49.95094868526685
743363,140500,6800.0,2025-09-21T11:50:47.010,50.0,49.632,49.88715894821348
743463,140600,6900.0,2025-09-21T11:50:47.109,50.0,49.615,49.83272715857079
743563,140700,7000.0,2025-09-21T11:50:47.209,50.0,49.615,49.78918172685664
743663,140800,7100.0,2025-09-21T11:50:47.309,50.0,49.615,49.754345381485315
743763,140900,7200.0,2025-09-21T11:50:47.410,50.0,50.044,49.812276305188256
743863,141000,7300.0,2025-09-21T11:50:47.509,50.0,49.632,49.77622104415061
743963,141100,7400.0,2025-09-21T11:50:47.609,50.0,49.632,49.747376835320495
744063,141200,7500.0,2025-09-21T11:50:47.709,50.0,50.044,49.8067014682564
744163,141300,7600.0,2025-09-21T11:50:47.809,50.0,49.632,49.771761174605125
744263,141400,7700.0,2025-09-21T11:50:47.909,50.0,49.632,49.7438089396841
744363,141500,7800.0,2025-09-21T11:50:48.009,50.0,49.615,49.718047151747285
744463,141600,7900.0,2025-09-21T11:50:48.109,50.0,49.632,49.70083772139783
744563,141700,8000.0,2025-09-21T11:50:48.210,50.0,49.632,49.68707017711827
744663,141800,8100.0,2025-09-21T11:50:48.309,50.0,49.632,49.67605614169462
744763,141900,8200.0,2025-09-21T11:50:48.409,50.0,49.632,49.6672449133557
744863,142000,8300.0,2025-09-21T11:50:48.509,50.0,49.632,49.660195930684566
744963,142100,8400.0,2025-09-21T11:50:48.609,50.0,49.632,49.654556744547655
745063,142200,8500.0,2025-09-21T11:50:48.709,50.0,49.615,49.64664539563813
745163,142300,8600.0,2025-09-21T11:50:48.809,50.0,49.632,49.643716316510506
745263,142400,8700.0,2025-09-21T11:50:48.909,50.0,49.615,49.63797305320841
745363,142500,8800.0,2025-09-21T11:50:49.009,50.0,49.632,49.63677844256674
745463,142600,8900.0,2025-09-21T11:50:49.109,50.0,49.615,49.632422754053394
745563,142700,9000.0,2025-09-21T11:50:49.209,50.0,49.615,49.62893820324272
745663,142800,9100.0,2025-09-21T11:50:49.309,50.0,49.615,49.62615056259418
745763,142900,9200.0,2025-09-21T11:50:49.409,50.0,49.992,49.69932045007535
745863,143000,9300.0,2025-09-21T11:50:49.509,50.0,49.615,49.682456360060286
745963,143100,9400.0,2025-09-21T11:50:49.609,50.0,49.615,49.66896508804823
746063,143200,9500.0,2025-09-21T11:50:49.709,50.0,49.615,49.65817207043859
746163,143300,9600.0,2025-09-21T11:50:49.809,50.0,49.615,49.64953765635087
746263,143400,9700.0,2025-09-21T11:50:49.909,50.0,49.615,49.6426301250807
746363,143500,9800.0,2025-09-21T11:50:50.009,50.0,49.666,49.64730410006456
746463,143600,9900.0,2025-09-21T11:50:50.109,50.0,49.666,49.65104328005165
746563,143700,10000.0,2025-09-21T11:50:50.209,50.0,49.666,49.65403462404132
746663,143800,10100.0,2025-09-21T11:50:50.309,50.0,49.666,49.65642769923306
746763,143900,10200.0,2025-09-21T11:50:50.409,50.0,49.666,49.65834215938645
746863,144000,10300.0,2025-09-21T11:50:50.509,50.0,49.649,49.656473727509166
746963,144100,10400.0,2025-09-21T11:50:50.609,50.0,49.666,49.658378982007335
747063,144200,10500.0,2025-09-21T11:50:50.709,50.0,49.649,49.65650318560587
747163,144300,10600.0,2025-09-21T11:50:50.809,50.0,49.666,49.6584025484847
747263,144400,10700.0,2025-09-21T11:50:50.909,50.0,49.666,49.65992203878776
747363,144500,10800.0,2025-09-21T11:50:51.009,50.0,49.666,49.661137631030215
747463,144600,10900.0,2025-09-21T11:50:51.109,50.0,49.649,49.65871010482417
747563,144700,11000.0,2025-09-21T11:50:51.209,50.0,49.649,49.65676808385934
747663,144800,11100.0,2025-09-21T11:50:51.309,50.0,49.649,49.655214467087475
747763,144900,11200.0,2025-09-21T11:50:51.409,50.0,49.649,49.653971573669985
747863,145000,11300.0,2025-09-21T11:50:51.509,50.0,49.649,49.65297725893599
747963,145100,11400.0,2025-09-21T11:50:51.609,50.0,49.666,49.65558180714879
748063,145200,11500.0,2025-09-21T11:50:51.709,50.0,49.649,49.654265445719034
748163,145300,11600.0,2025-09-21T11:50:51.808,50.0,49.649,49.65321235657523
762863,160000,0.0,2025-09-21T11:51:06.509,60.0,59.133,51.549169885260184
762963,160100,100.0,2025-09-21T11:51:06.609,60.0,58.722,52.983735908208146
763063,160200,200.0,2025-09-21T11:51:06.709,60.0,58.739,54.13478872656652
763163,160300,300.0,2025-09-21T11:51:06.809,60.0,58.739,55.055630981253216
763263,160400,400.0,2025-09-21T11:51:06.909,60.0,59.15,55.87450478500257
763363,160500,500.0,2025-09-21T11:51:07.009,60.0,59.15,56.52960382800206
763463,160600,600.0,2025-09-21T11:51:07.109,60.0,59.133,57.05028306240165
763563,160700,700.0,2025-09-21T11:51:07.209,60.0,59.133,57.46682644992132
763663,160800,800.0,2025-09-21T11:51:07.309,60.0,58.739,57.72126115993706
763763,160900,900.0,2025-09-21T11:51:07.409,60.0,58.739,57.92480892794965
763863,161000,1000.0,2025-09-21T11:51:07.509,60.0,58.722,58.08424714235972
763963,161100,1100.0,2025-09-21T11:51:07.609,60.0,58.739,58.215197713887775
764063,161200,1200.0,2025-09-21T11:51:07.709,60.0,58.756,58.32335817111023
764163,161300,1300.0,2025-09-21T11:51:07.810,60.0,58.739,58.40648653688818
764263,161400,1400.0,2025-09-21T11:51:07.909,60.0,58.704,58.46598922951055
764363,161500,1500.0,2025-09-21T11:51:08.009,60.0,58.722,58.51719138360844
764463,161600,1600.0,2025-09-21T11:51:08.109,60.0,58.722,58.558153106886756
764563,161700,1700.0,2025-09-21T11:51:08.209,60.0,58.722,58.59092248550941
764663,161800,1800.0,2025-09-21T11:51:08.309,60.0,59.133,58.69933798840753
764763,161900,1900.0,2025-09-21T11:51:08.410,60.0,58.756,58.71067039072602
764863,162000,2000.0,2025-09-21T11:51:08.509,60.0,58.756,58.71973631258082
764963,162100,2100.0,2025-09-21T11:51:08.609,60.0,58.773,58.730389050064666
765063,162200,2200.0,2025-09-21T11:51:08.710,60.0,58.773,58.73891124005174
765163,162300,2300.0,2025-09-21T11:51:08.809,60.0,58.773,58.7457289920414
765263,162400,2400.0,2025-09-21T11:51:08.910,60.0,58.756,58.747783193633126
765363,162500,2500.0,2025-09-21T11:51:09.009,60.0,58.773,58.752826554906505
765463,162600,2600.0,2025-09-21T11:51:09.108,60.0,58.773,58.75686124392521
765563,162700,2700.0,2025-09-21T11:51:09.209,60.0,58.756,58.756688995140166
765663,162800,2800.0,2025-09-21T11:51:09.309,60.0,58.773,58.75995119611214
765763,162900,2900.0,2025-09-21T11:51:09.409,60.0,58.773,58.76256095688972
765863,163000,3000.0,2025-09-21T11:51:09.509,60.0,58.773,58.76464876551179
765963,163100,3100.0,2025-09-21T11:51:09.609,60.0,58.756,58.76291901240943
766063,163200,3200.0,2025-09-21T11:51:09.709,60.0,58.756,58.761535209927544
766163,163300,3300.0,2025-09-21T11:51:09.809,60.0,59.167,58.84262816794204
766263,163400,3400.0,2025-09-21T11:51:09.909,60.0,59.167,58.90750253435364
766363,163500,3500.0,2025-09-21T11:51:10.009,60.0,59.167,58.95940202748291
766463,163600,3600.0,2025-09-21T11:51:10.109,60.0,59.167,59.000921621986336
766563,163700,3700.0,2025-09-21T11:51:10.210,60.0,59.167,59.03413729758907
766663,163800,3800.0,2025-09-21T11:51:10.309,60.0,59.15,59.057309838071255
766763,163900,3900.0,2025-09-21T11:51:10.409,60.0,58.79,59.00384787045701
766863,164000,4000.0,2025-09-21T11:51:10.509,60.0,58.756,58.954278296365615
766963,164100,4100.0,2025-09-21T11:51:10.609,60.0,58.756,58.91462263709249
767063,164200,4200.0,2025-09-21T11:51:10.709,60.0,59.15,58.961698109673996
767163,164300,4300.0,2025-09-21T11:51:10.809,60.0,58.756,58.9205584877392
767263,164400,4400.0,2025-09-21T11:51:10.909,60.0,58.756,58.88764679019137
767363,164500,4500.0,2025-09-21T11:51:11.009,60.0,58.773,58.8647174321531
767463,164600,4600.0,2025-09-21T11:51:11.110,60.0,59.167,58.92517394572248
767563,164700,4700.0,2025-09-21T11:51:11.209,60.0,59.167,58.973539156577985
767663,164800,4800.0,2025-09-21T11:51:11.309,60.0,58.773,58.9334313252624
767763,164900,4900.0,2025-09-21T11:51:11.409,60.0,58.773,58.90134506020993
767863,165000,5000.0,2025-09-21T11:51:11.509,60.0,58.79,58.879076048167946
767963,165100,5100.0,2025-09-21T11:51:11.609,60.0,59.167,58.936660838534365
768063,165200,5200.0,2025-09-21T11:51:11.709,60.0,58.756,58.9005286708275
768163,165300,5300.0,2025-09-21T11:51:11.809,60.0,59.15,58.950422936662
768263,165400,5400.0,2025-09-21T11:51:11.909,60.0,58.773,58.91493834932961
768363,165500,5500.0,2025-09-21T11:51:12.009,60.0,59.15,58.96195067946369
768463,165600,5600.0,2025-09-21T11:51:12.109,60.0,58.739,58.91736054357095
768563,165700,5700.0,2025-09-21T11:51:12.209,60.0,58.773,58.88848843485677
768663,165800,5800.0,2025-09-21T11:51:12.309,60.0,59.167,58.944190747885415
768763,165900,5900.0,2025-09-21T11:51:12.410,60.0,59.15,58.98535259830833
768863,166000,6000.0,2025-09-21T11:51:12.509,60.0,58.773,58.94288207864667
768963,166100,6100.0,2025-09-21T11:51:12.609,60.0,59.15,58.984305662917336
769063,166200,6200.0,2025-09-21T11:51:12.709,60.0,59.15,59.01744453033387
769163,166300,6300.0,2025-09-21T11:51:12.809,60.0,58.739,58.9617556242671
769263,166400,6400.0,2025-09-21T11:51:12.909,60.0,58.739,58.91720449941368
769363,166500,6500.0,2025-09-21T11:51:13.009,60.0,58.739,58.88156359953094
769463,166600,6600.0,2025-09-21T11:51:13.109,60.0,58.739,58.85305087962475
769563,166700,6700.0,2025-09-21T11:51:13.209,60.0,58.739,58.8302407036998
769663,166800,6800.0,2025-09-21T11:51:13.309,60.0,58.739,58.811992562959844
769763,166900,6900.0,2025-09-21T11:51:13.408,60.0,58.739,58.79739405036788
769863,167000,7000.0,2025-09-21T11:51:13.509,60.0,58.739,58.7857152402943
769963,167100,7100.0,2025-09-21T11:51:13.609,60.0,58.739,58.77637219223544
770063,167200,7200.0,2025-09-21T11:51:13.709,60.0,58.739,58.76889775378835
770163,167300,7300.0,2025-09-21T11:51:13.809,60.0,59.133,58.84171820303068
770263,167400,7400.0,2025-09-21T11:51:13.909,60.0,58.773,58.82797456242455
770363,167500,7500.0,2025-09-21T11:51:14.009,60.0,59.15,58.89237964993964
770463,167600,7600.0,2025-09-21T11:51:14.109,60.0,58.756,58.86510371995172
770563,167700,7700.0,2025-09-21T11:51:14.209,60.0,58.773,58.84668297596138
770663,167800,7800.0,2025-09-21T11:51:14.309,60.0,59.167,58.91074638076911
770763,167900,7900.0,2025-09-21T11:51:14.402,60.0,0.806,47.289797104615296
770863,168000,8000.0,2025-09-21T11:51:14.502,60.0,0.806,37.993037683692236
770963,168100,8100.0,2025-09-21T11:51:14.602,60.0,0.806,30.555630146953792
771063,168200,8200.0,2025-09-21T11:51:14.703,60.0,0.806,24.605704117563036
771163,168300,8300.0,2025-09-21T11:51:14.809,60.0,59.202,31.52496329405043
771263,168400,8400.0,2025-09-21T11:51:14.909,60.0,58.79,36.97797063524035
771363,168500,8500.0,2025-09-21T11:51:15.009,60.0,58.79,41.34037650819228
771463,168600,8600.0,2025-09-21T11:51:15.109,60.0,58.79,44.83030120655383
771563,168700,8700.0,2025-09-21T11:51:15.209,60.0,58.79,47.622240965243066
771663,168800,8800.0,2025-09-21T11:51:15.309,60.0,59.219,49.941592772194454
771763,168900,8900.0,2025-09-21T11:51:15.409,60.0,58.807,51.714674217755565
771863,169000,9000.0,2025-09-21T11:51:15.509,60.0,59.219,53.215539374204454
771963,169100,9100.0,2025-09-21T11:51:15.609,60.0,58.807,54.33383149936357
772063,169200,9200.0,2025-09-21T11:51:15.708,60.0,59.219,55.31086519949086
772163,169300,9300.0,2025-09-21T11:51:15.809,60.0,59.219,56.092492159592695
772263,169400,9400.0,2025-09-21T11:51:15.909,60.0,59.219,56.71779372767416
772363,169500,9500.0,2025-09-21T11:51:16.009,60.0,58.859,57.146034982139334
772463,169600,9600.0,2025-09-21T11:51:16.108,60.0,58.859,57.48862798571147
772563,169700,9700.0,2025-09-21T11:51:16.208,60.0,58.859,57.762702388569174
772663,169800,9800.0,2025-09-21T11:51:16.309,60.0,58.859,57.98196191085534
772763,169900,9900.0,2025-09-21T11:51:16.402,60.0,0.806,46.54676952868427
772863,170000,10000.0,2025-09-21T11:51:16.502,60.0,0.806,37.39861562294742
772963,170100,10100.0,2025-09-21T11:51:16.609,60.0,58.859,41.69069249835793
773063,170200,10200.0,2025-09-21T11:51:16.708,60.0,58.859,45.124353998686345
773163,170300,10300.0,2025-09-21T11:51:16.808,60.0,58.859,47.87128319894908
773263,170400,10400.0,2025-09-21T11:51:16.909,60.0,58.859,50.06882655915926
773363,170500,10500.0,2025-09-21T11:51:17.009,60.0,59.219,51.89886124732742
773463,170600,10600.0,2025-09-21T11:51:17.109,60.0,58.842,53.287488997861935
773563,170700,10700.0,2025-09-21T11:51:17.208,60.0,58.842,54.39839119828955
773663,170800,10800.0,2025-09-21T11:51:17.302,60.0,0.806,43.67991295863165
773763,170900,10900.0,2025-09-21T11:51:17.402,60.0,0.806,35.10513036690532
773863,171000,11000.0,2025-09-21T11:51:17.502,60.0,0.806,28.24530429352426
773963,171100,11100.0,2025-09-21T11:51:17.602,60.0,0.806,22.75744343481941
774063,171200,11200.0,2025-09-21T11:51:17.703,60.0,0.806,18.36715474785553
774163,171300,11300.0,2025-09-21T11:51:17.803,60.0,0.806,14.854923798284425
774263,171400,11400.0,2025-09-21T11:51:17.902,60.0,0.806,12.04513903862754
774363,171500,11500.0,2025-09-21T11:51:18.008,60.0,58.859,21.40791123090203
774463,171600,11600.0,2025-09-21T11:51:18.109,60.0,58.859,28.898128984721623
774563,171700,11700.0,2025-09-21T11:51:18.208,60.0,59.27,34.9725031877773
774663,171800,11800.0,2025-09-21T11:51:18.309,60.0,59.27,39.832002550221844
774763,171900,11900.0,2025-09-21T11:51:18.408,60.0,58.876,43.640802040177476
