t_ms,t_rel_ms_global,t_rel_ms_truth,host_time_iso,true_distance_cm,measured_dist_cm,measured_dist_cm
602863,0,0.0,2025-09-21T11:48:26.510,10.0,10.856,10.856
602963,100,100.0,2025-09-21T11:48:26.610,10.0,10.856,10.856
603063,200,200.0,2025-09-21T11:48:26.710,10.0,10.856,10.856
603163,300,300.0,2025-09-21T11:48:26.810,10.0,10.856,10.856
603263,400,400.0,2025-09-21T11:48:26.909,10.0,10.856,10.856
603363,500,500.0,2025-09-21T11:48:27.010,10.0,10.907,10.907
603463,600,600.0,2025-09-21T11:48:27.110,10.0,10.89,10.89
603563,700,700.0,2025-09-21T11:48:27.210,10.0,10.89,10.89
603663,800,800.0,2025-09-21T11:48:27.309,10.0,10.89,10.89
603763,900,900.0,2025-09-21T11:48:27.410,10.0,10.89,10.89
603863,1000,1000.0,2025-09-21T11:48:27.510,10.0,10.89,10.89
603963,1100,1100.0,2025-09-21T11:48:27.610,10.0,10.89,10.89
604063,1200,1200.0,2025-09-21T11:48:27.710,10.0,10.907,10.907
604163,1300,1300.0,2025-09-21T11:48:27.810,10.0,10.907,10.907
604263,1400,1400.0,2025-09-21T11:48:27.910,10.0,10.907,10.907
604363,1500,1500.0,2025-09-21T11:48:28.010,10.0,10.89,10.89
604463,1600,1600.0,2025-09-21T11:48:28.110,10.0,10.907,10.907
604563,1700,1700.0,2025-09-21T11:48:28.210,10.0,10.89,10.89
604663,1800,1800.0,2025-09-21T11:48:28.310,10.0,10.907,10.907
604763,1900,1900.0,2025-09-21T11:48:28.410,10.0,10.907,10.907
604863,2000,2000.0,2025-09-21T11:48:28.510,10.0,10.907,10.907
604963,2100,2100.0,2025-09-21T11:48:28.609,10.0,10.479,10.479
605063,2200,2200.0,2025-09-21T11:48:28.710,10.0,10.89,10.89
605163,2300,2300.0,2025-09-21T11:48:28.810,10.0,10.89,10.89
605263,2400,2400.0,2025-09-21T11:48:28.910,10.0,10.89,10.89
605363,2500,2500.0,2025-09-21T11:48:29.010,10.0,10.907,10.907
605463,2600,2600.0,2025-09-21T11:48:29.109,10.0,10.907,10.907
605563,2700,2700.0,2025-09-21T11:48:29.210,10.0,10.907,10.907
605663,2800,2800.0,2025-09-21T11:48:29.310,10.0,10.907,10.907
605763,2900,2900.0,2025-09-21T11:48:29.410,10.0,10.856,10.856
605863,3000,3000.0,2025-09-21T11:48:29.510,10.0,10.856,10.856
605963,3100,3100.0,2025-09-21T11:48:29.610,10.0,10.856,10.856
606063,3200,3200.0,2025-09-21T11:48:29.710,10.0,10.907,10.907
606163,3300,3300.0,2025-09-21T11:48:29.810,10.0,10.907,10.907
606263,3400,3400.0,2025-09-21T11:48:29.910,10.0,10.907,10.907
606363,3500,3500.0,2025-09-21T11:48:30.009,10.0,10.907,10.907
606463,3600,3600.0,2025-09-21T11:48:30.110,10.0,10.479,10.479
606563,3700,3700.0,2025-09-21T11:48:30.209,10.0,10.856,10.856
606663,3800,3800.0,2025-09-21T11:48:30.310,10.0,10.856,10.856
606763,3900,3900.0,2025-09-21T11:48:30.410,10.0,10.856,10.856
606863,4000,4000.0,2025-09-21T11:48:30.510,10.0,10.856,10.856
606963,4100,4100.0,2025-09-21T11:48:30.610,10.0,10.856,10.856
607063,4200,4200.0,2025-09-21T11:48:30.709,10.0,10.856,10.856
607163,4300,4300.0,2025-09-21T11:48:30.810,10.0,10.856,10.856
607263,4400,4400.0,2025-09-21T11:48:30.910,10.0,10.856,10.856
607363,4500,4500.0,2025-09-21T11:48:31.010,10.0,10.856,10.856
607463,4600,4600.0,2025-09-21T11:48:31.110,10.0,10.856,10.856
607563,4700,4700.0,2025-09-21T11:48:31.210,10.0,10.856,10.856
607663,4800,4800.0,2025-09-21T11:48:31.310,10.0,10.856,10.856
607763,4900,4900.0,2025-09-21T11:48:31.410,10.0,10.856,10.856
607863,5000,5000.0,2025-09-21T11:48:31.510,10.0,10.856,10.856
607963,5100,5100.0,2025-09-21T11:48:31.610,10.0,10.856,10.856
608063,5200,5200.0,2025-09-21T11:48:31.710,10.0,10.856,10.856
608163,5300,5300.0,2025-09-21T11:48:31.810,10.0,10.856,10.856
608263,5400,5400.0,2025-09-21T11:48:31.910,10.0,10.856,10.856
608363,5500,5500.0,2025-09-21T11:48:32.010,10.0,10.907,10.907
608463,5600,5600.0,2025-09-21T11:48:32.109,10.0,10.907,10.907
608563,5700,5700.0,2025-09-21T11:48:32.210,10.0,10.907,10.907
608663,5800,5800.0,2025-09-21T11:48:32.310,10.0,10.856,10.856
608763,5900,5900.0,2025-09-21T11:48:32.410,10.0,10.856,10.856
608863,6000,6000.0,2025-09-21T11:48:32.510,10.0,10.856,10.856
608963,6100,6100.0,2025-09-21T11:48:32.610,10.0,10.856,10.856
609063,6200,6200.0,2025-09-21T11:48:32.709,10.0,10.856,10.856
609163,6300,6300.0,2025-09-21T11:48:32.809,10.0,10.856,10.856
609263,6400,6400.0,2025-09-21T11:48:32.910,10.0,10.856,10.856
609363,6500,6500.0,2025-09-21T11:48:33.010,10.0,10.856,10.856
609463,6600,6600.0,2025-09-21T11:48:33.110,10.0,10.856,10.856
609563,6700,6700.0,2025-09-21T11:48:33.209,10.0,10.856,10.856
609663,6800,6800.0,2025-09-21T11:48:33.310,10.0,10.856,10.856
609763,6900,6900.0,2025-09-21T11:48:33.410,10.0,10.856,10.856
609863,7000,7000.0,2025-09-21T11:48:33.509,10.0,10.856,10.856
609963,7100,7100.0,2025-09-21T11:48:33.609,10.0,10.856,10.856
610063,7200,7200.0,2025-09-21T11:48:33.710,10.0,10.856,10.856
610163,7300,7300.0,2025-09-21T11:48:33.810,10.0,10.856,10.856
610263,7400,7400.0,2025-09-21T11:48:33.909,10.0,10.856,10.856
610363,7500,7500.0,2025-09-21T11:48:34.010,10.0,10.856,10.856
610463,7600,7600.0,2025-09-21T11:48:34.110,10.0,10.856,10.856
610563,7700,7700.0,2025-09-21T11:48:34.210,10.0,10.856,10.856
610663,7800,7800.0,2025-09-21T11:48:34.310,10.0,10.856,10.856
610763,7900,7900.0,2025-09-21T11:48:34.410,10.0,10.89,10.89
610863,8000,8000.0,2025-09-21T11:48:34.510,10.0,10.839,10.839
610963,8100,8100.0,2025-09-21T11:48:34.610,10.0,10.839,10.839
611063,8200,8200.0,2025-09-21T11:48:34.709,10.0,10.839,10.839
611163,8300,8300.0,2025-09-21T11:48:34.810,10.0,10.89,10.89
611263,8400,8400.0,2025-09-21T11:48:34.910,10.0,10.89,10.89
611363,8500,8500.0,2025-09-21T11:48:35.010,10.0,10.89,10.89
611463,8600,8600.0,2025-09-21T11:48:35.109,10.0,10.89,10.89
611563,8700,8700.0,2025-09-21T11:48:35.209,10.0,10.89,10.89
611663,8800,8800.0,2025-09-21T11:48:35.309,10.0,10.89,10.89
611763,8900,8900.0,2025-09-21T11:48:35.409,10.0,10.89,10.89
611863,9000,9000.0,2025-09-21T11:48:35.510,10.0,10.839,10.839
611963,9100,9100.0,2025-09-21T11:48:35.610,10.0,10.839,10.839
612063,9200,9200.0,2025-09-21T11:48:35.710,10.0,10.839,10.839
612163,9300,9300.0,2025-09-21T11:48:35.810,10.0,10.856,10.856
612263,9400,9400.0,2025-09-21T11:48:35.910,10.0,10.856,10.856
612363,9500,9500.0,2025-09-21T11:48:36.010,10.0,10.856,10.856
612463,9600,9600.0,2025-09-21T11:48:36.110,10.0,10.839,10.839
612563,9700,9700.0,2025-09-21T11:48:36.210,10.0,10.839,10.839
612663,9800,9800.0,2025-09-21T11:48:36.310,10.0,11.25,11.25
612763,9900,9900.0,2025-09-21T11:48:36.410,10.0,11.25,11.25
612863,10000,10000.0,2025-09-21T11:48:36.510,10.0,11.25,11.25
612963,10100,10100.0,2025-09-21T11:48:36.609,10.0,11.25,11.25
613063,10200,10200.0,2025-09-21T11:48:36.710,10.0,11.25,11.25
613163,10300,10300.0,2025-09-21T11:48:36.810,10.0,11.25,11.25
613263,10400,10400.0,2025-09-21T11:48:36.910,10.0,11.233,11.233
613363,10500,10500.0,2025-09-21T11:48:37.009,10.0,11.25,11.25
613463,10600,10600.0,2025-09-21T11:48:37.110,10.0,11.25,11.25
613563,10700,10700.0,2025-09-21T11:48:37.209,10.0,11.25,11.25
613663,10800,10800.0,2025-09-21T11:48:37.310,10.0,11.25,11.25
613763,10900,10900.0,2025-09-21T11:48:37.410,10.0,11.25,11.25
613863,11000,11000.0,2025-09-21T11:48:37.509,10.0,11.25,11.25
613963,11100,11100.0,2025-09-21T11:48:37.610,10.0,11.25,11.25
614063,11200,11200.0,2025-09-21T11:48:37.710,10.0,11.25,11.25
614163,11300,11300.0,2025-09-21T11:48:37.810,10.0,10.89,10.89
614263,11400,11400.0,2025-09-21T11:48:37.910,10.0,10.873,10.873
614363,11500,11500.0,2025-09-21T11:48:38.010,10.0,10.873,10.873
614463,11600,11600.0,2025-09-21T11:48:38.110,10.0,10.89,10.89
614563,11700,11700.0,2025-09-21T11:48:38.210,10.0,10.873,10.873
614663,11800,11800.0,2025-09-21T11:48:38.310,10.0,10.873,10.873
614763,11900,11900.0,2025-09-21T11:48:38.409,10.0,10.873,10.873
614863,12000,12000.0,2025-09-21T11:48:38.510,10.0,10.89,10.89
614963,12100,12100.0,2025-09-21T11:48:38.610,10.0,11.25,11.25
615063,12200,12200.0,2025-09-21T11:48:38.710,10.0,10.839,10.839
615163,12300,12300.0,2025-09-21T11:48:38.809,10.0,10.839,10.839
615263,12400,12400.0,2025-09-21T11:48:38.910,10.0,10.839,10.839
615363,12500,12500.0,2025-09-21T11:48:39.010,10.0,10.839,10.839
615463,12600,12600.0,2025-09-21T11:48:39.110,10.0,11.25,11.25
615563,12700,12700.0,2025-09-21T11:48:39.210,10.0,11.25,11.25
615663,12800,12800.0,2025-09-21T11:48:39.310,10.0,11.25,11.25
615763,12900,12900.0,2025-09-21T11:48:39.409,10.0,10.839,10.839
615863,13000,13000.0,2025-09-21T11:48:39.509,10.0,10.839,10.839
615963,13100,13100.0,2025-09-21T11:48:39.610,10.0,10.839,10.839
616063,13200,13200.0,2025-09-21T11:48:39.709,10.0,10.839,10.839
616163,13300,13300.0,2025-09-21T11:48:39.810,10.0,10.856,10.856
616263,13400,13400.0,2025-09-21T11:48:39.910,10.0,10.856,10.856
616363,13500,13500.0,2025-09-21T11:48:40.010,10.0,10.856,10.856
616463,13600,13600.0,2025-09-21T11:48:40.110,10.0,10.856,10.856
616563,13700,13700.0,2025-09-21T11:48:40.209,10.0,10.856,10.856
616663,13800,13800.0,2025-09-21T11:48:40.310,10.0,10.856,10.856
616763,13900,13900.0,2025-09-21T11:48:40.409,10.0,10.856,10.856
616863,14000,14000.0,2025-09-21T11:48:40.510,10.0,10.856,10.856
616963,14100,14100.0,2025-09-21T11:48:40.610,10.0,10.856,10.856
617063,14200,14200.0,2025-09-21T11:48:40.710,10.0,10.856,10.856
617163,14300,14300.0,2025-09-21T11:48:40.810,10.0,10.856,10.856
617263,14400,14400.0,2025-09-21T11:48:40.910,10.0,10.856,10.856
617363,14500,14500.0,2025-09-21T11:48:41.010,10.0,10.856,10.856
617463,14600,14600.0,2025-09-21T11:48:41.109,10.0,11.268,11.268
617563,14700,14700.0,2025-09-21T11:48:41.210,10.0,11.285,11.285
617663,14800,14800.0,2025-09-21T11:48:41.310,10.0,11.268,11.268
617763,14900,14900.0,2025-09-21T11:48:41.410,10.0,10.856,10.856
617863,15000,15000.0,2025-09-21T11:48:41.509,10.0,11.268,11.268
617963,15100,15100.0,2025-09-21T11:48:41.609,10.0,11.268,11.268
618063,15200,15200.0,2025-09-21T11:48:41.710,10.0,10.856,10.856
618163,15300,15300.0,2025-09-21T11:48:41.810,10.0,10.856,10.856
618263,15400,15400.0,2025-09-21T11:48:41.909,10.0,10.856,10.856
618363,15500,15500.0,2025-09-21T11:48:42.009,10.0,10.856,10.856
618463,15600,15600.0,2025-09-21T11:48:42.110,10.0,10.856,10.856
618563,15700,15700.0,2025-09-21T11:48:42.210,10.0,10.856,10.856
618663,15800,15800.0,2025-09-21T11:48:42.310,10.0,10.856,10.856
618763,15900,15900.0,2025-09-21T11:48:42.410,10.0,10.856,10.856
618863,16000,16000.0,2025-09-21T11:48:42.510,10.0,10.856,10.856
618963,16100,16100.0,2025-09-21T11:48:42.609,10.0,10.856,10.856
619063,16200,16200.0,2025-09-21T11:48:42.709,10.0,10.856,10.856
619163,16300,16300.0,2025-09-21T11:48:42.810,10.0,10.856,10.856
619263,16400,16400.0,2025-09-21T11:48:42.909,10.0,10.856,10.856
619363,16500,16500.0,2025-09-21T11:48:43.010,10.0,10.856,10.856
619463,16600,16600.0,2025-09-21T11:48:43.110,10.0,10.856,10.856
619563,16700,16700.0,2025-09-21T11:48:43.210,10.0,10.856,10.856
619663,16800,16800.0,2025-09-21T11:48:43.309,10.0,10.856,10.856
619763,16900,16900.0,2025-09-21T11:48:43.410,10.0,10.856,10.856
619863,17000,17000.0,2025-09-21T11:48:43.510,10.0,10.856,10.856
619963,17100,17100.0,2025-09-21T11:48:43.610,10.0,10.856,10.856
620063,17200,17200.0,2025-09-21T11:48:43.709,10.0,10.856,10.856
620163,17300,17300.0,2025-09-21T11:48:43.809,10.0,10.856,10.856
620263,17400,17400.0,2025-09-21T11:48:43.910,10.0,10.856,10.856
620363,17500,17500.0,2025-09-21T11:48:44.010,10.0,10.856,10.856
620463,17600,17600.0,2025-09-21T11:48:44.109,10.0,10.856,10.856
620563,17700,17700.0,2025-09-21T11:48:44.210,10.0,10.856,10.856
620663,17800,17800.0,2025-09-21T11:48:44.309,10.0,10.856,10.856
620763,17900,17900.0,2025-09-21T11:48:44.410,10.0,10.856,10.856
620863,18000,18000.0,2025-09-21T11:48:44.510,10.0,10.856,10.856
620963,18100,18100.0,2025-09-21T11:48:44.609,10.0,10.856,10.856
621063,18200,18200.0,2025-09-21T11:48:44.710,10.0,10.856,10.856
621163,18300,18300.0,2025-09-21T11:48:44.810,10.0,10.856,10.856
621263,18400,18400.0,2025-09-21T11:48:44.909,10.0,10.856,10.856
621363,18500,18500.0,2025-09-21T11:48:45.009,10.0,10.856,10.856
621463,18600,18600.0,2025-09-21T11:48:45.109,10.0,10.856,10.856
621563,18700,18700.0,2025-09-21T11:48:45.209,10.0,10.856,10.856
621663,18800,18800.0,2025-09-21T11:48:45.310,10.0,10.856,10.856
621763,18900,18900.0,2025-09-21T11:48:45.410,10.0,10.856,10.856
621863,19000,19000.0,2025-09-21T11:48:45.510,10.0,10.856,10.856
621963,19100,19100.0,2025-09-21T11:48:45.609,10.0,10.856,10.856
622063,19200,19200.0,2025-09-21T11:48:45.709,10.0,10.856,10.856
622163,19300,19300.0,2025-09-21T11:48:45.809,10.0,10.856,10.856
622263,19400,19400.0,2025-09-21T11:48:45.909,10.0,10.856,10.856
622363,19500,19500.0,2025-09-21T11:48:46.009,10.0,10.856,10.856
622463,19600,19600.0,2025-09-21T11:48:46.109,10.0,10.856,10.856
622563,19700,19700.0,2025-09-21T11:48:46.209,10.0,10.856,10.856
622663,19800,19800.0,2025-09-21T11:48:46.310,10.0,10.856,10.856
622763,19900,19900.0,2025-09-21T11:48:46.409,10.0,10.856,10.856
622863,20000,20000.0,2025-09-21T11:48:46.510,10.0,10.856,10.856
622963,20100,20100.0,2025-09-21T11:48:46.609,10.0,10.856,10.856
623063,20200,20200.0,2025-09-21T11:48:46.710,10.0,10.856,10.856
623163,20300,20300.0,2025-09-21T11:48:46.809,10.0,10.856,10.856
623263,20400,20400.0,2025-09-21T11:48:46.909,10.0,10.856,10.856
623363,20500,20500.0,2025-09-21T11:48:47.010,10.0,10.856,10.856
623463,20600,20600.0,2025-09-21T11:48:47.110,10.0,10.856,10.856
623563,20700,20700.0,2025-09-21T11:48:47.210,10.0,10.856,10.856
623663,20800,20800.0,2025-09-21T11:48:47.309,10.0,10.856,10.856
623763,20900,20900.0,2025-09-21T11:48:47.409,10.0,10.856,10.856
623863,21000,21000.0,2025-09-21T11:48:47.510,10.0,10.856,10.856
623963,21100,21100.0,2025-09-21T11:48:47.610,10.0,10.856,10.856
624063,21200,21200.0,2025-09-21T11:48:47.709,10.0,10.856,10.856
624163,21300,21300.0,2025-09-21T11:48:47.810,10.0,10.856,10.856
624263,21400,21400.0,2025-09-21T11:48:47.910,10.0,11.285,11.285
624363,21500,21500.0,2025-09-21T11:48:48.010,10.0,11.233,11.233
624463,21600,21600.0,2025-09-21T11:48:48.110,10.0,11.285,11.285
624563,21700,21700.0,2025-09-21T11:48:48.209,10.0,11.233,11.233
624663,21800,21800.0,2025-09-21T11:48:48.309,10.0,11.216,11.216
624763,21900,21900.0,2025-09-21T11:48:48.409,10.0,11.233,11.233
624863,22000,22000.0,2025-09-21T11:48:48.510,10.0,11.233,11.233
624963,22100,22100.0,2025-09-21T11:48:48.610,10.0,11.233,11.233
625063,22200,22200.0,2025-09-21T11:48:48.709,10.0,11.233,11.233
625163,22300,22300.0,2025-09-21T11:48:48.809,10.0,11.233,11.233
625263,22400,22400.0,2025-09-21T11:48:48.909,10.0,11.233,11.233
625363,22500,22500.0,2025-09-21T11:48:49.009,10.0,11.233,11.233
625463,22600,22600.0,2025-09-21T11:48:49.109,10.0,11.233,11.233
625563,22700,22700.0,2025-09-21T11:48:49.210,10.0,11.233,11.233
625663,22800,22800.0,2025-09-21T11:48:49.309,10.0,11.233,11.233
625763,22900,22900.0,2025-09-21T11:48:49.409,10.0,11.233,11.233
625863,23000,23000.0,2025-09-21T11:48:49.509,10.0,11.233,11.233
625963,23100,23100.0,2025-09-21T11:48:49.610,10.0,11.645,11.645
626063,23200,23200.0,2025-09-21T11:48:49.709,10.0,11.645,11.645
626163,23300,23300.0,2025-09-21T11:48:49.809,10.0,11.645,11.645
626263,23400,23400.0,2025-09-21T11:48:49.910,10.0,11.645,11.645
626363,23500,23500.0,2025-09-21T11:48:50.009,10.0,11.233,11.233
626463,23600,23600.0,2025-09-21T11:48:50.109,10.0,11.233,11.233
626563,23700,23700.0,2025-09-21T11:48:50.210,10.0,11.233,11.233
626663,23800,23800.0,2025-09-21T11:48:50.309,10.0,11.593,11.593
626763,23900,23900.0,2025-09-21T11:48:50.409,10.0,11.593,11.593
626863,24000,24000.0,2025-09-21T11:48:50.509,10.0,11.593,11.593
626963,24100,24100.0,2025-09-21T11:48:50.610,10.0,11.593,11.593
627063,24200,24200.0,2025-09-21T11:48:50.710,10.0,11.593,11.593
627163,24300,24300.0,2025-09-21T11:48:50.810,10.0,11.645,11.645
627263,24400,24400.0,2025-09-21T11:48:50.910,10.0,11.593,11.593
627363,24500,24500.0,2025-09-21T11:48:51.009,10.0,11.645,11.645
627463,24600,24600.0,2025-09-21T11:48:51.109,10.0,11.645,11.645
627563,24700,24700.0,2025-09-21T11:48:51.209,10.0,11.645,11.645
627663,24800,24800.0,2025-09-21T11:48:51.309,10.0,11.645,11.645
627763,24900,24900.0,2025-09-21T11:48:51.409,10.0,11.645,11.645
627863,25000,25000.0,2025-09-21T11:48:51.509,10.0,11.645,11.645
627963,25100,25100.0,2025-09-21T11:48:51.609,10.0,11.593,11.593
628063,25200,25200.0,2025-09-21T11:48:51.710,10.0,11.593,11.593
628163,25300,25300.0,2025-09-21T11:48:51.809,10.0,11.593,11.593
628263,25400,25400.0,2025-09-21T11:48:51.910,10.0,11.593,11.593
628363,25500,25500.0,2025-09-21T11:48:52.009,10.0,11.593,11.593
628463,25600,25600.0,2025-09-21T11:48:52.109,10.0,11.593,11.593
628563,25700,25700.0,2025-09-21T11:48:52.209,10.0,11.593,11.593
628663,25800,25800.0,2025-09-21T11:48:52.310,10.0,11.593,11.593
628763,25900,25900.0,2025-09-21T11:48:52.410,10.0,11.593,11.593
628863,26000,26000.0,2025-09-21T11:48:52.509,10.0,11.593,11.593
628963,26100,26100.0,2025-09-21T11:48:52.609,10.0,11.593,11.593
629063,26200,26200.0,2025-09-21T11:48:52.709,10.0,11.593,11.593
629163,26300,26300.0,2025-09-21T11:48:52.810,10.0,11.593,11.593
629263,26400,26400.0,2025-09-21T11:48:52.909,10.0,11.593,11.593
629363,26500,26500.0,2025-09-21T11:48:53.009,10.0,11.593,11.593
629463,26600,26600.0,2025-09-21T11:48:53.109,10.0,11.593,11.593
629563,26700,26700.0,2025-09-21T11:48:53.209,10.0,11.593,11.593
629663,26800,26800.0,2025-09-21T11:48:53.309,10.0,11.593,11.593
629763,26900,26900.0,2025-09-21T11:48:53.409,10.0,11.593,11.593
629863,27000,27000.0,2025-09-21T11:48:53.509,10.0,11.593,11.593
629963,27100,27100.0,2025-09-21T11:48:53.609,10.0,11.593,11.593
630063,27200,27200.0,2025-09-21T11:48:53.709,10.0,11.593,11.593
630163,27300,27300.0,2025-09-21T11:48:53.810,10.0,11.593,11.593
630263,27400,27400.0,2025-09-21T11:48:53.910,10.0,11.593,11.593
630363,27500,27500.0,2025-09-21T11:48:54.009,10.0,11.542,11.542
630463,27600,27600.0,2025-09-21T11:48:54.109,10.0,11.542,11.542
630563,27700,27700.0,2025-09-21T11:48:54.209,10.0,11.542,11.542
630663,27800,27800.0,2025-09-21T11:48:54.309,10.0,11.542,11.542
630763,27900,27900.0,2025-09-21T11:48:54.409,10.0,11.542,11.542
630863,28000,28000.0,2025-09-21T11:48:54.509,10.0,11.542,11.542
630963,28100,28100.0,2025-09-21T11:48:54.608,10.0,11.542,11.542
631063,28200,28200.0,2025-09-21T11:48:54.710,10.0,11.542,11.542
631163,28300,28300.0,2025-09-21T11:48:54.809,10.0,11.542,11.542
631263,28400,28400.0,2025-09-21T11:48:54.910,10.0,11.542,11.542
631363,28500,28500.0,2025-09-21T11:48:55.009,10.0,11.542,11.542
631463,28600,28600.0,2025-09-21T11:48:55.109,10.0,11.542,11.542
631563,28700,28700.0,2025-09-21T11:48:55.209,10.0,11.542,11.542
631663,28800,28800.0,2025-09-21T11:48:55.309,10.0,11.542,11.542
631763,28900,28900.0,2025-09-21T11:48:55.409,10.0,11.542,11.542
656463,53600,0.0,2025-09-21T11:49:20.110,20.0,20.494,20.494
656563,53700,100.0,2025-09-21T11:49:20.210,20.0,20.494,20.494
656663,53800,200.0,2025-09-21T11:49:20.310,20.0,20.494,20.494
656763,53900,300.0,2025-09-21T11:49:20.410,20.0,20.494,20.494
656863,54000,400.0,2025-09-21T11:49:20.510,20.0,20.494,20.494
656963,54100,500.0,2025-09-21T11:49:20.610,20.0,20.494,20.494
657063,54200,600.0,2025-09-21T11:49:20.710,20.0,20.494,20.494
657163,54300,700.0,2025-09-21T11:49:20.810,20.0,20.494,20.494
657263,54400,800.0,2025-09-21T11:49:20.910,20.0,20.494,20.494
657363,54500,900.0,2025-09-21T11:49:21.010,20.0,20.494,20.494
657463,54600,1000.0,2025-09-21T11:49:21.110,20.0,20.494,20.494
657563,54700,1100.0,2025-09-21T11:49:21.210,20.0,20.494,20.494
657663,54800,1200.0,2025-09-21T11:49:21.310,20.0,20.494,20.494
657763,54900,1300.0,2025-09-21T11:49:21.410,20.0,20.494,20.494
657863,55000,1400.0,2025-09-21T11:49:21.510,20.0,20.494,20.494
657963,55100,1500.0,2025-09-21T11:49:21.610,20.0,20.494,20.494
658063,55200,1600.0,2025-09-21T11:49:21.710,20.0,20.477,20.477
658163,55300,1700.0,2025-09-21T11:49:21.810,20.0,20.477,20.477
658263,55400,1800.0,2025-09-21T11:49:21.910,20.0,20.494,20.494
658363,55500,1900.0,2025-09-21T11:49:22.010,20.0,20.477,20.477
658463,55600,2000.0,2025-09-21T11:49:22.110,20.0,20.477,20.477
658563,55700,2100.0,2025-09-21T11:49:22.210,20.0,20.477,20.477
658663,55800,2200.0,2025-09-21T11:49:22.310,20.0,20.477,20.477
658763,55900,2300.0,2025-09-21T11:49:22.410,20.0,20.477,20.477
658863,56000,2400.0,2025-09-21T11:49:22.510,20.0,20.477,20.477
658963,56100,2500.0,2025-09-21T11:49:22.610,20.0,20.477,20.477
659063,56200,2600.0,2025-09-21T11:49:22.710,20.0,20.477,20.477
659163,56300,2700.0,2025-09-21T11:49:22.810,20.0,20.477,20.477
659263,56400,2800.0,2025-09-21T11:49:22.910,20.0,20.477,20.477
659363,56500,2900.0,2025-09-21T11:49:23.010,20.0,20.477,20.477
659463,56600,3000.0,2025-09-21T11:49:23.110,20.0,20.477,20.477
659563,56700,3100.0,2025-09-21T11:49:23.211,20.0,20.494,20.494
659663,56800,3200.0,2025-09-21T11:49:23.310,20.0,20.494,20.494
659763,56900,3300.0,2025-09-21T11:49:23.410,20.0,20.494,20.494
659863,57000,3400.0,2025-09-21T11:49:23.510,20.0,20.477,20.477
659963,57100,3500.0,2025-09-21T11:49:23.610,20.0,20.494,20.494
660063,57200,3600.0,2025-09-21T11:49:23.710,20.0,20.494,20.494
660163,57300,3700.0,2025-09-21T11:49:23.810,20.0,20.494,20.494
660263,57400,3800.0,2025-09-21T11:49:23.910,20.0,20.494,20.494
660363,57500,3900.0,2025-09-21T11:49:24.010,20.0,20.494,20.494
660463,57600,4000.0,2025-09-21T11:49:24.110,20.0,20.494,20.494
660563,57700,4100.0,2025-09-21T11:49:24.210,20.0,20.494,20.494
660663,57800,4200.0,2025-09-21T11:49:24.310,20.0,20.494,20.494
660763,57900,4300.0,2025-09-21T11:49:24.410,20.0,20.494,20.494
660863,58000,4400.0,2025-09-21T11:49:24.510,20.0,20.494,20.494
660963,58100,4500.0,2025-09-21T11:49:24.610,20.0,20.494,20.494
661063,58200,4600.0,2025-09-21T11:49:24.710,20.0,20.494,20.494
661163,58300,4700.0,2025-09-21T11:49:24.810,20.0,20.494,20.494
661263,58400,4800.0,2025-09-21T11:49:24.909,20.0,20.494,20.494
661363,58500,4900.0,2025-09-21T11:49:25.010,20.0,20.494,20.494
661463,58600,5000.0,2025-09-21T11:49:25.110,20.0,20.494,20.494
661563,58700,5100.0,2025-09-21T11:49:25.210,20.0,20.477,20.477
661663,58800,5200.0,2025-09-21T11:49:25.309,20.0,20.494,20.494
661763,58900,5300.0,2025-09-21T11:49:25.410,20.0,20.494,20.494
661863,59000,5400.0,2025-09-21T11:49:25.510,20.0,20.494,20.494
661963,59100,5500.0,2025-09-21T11:49:25.610,20.0,20.494,20.494
662063,59200,5600.0,2025-09-21T11:49:25.710,20.0,20.494,20.494
662163,59300,5700.0,2025-09-21T11:49:25.810,20.0,20.494,20.494
662263,59400,5800.0,2025-09-21T11:49:25.910,20.0,20.494,20.494
662363,59500,5900.0,2025-09-21T11:49:26.010,20.0,20.494,20.494
662463,59600,6000.0,2025-09-21T11:49:26.109,20.0,20.494,20.494
662563,59700,6100.0,2025-09-21T11:49:26.210,20.0,20.494,20.494
662663,59800,6200.0,2025-09-21T11:49:26.310,20.0,20.494,20.494
662763,59900,6300.0,2025-09-21T11:49:26.410,20.0,20.494,20.494
662863,60000,6400.0,2025-09-21T11:49:26.510,20.0,20.494,20.494
662963,60100,6500.0,2025-09-21T11:49:26.610,20.0,20.494,20.494
663063,60200,6600.0,2025-09-21T11:49:26.710,20.0,20.494,20.494
663163,60300,6700.0,2025-09-21T11:49:26.810,20.0,20.494,20.494
663263,60400,6800.0,2025-09-21T11:49:26.910,20.0,20.494,20.494
663363,60500,6900.0,2025-09-21T11:49:27.010,20.0,20.494,20.494
663463,60600,7000.0,2025-09-21T11:49:27.110,20.0,20.494,20.494
663563,60700,7100.0,2025-09-21T11:49:27.210,20.0,20.494,20.494
663663,60800,7200.0,2025-09-21T11:49:27.310,20.0,20.494,20.494
663763,60900,7300.0,2025-09-21T11:49:27.410,20.0,20.494,20.494
663863,61000,7400.0,2025-09-21T11:49:27.510,20.0,20.494,20.494
663963,61100,7500.0,2025-09-21T11:49:27.610,20.0,20.494,20.494
664063,61200,7600.0,2025-09-21T11:49:27.710,20.0,20.494,20.494
664163,61300,7700.0,2025-09-21T11:49:27.810,20.0,20.494,20.494
664263,61400,7800.0,2025-09-21T11:49:27.910,20.0,20.494,20.494
664363,61500,7900.0,2025-09-21T11:49:28.010,20.0,20.494,20.494
664463,61600,8000.0,2025-09-21T11:49:28.110,20.0,20.477,20.477
664563,61700,8100.0,2025-09-21T11:49:28.210,20.0,20.477,20.477
664663,61800,8200.0,2025-09-21T11:49:28.310,20.0,20.494,20.494
664763,61900,8300.0,2025-09-21T11:49:28.410,20.0,20.477,20.477
664863,62000,8400.0,2025-09-21T11:49:28.510,20.0,20.477,20.477
664963,62100,8500.0,2025-09-21T11:49:28.610,20.0,20.477,20.477
665063,62200,8600.0,2025-09-21T11:49:28.710,20.0,20.477,20.477
665163,62300,8700.0,2025-09-21T11:49:28.810,20.0,20.494,20.494
665263,62400,8800.0,2025-09-21T11:49:28.910,20.0,20.477,20.477
665363,62500,8900.0,2025-09-21T11:49:29.010,20.0,20.494,20.494
665463,62600,9000.0,2025-09-21T11:49:29.110,20.0,20.494,20.494
665563,62700,9100.0,2025-09-21T11:49:29.209,20.0,20.494,20.494
665663,62800,9200.0,2025-09-21T11:49:29.310,20.0,20.477,20.477
665763,62900,9300.0,2025-09-21T11:49:29.410,20.0,20.494,20.494
665863,63000,9400.0,2025-09-21T11:49:29.509,20.0,20.477,20.477
665963,63100,9500.0,2025-09-21T11:49:29.610,20.0,20.477,20.477
666063,63200,9600.0,2025-09-21T11:49:29.710,20.0,20.477,20.477
666163,63300,9700.0,2025-09-21T11:49:29.810,20.0,20.494,20.494
666263,63400,9800.0,2025-09-21T11:49:29.910,20.0,20.494,20.494
666363,63500,9900.0,2025-09-21T11:49:30.010,20.0,20.477,20.477
666463,63600,10000.0,2025-09-21T11:49:30.110,20.0,20.477,20.477
666563,63700,10100.0,2025-09-21T11:49:30.210,20.0,20.494,20.494
666663,63800,10200.0,2025-09-21T11:49:30.310,20.0,20.477,20.477
666763,63900,10300.0,2025-09-21T11:49:30.410,20.0,20.494,20.494
666863,64000,10400.0,2025-09-21T11:49:30.509,20.0,20.494,20.494
666963,64100,10500.0,2025-09-21T11:49:30.609,20.0,20.477,20.477
667063,64200,10600.0,2025-09-21T11:49:30.710,20.0,20.477,20.477
667163,64300,10700.0,2025-09-21T11:49:30.810,20.0,20.477,20.477
667263,64400,10800.0,2025-09-21T11:49:30.909,20.0,20.477,20.477
667363,64500,10900.0,2025-09-21T11:49:31.009,20.0,20.477,20.477
667463,64600,11000.0,2025-09-21T11:49:31.109,20.0,20.477,20.477
667563,64700,11100.0,2025-09-21T11:49:31.209,20.0,20.477,20.477
667663,64800,11200.0,2025-09-21T11:49:31.310,20.0,20.477,20.477
667763,64900,11300.0,2025-09-21T11:49:31.410,20.0,20.477,20.477
667863,65000,11400.0,2025-09-21T11:49:31.509,20.0,20.477,20.477
667963,65100,11500.0,2025-09-21T11:49:31.609,20.0,20.477,20.477
668063,65200,11600.0,2025-09-21T11:49:31.710,20.0,20.477,20.477
668163,65300,11700.0,2025-09-21T11:49:31.810,20.0,20.477,20.477
668263,65400,11800.0,2025-09-21T11:49:31.910,20.0,20.477,20.477
668363,65500,11900.0,2025-09-21T11:49:32.009,20.0,20.477,20.477
668463,65600,12000.0,2025-09-21T11:49:32.110,20.0,20.494,20.494
668563,65700,12100.0,2025-09-21T11:49:32.210,20.0,20.494,20.494
668663,65800,12200.0,2025-09-21T11:49:32.310,20.0,20.477,20.477
668763,65900,12300.0,2025-09-21T11:49:32.409,20.0,20.494,20.494
668863,66000,12400.0,2025-09-21T11:49:32.510,20.0,20.494,20.494
668963,66100,12500.0,2025-09-21T11:49:32.609,20.0,20.494,20.494
669063,66200,12600.0,2025-09-21T11:49:32.710,20.0,20.494,20.494
669163,66300,12700.0,2025-09-21T11:49:32.810,20.0,20.494,20.494
669263,66400,12800.0,2025-09-21T11:49:32.910,20.0,20.494,20.494
669363,66500,12900.0,2025-09-21T11:49:33.010,20.0,20.494,20.494
669463,66600,13000.0,2025-09-21T11:49:33.110,20.0,20.494,20.494
669563,66700,13100.0,2025-09-21T11:49:33.210,20.0,20.443,20.443
669663,66800,13200.0,2025-09-21T11:49:33.310,20.0,20.494,20.494
669763,66900,13300.0,2025-09-21T11:49:33.410,20.0,20.494,20.494
669863,67000,13400.0,2025-09-21T11:49:33.510,20.0,20.494,20.494
669963,67100,13500.0,2025-09-21T11:49:33.610,20.0,20.494,20.494
670063,67200,13600.0,2025-09-21T11:49:33.709,20.0,20.494,20.494
682763,79900,0.0,2025-09-21T11:49:46.410,30.0,29.927,29.927
682863,80000,100.0,2025-09-21T11:49:46.510,30.0,29.927,29.927
682963,80100,200.0,2025-09-21T11:49:46.610,30.0,29.927,29.927
683063,80200,300.0,2025-09-21T11:49:46.709,30.0,29.927,29.927
683163,80300,400.0,2025-09-21T11:49:46.809,30.0,29.927,29.927
683263,80400,500.0,2025-09-21T11:49:46.910,30.0,29.927,29.927
683363,80500,600.0,2025-09-21T11:49:47.010,30.0,29.927,29.927
683463,80600,700.0,2025-09-21T11:49:47.110,30.0,29.927,29.927
683563,80700,800.0,2025-09-21T11:49:47.210,30.0,29.927,29.927
683663,80800,900.0,2025-09-21T11:49:47.310,30.0,29.927,29.927
683763,80900,1000.0,2025-09-21T11:49:47.409,30.0,29.91,29.91
683863,81000,1100.0,2025-09-21T11:49:47.510,30.0,29.927,29.927
683963,81100,1200.0,2025-09-21T11:49:47.609,30.0,29.875,29.875
684063,81200,1300.0,2025-09-21T11:49:47.710,30.0,29.858,29.858
684163,81300,1400.0,2025-09-21T11:49:47.810,30.0,29.858,29.858
684263,81400,1500.0,2025-09-21T11:49:47.910,30.0,29.858,29.858
684363,81500,1600.0,2025-09-21T11:49:48.009,30.0,29.858,29.858
684463,81600,1700.0,2025-09-21T11:49:48.109,30.0,29.91,29.91
684563,81700,1800.0,2025-09-21T11:49:48.210,30.0,29.927,29.927
684663,81800,1900.0,2025-09-21T11:49:48.310,30.0,29.927,29.927
684763,81900,2000.0,2025-09-21T11:49:48.410,30.0,29.91,29.91
684863,82000,2100.0,2025-09-21T11:49:48.510,30.0,29.91,29.91
684963,82100,2200.0,2025-09-21T11:49:48.609,30.0,29.91,29.91
685063,82200,2300.0,2025-09-21T11:49:48.710,30.0,29.91,29.91
685163,82300,2400.0,2025-09-21T11:49:48.810,30.0,29.91,29.91
685263,82400,2500.0,2025-09-21T11:49:48.910,30.0,29.91,29.91
685363,82500,2600.0,2025-09-21T11:49:49.009,30.0,29.91,29.91
685463,82600,2700.0,2025-09-21T11:49:49.110,30.0,29.91,29.91
685563,82700,2800.0,2025-09-21T11:49:49.209,30.0,29.91,29.91
685663,82800,2900.0,2025-09-21T11:49:49.310,30.0,29.91,29.91
685763,82900,3000.0,2025-09-21T11:49:49.409,30.0,29.91,29.91
685863,83000,3100.0,2025-09-21T11:49:49.510,30.0,29.91,29.91
685963,83100,3200.0,2025-09-21T11:49:49.609,30.0,29.91,29.91
686063,83200,3300.0,2025-09-21T11:49:49.710,30.0,29.91,29.91
686163,83300,3400.0,2025-09-21T11:49:49.810,30.0,29.91,29.91
686263,83400,3500.0,2025-09-21T11:49:49.909,30.0,29.91,29.91
686363,83500,3600.0,2025-09-21T11:49:50.009,30.0,29.91,29.91
686463,83600,3700.0,2025-09-21T11:49:50.110,30.0,29.858,29.858
686563,83700,3800.0,2025-09-21T11:49:50.209,30.0,29.858,29.858
686663,83800,3900.0,2025-09-21T11:49:50.309,30.0,29.858,29.858
686763,83900,4000.0,2025-09-21T11:49:50.410,30.0,29.858,29.858
686863,84000,4100.0,2025-09-21T11:49:50.510,30.0,29.858,29.858
686963,84100,4200.0,2025-09-21T11:49:50.610,30.0,29.858,29.858
687063,84200,4300.0,2025-09-21T11:49:50.710,30.0,29.858,29.858
687163,84300,4400.0,2025-09-21T11:49:50.810,30.0,29.858,29.858
687263,84400,4500.0,2025-09-21T11:49:50.910,30.0,29.858,29.858
687363,84500,4600.0,2025-09-21T11:49:51.010,30.0,29.858,29.858
687463,84600,4700.0,2025-09-21T11:49:51.110,30.0,29.858,29.858
687563,84700,4800.0,2025-09-21T11:49:51.210,30.0,29.858,29.858
687663,84800,4900.0,2025-09-21T11:49:51.310,30.0,29.858,29.858
687763,84900,5000.0,2025-09-21T11:49:51.409,30.0,29.858,29.858
687863,85000,5100.0,2025-09-21T11:49:51.510,30.0,29.858,29.858
687963,85100,5200.0,2025-09-21T11:49:51.610,30.0,29.858,29.858
688063,85200,5300.0,2025-09-21T11:49:51.710,30.0,29.858,29.858
688163,85300,5400.0,2025-09-21T11:49:51.810,30.0,29.858,29.858
688263,85400,5500.0,2025-09-21T11:49:51.910,30.0,29.858,29.858
688363,85500,5600.0,2025-09-21T11:49:52.009,30.0,29.858,29.858
688463,85600,5700.0,2025-09-21T11:49:52.109,30.0,29.858,29.858
688563,85700,5800.0,2025-09-21T11:49:52.210,30.0,29.858,29.858
688663,85800,5900.0,2025-09-21T11:49:52.309,30.0,29.858,29.858
688763,85900,6000.0,2025-09-21T11:49:52.409,30.0,29.858,29.858
688863,86000,6100.0,2025-09-21T11:49:52.510,30.0,29.858,29.858
688963,86100,6200.0,2025-09-21T11:49:52.609,30.0,29.875,29.875
689063,86200,6300.0,2025-09-21T11:49:52.710,30.0,29.858,29.858
689163,86300,6400.0,2025-09-21T11:49:52.809,30.0,29.858,29.858
689263,86400,6500.0,2025-09-21T11:49:52.910,30.0,29.858,29.858
689363,86500,6600.0,2025-09-21T11:49:53.010,30.0,29.875,29.875
689463,86600,6700.0,2025-09-21T11:49:53.110,30.0,29.875,29.875
689563,86700,6800.0,2025-09-21T11:49:53.210,30.0,29.858,29.858
689663,86800,6900.0,2025-09-21T11:49:53.310,30.0,29.858,29.858
689763,86900,7000.0,2025-09-21T11:49:53.410,30.0,29.858,29.858
689863,87000,7100.0,2025-09-21T11:49:53.509,30.0,29.875,29.875
689963,87100,7200.0,2025-09-21T11:49:53.610,30.0,29.875,29.875
690063,87200,7300.0,2025-09-21T11:49:53.709,30.0,29.858,29.858
690163,87300,7400.0,2025-09-21T11:49:53.810,30.0,29.858,29.858
690263,87400,7500.0,2025-09-21T11:49:53.910,30.0,29.858,29.858
690363,87500,7600.0,2025-09-21T11:49:54.010,30.0,29.858,29.858
690463,87600,7700.0,2025-09-21T11:49:54.110,30.0,29.858,29.858
690563,87700,7800.0,2025-09-21T11:49:54.210,30.0,29.875,29.875
690663,87800,7900.0,2025-09-21T11:49:54.310,30.0,29.858,29.858
690763,87900,8000.0,2025-09-21T11:49:54.410,30.0,29.875,29.875
690863,88000,8100.0,2025-09-21T11:49:54.510,30.0,29.858,29.858
690963,88100,8200.0,2025-09-21T11:49:54.610,30.0,29.875,29.875
691063,88200,8300.0,2025-09-21T11:49:54.709,30.0,29.858,29.858
691163,88300,8400.0,2025-09-21T11:49:54.810,30.0,29.875,29.875
691263,88400,8500.0,2025-09-21T11:49:54.910,30.0,29.875,29.875
691363,88500,8600.0,2025-09-21T11:49:55.010,30.0,29.875,29.875
691463,88600,8700.0,2025-09-21T11:49:55.110,30.0,29.858,29.858
691563,88700,8800.0,2025-09-21T11:49:55.210,30.0,29.875,29.875
691663,88800,8900.0,2025-09-21T11:49:55.310,30.0,29.858,29.858
691763,88900,9000.0,2025-09-21T11:49:55.410,30.0,29.858,29.858
691863,89000,9100.0,2025-09-21T11:49:55.510,30.0,29.858,29.858
691963,89100,9200.0,2025-09-21T11:49:55.610,30.0,29.875,29.875
692063,89200,9300.0,2025-09-21T11:49:55.710,30.0,29.875,29.875
692163,89300,9400.0,2025-09-21T11:49:55.809,30.0,29.875,29.875
692263,89400,9500.0,2025-09-21T11:49:55.910,30.0,29.858,29.858
692363,89500,9600.0,2025-09-21T11:49:56.010,30.0,29.875,29.875
692463,89600,9700.0,2025-09-21T11:49:56.110,30.0,29.858,29.858
692563,89700,9800.0,2025-09-21T11:49:56.210,30.0,29.875,29.875
692663,89800,9900.0,2025-09-21T11:49:56.310,30.0,29.875,29.875
692763,89900,10000.0,2025-09-21T11:49:56.409,30.0,29.875,29.875
692863,90000,10100.0,2025-09-21T11:49:56.510,30.0,29.858,29.858
692963,90100,10200.0,2025-09-21T11:49:56.610,30.0,29.858,29.858
693063,90200,10300.0,2025-09-21T11:49:56.710,30.0,29.858,29.858
693163,90300,10400.0,2025-09-21T11:49:56.809,30.0,29.875,29.875
693263,90400,10500.0,2025-09-21T11:49:56.909,30.0,29.875,29.875
693363,90500,10600.0,2025-09-21T11:49:57.010,30.0,29.858,29.858
693463,90600,10700.0,2025-09-21T11:49:57.109,30.0,29.875,29.875
693563,90700,10800.0,2025-09-21T11:49:57.210,30.0,29.858,29.858
693663,90800,10900.0,2025-09-21T11:49:57.309,30.0,29.875,29.875
693763,90900,11000.0,2025-09-21T11:49:57.410,30.0,29.875,29.875
693863,91000,11100.0,2025-09-21T11:49:57.509,30.0,29.875,29.875
693963,91100,11200.0,2025-09-21T11:49:57.610,30.0,29.875,29.875
694063,91200,11300.0,2025-09-21T11:49:57.710,30.0,29.858,29.858
694163,91300,11400.0,2025-09-21T11:49:57.810,30.0,29.858,29.858
694263,91400,11500.0,2025-09-21T11:49:57.910,30.0,29.858,29.858
694363,91500,11600.0,2025-09-21T11:49:58.010,30.0,29.858,29.858
694463,91600,11700.0,2025-09-21T11:49:58.109,30.0,29.858,29.858
694563,91700,11800.0,2025-09-21T11:49:58.209,30.0,29.858,29.858
694663,91800,11900.0,2025-09-21T11:49:58.309,30.0,29.858,29.858
694763,91900,12000.0,2025-09-21T11:49:58.409,30.0,29.858,29.858
694863,92000,12100.0,2025-09-21T11:49:58.510,30.0,29.875,29.875
694963,92100,12200.0,2025-09-21T11:49:58.610,30.0,29.875,29.875
695063,92200,12300.0,2025-09-21T11:49:58.710,30.0,29.858,29.858
695163,92300,12400.0,2025-09-21T11:49:58.810,30.0,29.875,29.875
695263,92400,12500.0,2025-09-21T11:49:58.910,30.0,29.875,29.875
695363,92500,12600.0,2025-09-21T11:49:59.009,30.0,29.875,29.875
695463,92600,12700.0,2025-09-21T11:49:59.109,30.0,29.858,29.858
695563,92700,12800.0,2025-09-21T11:49:59.210,30.0,29.875,29.875
695663,92800,12900.0,2025-09-21T11:49:59.309,30.0,29.858,29.858
695763,92900,13000.0,2025-09-21T11:49:59.410,30.0,29.875,29.875
695863,93000,13100.0,2025-09-21T11:49:59.509,30.0,29.875,29.875
695963,93100,13200.0,2025-09-21T11:49:59.610,30.0,29.875,29.875
696063,93200,13300.0,2025-09-21T11:49:59.710,30.0,29.875,29.875
696163,93300,13400.0,2025-09-21T11:49:59.809,30.0,29.875,29.875
696263,93400,13500.0,2025-09-21T11:49:59.909,30.0,29.875,29.875
696363,93500,13600.0,2025-09-21T11:50:00.010,30.0,29.875,29.875
696463,93600,13700.0,2025-09-21T11:50:00.109,30.0,29.858,29.858
696563,93700,13800.0,2025-09-21T11:50:00.209,30.0,29.875,29.875
696663,93800,13900.0,2025-09-21T11:50:00.310,30.0,29.875,29.875
696763,93900,14000.0,2025-09-21T11:50:00.410,30.0,29.875,29.875
696863,94000,14100.0,2025-09-21T11:50:00.509,30.0,29.875,29.875
696963,94100,14200.0,2025-09-21T11:50:00.610,30.0,29.875,29.875
697063,94200,14300.0,2025-09-21T11:50:00.709,30.0,29.875,29.875
697163,94300,14400.0,2025-09-21T11:50:00.809,30.0,29.875,29.875
697263,94400,14500.0,2025-09-21T11:50:00.909,30.0,29.875,29.875
697363,94500,14600.0,2025-09-21T11:50:01.010,30.0,29.875,29.875
697463,94600,14700.0,2025-09-21T11:50:01.110,30.0,29.875,29.875
697563,94700,14800.0,2025-09-21T11:50:01.209,30.0,29.875,29.875
697663,94800,14900.0,2025-09-21T11:50:01.309,30.0,29.875,29.875
697763,94900,15000.0,2025-09-21T11:50:01.410,30.0,29.875,29.875
697863,95000,15100.0,2025-09-21T11:50:01.509,30.0,29.875,29.875
697963,95100,15200.0,2025-09-21T11:50:01.609,30.0,29.875,29.875
698063,95200,15300.0,2025-09-21T11:50:01.710,30.0,29.875,29.875
698163,95300,15400.0,2025-09-21T11:50:01.809,30.0,29.875,29.875
698263,95400,15500.0,2025-09-21T11:50:01.910,30.0,29.875,29.875
698363,95500,15600.0,2025-09-21T11:50:02.010,30.0,29.875,29.875
698463,95600,15700.0,2025-09-21T11:50:02.109,30.0,29.875,29.875
698563,95700,15800.0,2025-09-21T11:50:02.210,30.0,29.875,29.875
698663,95800,15900.0,2025-09-21T11:50:02.309,30.0,29.875,29.875
698763,95900,16000.0,2025-09-21T11:50:02.409,30.0,29.875,29.875
698863,96000,16100.0,2025-09-21T11:50:02.509,30.0,29.875,29.875
698963,96100,16200.0,2025-09-21T11:50:02.610,30.0,29.875,29.875
699063,96200,16300.0,2025-09-21T11:50:02.709,30.0,29.875,29.875
699163,96300,16400.0,2025-09-21T11:50:02.810,30.0,29.875,29.875
699263,96400,16500.0,2025-09-21T11:50:02.909,30.0,29.875,29.875
699363,96500,16600.0,2025-09-21T11:50:03.010,30.0,29.875,29.875
699463,96600,16700.0,2025-09-21T11:50:03.110,30.0,29.875,29.875
699563,96700,16800.0,2025-09-21T11:50:03.210,30.0,29.875,29.875
699663,96800,16900.0,2025-09-21T11:50:03.309,30.0,29.875,29.875
699763,96900,17000.0,2025-09-21T11:50:03.409,30.0,29.875,29.875
699863,97000,17100.0,2025-09-21T11:50:03.510,30.0,29.875,29.875
699963,97100,17200.0,2025-09-21T11:50:03.609,30.0,29.875,29.875
700063,97200,17300.0,2025-09-21T11:50:03.709,30.0,29.875,29.875
700163,97300,17400.0,2025-09-21T11:50:03.809,30.0,29.875,29.875
700263,97400,17500.0,2025-09-21T11:50:03.910,30.0,29.875,29.875
700363,97500,17600.0,2025-09-21T11:50:04.009,30.0,29.875,29.875
700463,97600,17700.0,2025-09-21T11:50:04.110,30.0,29.875,29.875
700563,97700,17800.0,2025-09-21T11:50:04.209,30.0,29.875,29.875
700663,97800,17900.0,2025-09-21T11:50:04.309,30.0,29.875,29.875
700763,97900,18000.0,2025-09-21T11:50:04.409,30.0,29.875,29.875
700863,98000,18100.0,2025-09-21T11:50:04.509,30.0,29.875,29.875
700963,98100,18200.0,2025-09-21T11:50:04.610,30.0,29.875,29.875
701063,98200,18300.0,2025-09-21T11:50:04.709,30.0,29.875,29.875
701163,98300,18400.0,2025-09-21T11:50:04.809,30.0,29.875,29.875
701263,98400,18500.0,2025-09-21T11:50:04.909,30.0,29.875,29.875
701363,98500,18600.0,2025-09-21T11:50:05.009,30.0,29.875,29.875
701463,98600,18700.0,2025-09-21T11:50:05.110,30.0,29.875,29.875
701563,98700,18800.0,2025-09-21T11:50:05.209,30.0,29.875,29.875
701663,98800,18900.0,2025-09-21T11:50:05.309,30.0,29.875,29.875
701763,98900,19000.0,2025-09-21T11:50:05.409,30.0,29.875,29.875
701863,99000,19100.0,2025-09-21T11:50:05.510,30.0,29.875,29.875
701963,99100,19200.0,2025-09-21T11:50:05.609,30.0,29.875,29.875
702063,99200,19300.0,2025-09-21T11:50:05.710,30.0,29.875,29.875
702163,99300,19400.0,2025-09-21T11:50:05.809,30.0,29.875,29.875
702263,99400,19500.0,2025-09-21T11:50:05.909,30.0,29.875,29.875
702363,99500,19600.0,2025-09-21T11:50:06.009,30.0,29.875,29.875
702463,99600,19700.0,2025-09-21T11:50:06.109,30.0,29.875,29.875
702563,99700,19800.0,2025-09-21T11:50:06.209,30.0,29.875,29.875
702663,99800,19900.0,2025-09-21T11:50:06.309,30.0,29.875,29.875
702763,99900,20000.0,2025-09-21T11:50:06.410,30.0,29.875,29.875
702863,100000,20100.0,2025-09-21T11:50:06.509,30.0,29.875,29.875
702963,100100,20200.0,2025-09-21T11:50:06.609,30.0,29.875,29.875
703063,100200,20300.0,2025-09-21T11:50:06.708,30.0,29.875,29.875
703163,100300,20400.0,2025-09-21T11:50:06.809,30.0,29.875,29.875
703263,100400,20500.0,2025-09-21T11:50:06.909,30.0,29.875,29.875
703363,100500,20600.0,2025-09-21T11:50:07.009,30.0,29.875,29.875
703463,100600,20700.0,2025-09-21T11:50:07.109,30.0,29.875,29.875
703563,100700,20800.0,2025-09-21T11:50:07.209,30.0,29.875,29.875
703663,100800,20900.0,2025-09-21T11:50:07.310,30.0,29.875,29.875
703763,100900,21000.0,2025-09-21T11:50:07.409,30.0,29.875,29.875
703863,101000,21100.0,2025-09-21T11:50:07.509,30.0,29.875,29.875
703963,101100,21200.0,2025-09-21T11:50:07.609,30.0,29.875,29.875
704063,101200,21300.0,2025-09-21T11:50:07.709,30.0,29.875,29.875
704163,101300,21400.0,2025-09-21T11:50:07.809,30.0,29.875,29.875
704263,101400,21500.0,2025-09-21T11:50:07.909,30.0,29.875,29.875
704363,101500,21600.0,2025-09-21T11:50:08.009,30.0,29.824,29.824
704463,101600,21700.0,2025-09-21T11:50:08.109,30.0,29.875,29.875
704563,101700,21800.0,2025-09-21T11:50:08.209,30.0,29.875,29.875
704663,101800,21900.0,2025-09-21T11:50:08.309,30.0,29.875,29.875
704763,101900,22000.0,2025-09-21T11:50:08.409,30.0,29.875,29.875
704863,102000,22100.0,2025-09-21T11:50:08.509,30.0,29.875,29.875
704963,102100,22200.0,2025-09-21T11:50:08.609,30.0,29.875,29.875
705063,102200,22300.0,2025-09-21T11:50:08.708,30.0,29.875,29.875
712563,109700,0.0,2025-09-21T11:50:16.210,40.0,39.719,39.719
712663,109800,100.0,2025-09-21T11:50:16.310,40.0,39.719,39.719
712763,109900,200.0,2025-09-21T11:50:16.409,40.0,39.719,39.719
712863,110000,300.0,2025-09-21T11:50:16.509,40.0,39.771,39.771
712963,110100,400.0,2025-09-21T11:50:16.609,40.0,39.771,39.771
713063,110200,500.0,2025-09-21T11:50:16.709,40.0,39.788,39.788
713163,110300,600.0,2025-09-21T11:50:16.810,40.0,39.771,39.771
713263,110400,700.0,2025-09-21T11:50:16.909,40.0,39.771,39.771
713363,110500,800.0,2025-09-21T11:50:17.010,40.0,40.148,40.148
713463,110600,900.0,2025-09-21T11:50:17.109,40.0,40.148,40.148
713563,110700,1000.0,2025-09-21T11:50:17.210,40.0,39.788,39.788
713663,110800,1100.0,2025-09-21T11:50:17.310,40.0,39.788,39.788
713763,110900,1200.0,2025-09-21T11:50:17.409,40.0,39.788,39.788
713863,111000,1300.0,2025-09-21T11:50:17.510,40.0,39.771,39.771
713963,111100,1400.0,2025-09-21T11:50:17.610,40.0,39.771,39.771
714063,111200,1500.0,2025-09-21T11:50:17.709,40.0,40.148,40.148
714163,111300,1600.0,2025-09-21T11:50:17.810,40.0,40.148,40.148
714263,111400,1700.0,2025-09-21T11:50:17.909,40.0,40.148,40.148
714363,111500,1800.0,2025-09-21T11:50:18.010,40.0,39.719,39.719
714463,111600,1900.0,2025-09-21T11:50:18.109,40.0,39.719,39.719
714563,111700,2000.0,2025-09-21T11:50:18.209,40.0,39.788,39.788
714663,111800,2100.0,2025-09-21T11:50:18.309,40.0,39.771,39.771
714763,111900,2200.0,2025-09-21T11:50:18.410,40.0,39.771,39.771
714863,112000,2300.0,2025-09-21T11:50:18.510,40.0,40.148,40.148
714963,112100,2400.0,2025-09-21T11:50:18.610,40.0,40.148,40.148
715063,112200,2500.0,2025-09-21T11:50:18.709,40.0,40.148,40.148
715163,112300,2600.0,2025-09-21T11:50:18.809,40.0,39.771,39.771
715263,112400,2700.0,2025-09-21T11:50:18.909,40.0,40.148,40.148
715363,112500,2800.0,2025-09-21T11:50:19.009,40.0,39.788,39.788
715463,112600,2900.0,2025-09-21T11:50:19.110,40.0,39.771,39.771
715563,112700,3000.0,2025-09-21T11:50:19.209,40.0,39.788,39.788
715663,112800,3100.0,2025-09-21T11:50:19.310,40.0,39.788,39.788
715763,112900,3200.0,2025-09-21T11:50:19.409,40.0,39.788,39.788
715863,113000,3300.0,2025-09-21T11:50:19.510,40.0,39.788,39.788
715963,113100,3400.0,2025-09-21T11:50:19.609,40.0,39.788,39.788
716063,113200,3500.0,2025-09-21T11:50:19.710,40.0,39.788,39.788
716163,113300,3600.0,2025-09-21T11:50:19.810,40.0,39.788,39.788
716263,113400,3700.0,2025-09-21T11:50:19.909,40.0,39.788,39.788
716363,113500,3800.0,2025-09-21T11:50:20.009,40.0,39.788,39.788
716463,113600,3900.0,2025-09-21T11:50:20.110,40.0,39.788,39.788
716563,113700,4000.0,2025-09-21T11:50:20.210,40.0,39.788,39.788
716663,113800,4100.0,2025-09-21T11:50:20.309,40.0,39.788,39.788
716763,113900,4200.0,2025-09-21T11:50:20.409,40.0,39.788,39.788
716863,114000,4300.0,2025-09-21T11:50:20.510,40.0,39.788,39.788
716963,114100,4400.0,2025-09-21T11:50:20.609,40.0,39.788,39.788
717063,114200,4500.0,2025-09-21T11:50:20.709,40.0,39.771,39.771
717163,114300,4600.0,2025-09-21T11:50:20.810,40.0,39.788,39.788
717263,114400,4700.0,2025-09-21T11:50:20.910,40.0,39.788,39.788
717363,114500,4800.0,2025-09-21T11:50:21.010,40.0,39.771,39.771
717463,114600,4900.0,2025-09-21T11:50:21.109,40.0,39.788,39.788
717563,114700,5000.0,2025-09-21T11:50:21.210,40.0,39.771,39.771
717663,114800,5100.0,2025-09-21T11:50:21.309,40.0,39.771,39.771
717763,114900,5200.0,2025-09-21T11:50:21.410,40.0,39.788,39.788
717863,115000,5300.0,2025-09-21T11:50:21.509,40.0,39.771,39.771
717963,115100,5400.0,2025-09-21T11:50:21.609,40.0,39.788,39.788
718063,115200,5500.0,2025-09-21T11:50:21.710,40.0,39.788,39.788
718163,115300,5600.0,2025-09-21T11:50:21.809,40.0,39.788,39.788
718263,115400,5700.0,2025-09-21T11:50:21.909,40.0,39.788,39.788
718363,115500,5800.0,2025-09-21T11:50:22.009,40.0,39.788,39.788
718463,115600,5900.0,2025-09-21T11:50:22.109,40.0,39.788,39.788
718563,115700,6000.0,2025-09-21T11:50:22.210,40.0,39.788,39.788
718663,115800,6100.0,2025-09-21T11:50:22.309,40.0,39.788,39.788
718763,115900,6200.0,2025-09-21T11:50:22.410,40.0,39.788,39.788
718863,116000,6300.0,2025-09-21T11:50:22.509,40.0,39.771,39.771
718963,116100,6400.0,2025-09-21T11:50:22.610,40.0,39.788,39.788
719063,116200,6500.0,2025-09-21T11:50:22.709,40.0,40.148,40.148
719163,116300,6600.0,2025-09-21T11:50:22.810,40.0,40.148,40.148
719263,116400,6700.0,2025-09-21T11:50:22.909,40.0,39.719,39.719
719363,116500,6800.0,2025-09-21T11:50:23.009,40.0,39.737,39.737
719463,116600,6900.0,2025-09-21T11:50:23.109,40.0,39.719,39.719
719563,116700,7000.0,2025-09-21T11:50:23.209,40.0,39.719,39.719
719663,116800,7100.0,2025-09-21T11:50:23.310,40.0,39.719,39.719
719763,116900,7200.0,2025-09-21T11:50:23.409,40.0,39.737,39.737
719863,117000,7300.0,2025-09-21T11:50:23.509,40.0,39.719,39.719
719963,117100,7400.0,2025-09-21T11:50:23.609,40.0,39.788,39.788
720063,117200,7500.0,2025-09-21T11:50:23.709,40.0,39.771,39.771
720163,117300,7600.0,2025-09-21T11:50:23.809,40.0,39.788,39.788
720263,117400,7700.0,2025-09-21T11:50:23.909,40.0,39.771,39.771
720363,117500,7800.0,2025-09-21T11:50:24.009,40.0,39.788,39.788
720463,117600,7900.0,2025-09-21T11:50:24.109,40.0,39.788,39.788
720563,117700,8000.0,2025-09-21T11:50:24.209,40.0,39.788,39.788
720663,117800,8100.0,2025-09-21T11:50:24.309,40.0,39.788,39.788
720763,117900,8200.0,2025-09-21T11:50:24.410,40.0,39.788,39.788
720863,118000,8300.0,2025-09-21T11:50:24.510,40.0,39.788,39.788
720963,118100,8400.0,2025-09-21T11:50:24.609,40.0,40.148,40.148
721063,118200,8500.0,2025-09-21T11:50:24.710,40.0,39.771,39.771
721163,118300,8600.0,2025-09-21T11:50:24.810,40.0,39.788,39.788
721263,118400,8700.0,2025-09-21T11:50:24.909,40.0,39.771,39.771
721363,118500,8800.0,2025-09-21T11:50:25.009,40.0,39.788,39.788
721463,118600,8900.0,2025-09-21T11:50:25.109,40.0,39.788,39.788
721563,118700,9000.0,2025-09-21T11:50:25.210,40.0,39.788,39.788
721663,118800,9100.0,2025-09-21T11:50:25.309,40.0,40.148,40.148
721763,118900,9200.0,2025-09-21T11:50:25.409,40.0,39.719,39.719
721863,119000,9300.0,2025-09-21T11:50:25.509,40.0,39.719,39.719
721963,119100,9400.0,2025-09-21T11:50:25.610,40.0,39.737,39.737
722063,119200,9500.0,2025-09-21T11:50:25.710,40.0,39.719,39.719
722163,119300,9600.0,2025-09-21T11:50:25.809,40.0,39.719,39.719
722263,119400,9700.0,2025-09-21T11:50:25.909,40.0,39.719,39.719
722363,119500,9800.0,2025-09-21T11:50:26.009,40.0,39.788,39.788
722463,119600,9900.0,2025-09-21T11:50:26.109,40.0,39.771,39.771
722563,119700,10000.0,2025-09-21T11:50:26.209,40.0,39.771,39.771
722663,119800,10100.0,2025-09-21T11:50:26.310,40.0,40.148,40.148
722763,119900,10200.0,2025-09-21T11:50:26.409,40.0,39.771,39.771
722863,120000,10300.0,2025-09-21T11:50:26.509,40.0,39.788,39.788
722963,120100,10400.0,2025-09-21T11:50:26.609,40.0,39.771,39.771
723063,120200,10500.0,2025-09-21T11:50:26.709,40.0,39.788,39.788
723163,120300,10600.0,2025-09-21T11:50:26.810,40.0,39.771,39.771
723263,120400,10700.0,2025-09-21T11:50:26.910,40.0,39.788,39.788
723363,120500,10800.0,2025-09-21T11:50:27.009,40.0,39.771,39.771
723463,120600,10900.0,2025-09-21T11:50:27.109,40.0,39.788,39.788
723563,120700,11000.0,2025-09-21T11:50:27.210,40.0,39.788,39.788
723663,120800,11100.0,2025-09-21T11:50:27.309,40.0,39.771,39.771
723763,120900,11200.0,2025-09-21T11:50:27.409,40.0,40.148,40.148
723863,121000,11300.0,2025-09-21T11:50:27.508,40.0,40.148,40.148
723963,121100,11400.0,2025-09-21T11:50:27.609,40.0,40.148,40.148
724063,121200,11500.0,2025-09-21T11:50:27.709,40.0,40.148,40.148
724163,121300,11600.0,2025-09-21T11:50:27.809,40.0,39.719,39.719
724263,121400,11700.0,2025-09-21T11:50:27.909,40.0,39.719,39.719
724363,121500,11800.0,2025-09-21T11:50:28.009,40.0,39.719,39.719
724463,121600,11900.0,2025-09-21T11:50:28.109,40.0,39.719,39.719
724563,121700,12000.0,2025-09-21T11:50:28.209,40.0,39.719,39.719
724663,121800,12100.0,2025-09-21T11:50:28.309,40.0,39.719,39.719
724763,121900,12200.0,2025-09-21T11:50:28.409,40.0,39.719,39.719
724863,122000,12300.0,2025-09-21T11:50:28.509,40.0,39.719,39.719
724963,122100,12400.0,2025-09-21T11:50:28.610,40.0,39.719,39.719
725063,122200,12500.0,2025-09-21T11:50:28.709,40.0,39.719,39.719
725163,122300,12600.0,2025-09-21T11:50:28.809,40.0,40.148,40.148
725263,122400,12700.0,2025-09-21T11:50:28.909,40.0,39.719,39.719
725363,122500,12800.0,2025-09-21T11:50:29.009,40.0,39.719,39.719
725463,122600,12900.0,2025-09-21T11:50:29.109,40.0,39.719,39.719
725563,122700,13000.0,2025-09-21T11:50:29.209,40.0,39.719,39.719
725663,122800,13100.0,2025-09-21T11:50:29.309,40.0,40.131,40.131
725763,122900,13200.0,2025-09-21T11:50:29.409,40.0,40.148,40.148
725863,123000,13300.0,2025-09-21T11:50:29.509,40.0,39.719,39.719
725963,123100,13400.0,2025-09-21T11:50:29.609,40.0,39.771,39.771
726063,123200,13500.0,2025-09-21T11:50:29.709,40.0,39.771,39.771
726163,123300,13600.0,2025-09-21T11:50:29.808,40.0,39.771,39.771
736563,133700,0.0,2025-09-21T11:50:40.209,50.0,49.598,49.598
736663,133800,100.0,2025-09-21T11:50:40.310,50.0,49.649,49.649
736763,133900,200.0,2025-09-21T11:50:40.410,50.0,49.649,49.649
736863,134000,300.0,2025-09-21T11:50:40.510,50.0,49.615,49.615
736963,134100,400.0,2025-09-21T11:50:40.609,50.0,49.649,49.649
737063,134200,500.0,2025-09-21T11:50:40.709,50.0,49.649,49.649
737163,134300,600.0,2025-09-21T11:50:40.809,50.0,49.666,49.666
737263,134400,700.0,2025-09-21T11:50:40.909,50.0,49.666,49.666
737363,134500,800.0,2025-09-21T11:50:41.009,50.0,49.666,49.666
737463,134600,900.0,2025-09-21T11:50:41.109,50.0,49.666,49.666
737563,134700,1000.0,2025-09-21T11:50:41.209,50.0,49.666,49.666
737663,134800,1100.0,2025-09-21T11:50:41.309,50.0,50.027,50.027
737763,134900,1200.0,2025-09-21T11:50:41.409,50.0,50.044,50.044
737863,135000,1300.0,2025-09-21T11:50:41.509,50.0,50.044,50.044
737963,135100,1400.0,2025-09-21T11:50:41.609,50.0,50.044,50.044
738063,135200,1500.0,2025-09-21T11:50:41.709,50.0,49.632,49.632
738163,135300,1600.0,2025-09-21T11:50:41.809,50.0,49.632,49.632
738263,135400,1700.0,2025-09-21T11:50:41.909,50.0,49.666,49.666
738363,135500,1800.0,2025-09-21T11:50:42.009,50.0,49.666,49.666
738463,135600,1900.0,2025-09-21T11:50:42.109,50.0,49.666,49.666
738563,135700,2000.0,2025-09-21T11:50:42.209,50.0,49.684,49.684
738663,135800,2100.0,2025-09-21T11:50:42.309,50.0,49.684,49.684
738763,135900,2200.0,2025-09-21T11:50:42.409,50.0,49.684,49.684
738863,136000,2300.0,2025-09-21T11:50:42.509,50.0,49.684,49.684
738963,136100,2400.0,2025-09-21T11:50:42.609,50.0,49.684,49.684
739063,136200,2500.0,2025-09-21T11:50:42.710,50.0,49.666,49.666
739163,136300,2600.0,2025-09-21T11:50:42.809,50.0,49.666,49.666
739263,136400,2700.0,2025-09-21T11:50:42.909,50.0,50.044,50.044
739363,136500,2800.0,2025-09-21T11:50:43.009,50.0,49.632,49.632
739463,136600,2900.0,2025-09-21T11:50:43.109,50.0,49.632,49.632
739563,136700,3000.0,2025-09-21T11:50:43.209,50.0,49.615,49.615
739663,136800,3100.0,2025-09-21T11:50:43.309,50.0,49.615,49.615
739763,136900,3200.0,2025-09-21T11:50:43.409,50.0,49.615,49.615
739863,137000,3300.0,2025-09-21T11:50:43.510,50.0,49.632,49.632
739963,137100,3400.0,2025-09-21T11:50:43.610,50.0,49.615,49.615
740063,137200,3500.0,2025-09-21T11:50:43.709,50.0,49.632,49.632
740163,137300,3600.0,2025-09-21T11:50:43.809,50.0,49.632,49.632
740263,137400,3700.0,2025-09-21T11:50:43.910,50.0,49.632,49.632
740363,137500,3800.0,2025-09-21T11:50:44.009,50.0,49.684,49.684
740463,137600,3900.0,2025-09-21T11:50:44.109,50.0,49.632,49.632
740563,137700,4000.0,2025-09-21T11:50:44.210,50.0,49.632,49.632
740663,137800,4100.0,2025-09-21T11:50:44.309,50.0,49.632,49.632
740763,137900,4200.0,2025-09-21T11:50:44.410,50.0,49.615,49.615
740863,138000,4300.0,2025-09-21T11:50:44.509,50.0,49.632,49.632
740963,138100,4400.0,2025-09-21T11:50:44.609,50.0,49.632,49.632
741063,138200,4500.0,2025-09-21T11:50:44.709,50.0,49.615,49.615
741163,138300,4600.0,2025-09-21T11:50:44.809,50.0,49.632,49.632
741263,138400,4700.0,2025-09-21T11:50:44.909,50.0,49.615,49.615
741363,138500,4800.0,2025-09-21T11:50:45.009,50.0,49.615,49.615
741463,138600,4900.0,2025-09-21T11:50:45.109,50.0,49.632,49.632
741563,138700,5000.0,2025-09-21T11:50:45.208,50.0,49.615,49.615
741663,138800,5100.0,2025-09-21T11:50:45.308,50.0,49.632,49.632
741763,138900,5200.0,2025-09-21T11:50:45.409,50.0,49.615,49.615
741863,139000,5300.0,2025-09-21T11:50:45.508,50.0,49.632,49.632
741963,139100,5400.0,2025-09-21T11:50:45.608,50.0,49.632,49.632
742063,139200,5500.0,2025-09-21T11:50:45.708,50.0,49.632,49.632
742163,139300,5600.0,2025-09-21T11:50:45.809,50.0,49.632,49.632
742263,139400,5700.0,2025-09-21T11:50:45.909,50.0,49.632,49.632
742363,139500,5800.0,2025-09-21T11:50:46.010,50.0,49.632,49.632
742463,139600,5900.0,2025-09-21T11:50:46.110,50.0,49.666,49.666
742563,139700,6000.0,2025-09-21T11:50:46.209,50.0,50.044,50.044
742663,139800,6100.0,2025-09-21T11:50:46.310,50.0,50.044,50.044
742763,139900,6200.0,2025-09-21T11:50:46.409,50.0,49.666,49.666
742863,140000,6300.0,2025-09-21T11:50:46.509,50.0,50.044,50.044
742963,140100,6400.0,2025-09-21T11:50:46.609,50.0,50.044,50.044
743063,140200,6500.0,2025-09-21T11:50:46.709,50.0,50.044,50.044
743163,140300,6600.0,2025-09-21T11:50:46.809,50.0,50.044,50.044
743263,140400,6700.0,2025-09-21T11:50:46.910,50.0,50.044,50.044
743363,140500,6800.0,2025-09-21T11:50:47.010,50.0,49.632,49.632
743463,140600,6900.0,2025-09-21T11:50:47.109,50.0,49.615,49.615
743563,140700,7000.0,2025-09-21T11:50:47.209,50.0,49.615,49.615
743663,140800,7100.0,2025-09-21T11:50:47.309,50.0,49.615,49.615
743763,140900,7200.0,2025-09-21T11:50:47.410,50.0,50.044,50.044
743863,141000,7300.0,2025-09-21T11:50:47.509,50.0,49.632,49.632
743963,141100,7400.0,2025-09-21T11:50:47.609,50.0,49.632,49.632
744063,141200,7500.0,2025-09-21T11:50:47.709,50.0,50.044,50.044
744163,141300,7600.0,2025-09-21T11:50:47.809,50.0,49.632,49.632
744263,141400,7700.0,2025-09-21T11:50:47.909,50.0,49.632,49.632
744363,141500,7800.0,2025-09-21T11:50:48.009,50.0,49.615,49.615
744463,141600,7900.0,2025-09-21T11:50:48.109,50.0,49.632,49.632
744563,141700,8000.0,2025-09-21T11:50:48.210,50.0,49.632,49.632
744663,141800,8100.0,2025-09-21T11:50:48.309,50.0,49.632,49.632
744763,141900,8200.0,2025-09-21T11:50:48.409,50.0,49.632,49.632
744863,142000,8300.0,2025-09-21T11:50:48.509,50.0,49.632,49.632
744963,142100,8400.0,2025-09-21T11:50:48.609,50.0,49.632,49.632
745063,142200,8500.0,2025-09-21T11:50:48.709,50.0,49.615,49.615
745163,142300,8600.0,2025-09-21T11:50:48.809,50.0,49.632,49.632
745263,142400,8700.0,2025-09-21T11:50:48.909,50.0,49.615,49.615
745363,142500,8800.0,2025-09-21T11:50:49.009,50.0,49.632,49.632
745463,142600,8900.0,2025-09-21T11:50:49.109,50.0,49.615,49.615
745563,142700,9000.0,2025-09-21T11:50:49.209,50.0,49.615,49.615
745663,142800,9100.0,2025-09-21T11:50:49.309,50.0,49.615,49.615
745763,142900,9200.0,2025-09-21T11:50:49.409,50.0,49.992,49.992
745863,143000,9300.0,2025-09-21T11:50:49.509,50.0,49.615,49.615
745963,143100,9400.0,2025-09-21T11:50:49.609,50.0,49.615,49.615
746063,143200,9500.0,2025-09-21T11:50:49.709,50.0,49.615,49.615
746163,143300,9600.0,2025-09-21T11:50:49.809,50.0,49.615,49.615
746263,143400,9700.0,2025-09-21T11:50:49.909,50.0,49.615,49.615
746363,143500,9800.0,2025-09-21T11:50:50.009,50.0,49.666,49.666
746463,143600,9900.0,2025-09-21T11:50:50.109,50.0,49.666,49.666
746563,143700,10000.0,2025-09-21T11:50:50.209,50.0,49.666,49.666
746663,143800,10100.0,2025-09-21T11:50:50.309,50.0,49.666,49.666
746763,143900,10200.0,2025-09-21T11:50:50.409,50.0,49.666,49.666
746863,144000,10300.0,2025-09-21T11:50:50.509,50.0,49.649,49.649
746963,144100,10400.0,2025-09-21T11:50:50.609,50.0,49.666,49.666
747063,144200,10500.0,2025-09-21T11:50:50.709,50.0,49.649,49.649
747163,144300,10600.0,2025-09-21T11:50:50.809,50.0,49.666,49.666
747263,144400,10700.0,2025-09-21T11:50:50.909,50.0,49.666,49.666
747363,144500,10800.0,2025-09-21T11:50:51.009,50.0,49.666,49.666
747463,144600,10900.0,2025-09-21T11:50:51.109,50.0,49.649,49.649
747563,144700,11000.0,2025-09-21T11:50:51.209,50.0,49.649,49.649
747663,144800,11100.0,2025-09-21T11:50:51.309,50.0,49.649,49.649
747763,144900,11200.0,2025-09-21T11:50:51.409,50.0,49.649,49.649
747863,145000,11300.0,2025-09-21T11:50:51.509,50.0,49.649,49.649
747963,145100,11400.0,2025-09-21T11:50:51.609,50.0,49.666,49.666
748063,145200,11500.0,2025-09-21T11:50:51.709,50.0,49.649,49.649
748163,145300,11600.0,2025-09-21T11:50:51.808,50.0,49.649,49.649
762863,160000,0.0,2025-09-21T11:51:06.509,60.0,59.133,59.133
762963,160100,100.0,2025-09-21T11:51:06.609,60.0,58.722,58.722
763063,160200,200.0,2025-09-21T11:51:06.709,60.0,58.739,58.739
763163,160300,300.0,2025-09-21T11:51:06.809,60.0,58.739,58.739
763263,160400,400.0,2025-09-21T11:51:06.909,60.0,59.15,59.15
763363,160500,500.0,2025-09-21T11:51:07.009,60.0,59.15,59.15
763463,160600,600.0,2025-09-21T11:51:07.109,60.0,59.133,59.133
763563,160700,700.0,2025-09-21T11:51:07.209,60.0,59.133,59.133
763663,160800,800.0,2025-09-21T11:51:07.309,60.0,58.739,58.739
763763,160900,900.0,2025-09-21T11:51:07.409,60.0,58.739,58.739
763863,161000,1000.0,2025-09-21T11:51:07.509,60.0,58.722,58.722
763963,161100,1100.0,2025-09-21T11:51:07.609,60.0,58.739,58.739
764063,161200,1200.0,2025-09-21T11:51:07.709,60.0,58.756,58.756
764163,161300,1300.0,2025-09-21T11:51:07.810,60.0,58.739,58.739
764263,161400,1400.0,2025-09-21T11:51:07.909,60.0,58.704,58.704
764363,161500,1500.0,2025-09-21T11:51:08.009,60.0,58.722,58.722
764463,161600,1600.0,2025-09-21T11:51:08.109,60.0,58.722,58.722
764563,161700,1700.0,2025-09-21T11:51:08.209,60.0,58.722,58.722
764663,161800,1800.0,2025-09-21T11:51:08.309,60.0,59.133,59.133
764763,161900,1900.0,2025-09-21T11:51:08.410,60.0,58.756,58.756
764863,162000,2000.0,2025-09-21T11:51:08.509,60.0,58.756,58.756
764963,162100,2100.0,2025-09-21T11:51:08.609,60.0,58.773,58.773
765063,162200,2200.0,2025-09-21T11:51:08.710,60.0,58.773,58.773
765163,162300,2300.0,2025-09-21T11:51:08.809,60.0,58.773,58.773
765263,162400,2400.0,2025-09-21T11:51:08.910,60.0,58.756,58.756
765363,162500,2500.0,2025-09-21T11:51:09.009,60.0,58.773,58.773
765463,162600,2600.0,2025-09-21T11:51:09.108,60.0,58.773,58.773
765563,162700,2700.0,2025-09-21T11:51:09.209,60.0,58.756,58.756
765663,162800,2800.0,2025-09-21T11:51:09.309,60.0,58.773,58.773
765763,162900,2900.0,2025-09-21T11:51:09.409,60.0,58.773,58.773
765863,163000,3000.0,2025-09-21T11:51:09.509,60.0,58.773,58.773
765963,163100,3100.0,2025-09-21T11:51:09.609,60.0,58.756,58.756
766063,163200,3200.0,2025-09-21T11:51:09.709,60.0,58.756,58.756
766163,163300,3300.0,2025-09-21T11:51:09.809,60.0,59.167,59.167
766263,163400,3400.0,2025-09-21T11:51:09.909,60.0,59.167,59.167
766363,163500,3500.0,2025-09-21T11:51:10.009,60.0,59.167,59.167
766463,163600,3600.0,2025-09-21T11:51:10.109,60.0,59.167,59.167
766563,163700,3700.0,2025-09-21T11:51:10.210,60.0,59.167,59.167
766663,163800,3800.0,2025-09-21T11:51:10.309,60.0,59.15,59.15
766763,163900,3900.0,2025-09-21T11:51:10.409,60.0,58.79,58.79
766863,164000,4000.0,2025-09-21T11:51:10.509,60.0,58.756,58.756
766963,164100,4100.0,2025-09-21T11:51:10.609,60.0,58.756,58.756
767063,164200,4200.0,2025-09-21T11:51:10.709,60.0,59.15,59.15
767163,164300,4300.0,2025-09-21T11:51:10.809,60.0,58.756,58.756
767263,164400,4400.0,2025-09-21T11:51:10.909,60.0,58.756,58.756
767363,164500,4500.0,2025-09-21T11:51:11.009,60.0,58.773,58.773
767463,164600,4600.0,2025-09-21T11:51:11.110,60.0,59.167,59.167
767563,164700,4700.0,2025-09-21T11:51:11.209,60.0,59.167,59.167
767663,164800,4800.0,2025-09-21T11:51:11.309,60.0,58.773,58.773
767763,164900,4900.0,2025-09-21T11:51:11.409,60.0,58.773,58.773
767863,165000,5000.0,2025-09-21T11:51:11.509,60.0,58.79,58.79
767963,165100,5100.0,2025-09-21T11:51:11.609,60.0,59.167,59.167
768063,165200,5200.0,2025-09-21T11:51:11.709,60.0,58.756,58.756
768163,165300,5300.0,2025-09-21T11:51:11.809,60.0,59.15,59.15
768263,165400,5400.0,2025-09-21T11:51:11.909,60.0,58.773,58.773
768363,165500,5500.0,2025-09-21T11:51:12.009,60.0,59.15,59.15
768463,165600,5600.0,2025-09-21T11:51:12.109,60.0,58.739,58.739
768563,165700,5700.0,2025-09-21T11:51:12.209,60.0,58.773,58.773
768663,165800,5800.0,2025-09-21T11:51:12.309,60.0,59.167,59.167
768763,165900,5900.0,2025-09-21T11:51:12.410,60.0,59.15,59.15
768863,166000,6000.0,2025-09-21T11:51:12.509,60.0,58.773,58.773
768963,166100,6100.0,2025-09-21T11:51:12.609,60.0,59.15,59.15
769063,166200,6200.0,2025-09-21T11:51:12.709,60.0,59.15,59.15
769163,166300,6300.0,2025-09-21T11:51:12.809,60.0,58.739,58.739
769263,166400,6400.0,2025-09-21T11:51:12.909,60.0,58.739,58.739
769363,166500,6500.0,2025-09-21T11:51:13.009,60.0,58.739,58.739
769463,166600,6600.0,2025-09-21T11:51:13.109,60.0,58.739,58.739
769563,166700,6700.0,2025-09-21T11:51:13.209,60.0,58.739,58.739
769663,166800,6800.0,2025-09-21T11:51:13.309,60.0,58.739,58.739
769763,166900,6900.0,2025-09-21T11:51:13.408,60.0,58.739,58.739
769863,167000,7000.0,2025-09-21T11:51:13.509,60.0,58.739,58.739
769963,167100,7100.0,2025-09-21T11:51:13.609,60.0,58.739,58.739
770063,167200,7200.0,2025-09-21T11:51:13.709,60.0,58.739,58.739
770163,167300,7300.0,2025-09-21T11:51:13.809,60.0,59.133,59.133
770263,167400,7400.0,2025-09-21T11:51:13.909,60.0,58.773,58.773
770363,167500,7500.0,2025-09-21T11:51:14.009,60.0,59.15,59.15
770463,167600,7600.0,2025-09-21T11:51:14.109,60.0,58.756,58.756
770563,167700,7700.0,2025-09-21T11:51:14.209,60.0,58.773,58.773
770663,167800,7800.0,2025-09-21T11:51:14.309,60.0,59.167,59.167
770763,167900,7900.0,2025-09-21T11:51:14.402,60.0,0.806,0.806
770863,168000,8000.0,2025-09-21T11:51:14.502,60.0,0.806,0.806
770963,168100,8100.0,2025-09-21T11:51:14.602,60.0,0.806,0.806
771063,168200,8200.0,2025-09-21T11:51:14.703,60.0,0.806,0.806
771163,168300,8300.0,2025-09-21T11:51:14.809,60.0,59.202,59.202
771263,168400,8400.0,2025-09-21T11:51:14.909,60.0,58.79,58.79
771363,168500,8500.0,2025-09-21T11:51:15.009,60.0,58.79,58.79
771463,168600,8600.0,2025-09-21T11:51:15.109,60.0,58.79,58.79
771563,168700,8700.0,2025-09-21T11:51:15.209,60.0,58.79,58.79
771663,168800,8800.0,2025-09-21T11:51:15.309,60.0,59.219,59.219
771763,168900,8900.0,2025-09-21T11:51:15.409,60.0,58.807,58.807
771863,169000,9000.0,2025-09-21T11:51:15.509,60.0,59.219,59.219
771963,169100,9100.0,2025-09-21T11:51:15.609,60.0,58.807,58.807
772063,169200,9200.0,2025-09-21T11:51:15.708,60.0,59.219,59.219
772163,169300,9300.0,2025-09-21T11:51:15.809,60.0,59.219,59.219
772263,169400,9400.0,2025-09-21T11:51:15.909,60.0,59.219,59.219
772363,169500,9500.0,2025-09-21T11:51:16.009,60.0,58.859,58.859
772463,169600,9600.0,2025-09-21T11:51:16.108,60.0,58.859,58.859
772563,169700,9700.0,2025-09-21T11:51:16.208,60.0,58.859,58.859
772663,169800,9800.0,2025-09-21T11:51:16.309,60.0,58.859,58.859
772763,169900,9900.0,2025-09-21T11:51:16.402,60.0,0.806,0.806
772863,170000,10000.0,2025-09-21T11:51:16.502,60.0,0.806,0.806
772963,170100,10100.0,2025-09-21T11:51:16.609,60.0,58.859,58.859
773063,170200,10200.0,2025-09-21T11:51:16.708,60.0,58.859,58.859
773163,170300,10300.0,2025-09-21T11:51:16.808,60.0,58.859,58.859
773263,170400,10400.0,2025-09-21T11:51:16.909,60.0,58.859,58.859
773363,170500,10500.0,2025-09-21T11:51:17.009,60.0,59.219,59.219
773463,170600,10600.0,2025-09-21T11:51:17.109,60.0,58.842,58.842
773563,170700,10700.0,2025-09-21T11:51:17.208,60.0,58.842,58.842
773663,170800,10800.0,2025-09-21T11:51:17.302,60.0,0.806,0.806
773763,170900,10900.0,2025-09-21T11:51:17.402,60.0,0.806,0.806
773863,171000,11000.0,2025-09-21T11:51:17.502,60.0,0.806,0.806
773963,171100,11100.0,2025-09-21T11:51:17.602,60.0,0.806,0.806
774063,171200,11200.0,2025-09-21T11:51:17.703,60.0,0.806,0.806
774163,171300,11300.0,2025-09-21T11:51:17.803,60.0,0.806,0.806
774263,171400,11400.0,2025-09-21T11:51:17.902,60.0,0.806,0.806
774363,171500,11500.0,2025-09-21T11:51:18.008,60.0,58.859,58.859
774463,171600,11600.0,2025-09-21T11:51:18.109,60.0,58.859,58.859
774563,171700,11700.0,2025-09-21T11:51:18.208,60.0,59.27,59.27
774663,171800,11800.0,2025-09-21T11:51:18.309,60.0,59.27,59.27
774763,171900,11900.0,2025-09-21T11:51:18.408,60.0,58.876,58.876
